2018-03-11 23:59:25,b'The biggest room in the world\xe2\x80\xa6 is the room for improvement. #WednesdayWisdom \n\nhttps://t.co/uYa61lbnKX'
2018-03-11 23:58:17,b'https://t.co/vBxnI8Nmee\nCreate Your Opportunity!\n#wednesdaywisdom\n#wealthtrending https://t.co/PcK3lesQSD'
2018-03-11 23:44:05,b'@DancingFlorist @rpuAFO Thanks for chance to #Win these #Chocolate #EasterEggs goodies in your #WednesdayWisdom #Giveaway \xf0\x9f\x8d\xab\xf0\x9f\x90\xa3\xf0\x9f\x90\xb0\xf0\x9f\x8c\xbc\xf0\x9f\x8c\xb8'
2018-03-11 23:37:25,b'The choices you make today will be your biography tomorrow. - James Altucher  #quote #wednesdaywisdom https://t.co/fHdQiH3xJg'
2018-03-11 23:29:21,b'The walls we build around us to keep sadness out also keep out the joy. - Jim Rohn #quote #WednesdayWisdom https://t.co/VfBXFVywrU'
2018-03-11 23:25:34,"b'Are you available for lunch for some #WednesdayWisdom? Join me for my FREE ""Lunch with My Life Coach"" #mentoring se\xe2\x80\xa6 https://t.co/p6w39ke6yg'"
2018-03-11 23:00:10,b'Brand #New Secret #Brain System - #Watch #Video #WednesdayWisdom https://t.co/vN6UFdyON2 https://t.co/aivXaKUcpi'
2018-03-11 22:58:21,b'The best goal is one you feel in your soul. - Tim Fargo #quote #WednesdayWisdom https://t.co/orTKn2Cv2G'
2018-03-11 22:54:21,b'The most common reason for drowning in doubt is sinking into negative thinking. - Tim Fargo #wednesdaywisdom https://t.co/WARd3xkwFV'
2018-03-11 22:49:19,b'You teach people how to treat you. #WednesdayWisdom\n\nvia TonyGaskins\n\nhttps://t.co/t6RzzN3T0U #WednesdayWisdom\xe2\x80\xa6 https://t.co/gPZTJGpi8j'
2018-03-11 22:32:27,b'Great acheivement always requires great sacrifice. #quote #image #WednesdayWisdom https://t.co/qHMDNmDxco'
2018-03-11 22:30:09,b'Reposting @yanniskent:\n#life #quotes #tryharder or #walkaway\n#ThinkBIGSundayWithMarsha #InspireThemRetweetTuesday\xe2\x80\xa6 https://t.co/vbzSGkwrXB'
2018-03-11 22:19:33,"b'#StopGunViolenceAct\xf0\x9f\x92\xaa\xf0\x9f\x87\xba\xf0\x9f\x87\xb8#2AShallNotBeInfringed!!!!!!!\n@POTUS:This ""Act"" Is Amazing!! #MAGA2018\xf0\x9f\x9b\xa1\xef\xb8\x8ffor American Kids,DC!\xe2\x80\xa6 https://t.co/lEzTeRZMMg'"
2018-03-11 22:16:51,"b'We are all born equal, but where we are in life not is our own making #WednesdayWisdom'"
2018-03-11 22:10:21,b'The biggest room in the world\xe2\x80\xa6 is the room for improvement. #WednesdayWisdom \n\nhttps://t.co/fqvDEiQ8Ay'
2018-03-11 21:59:35,"b'My failure gave me strength, my pain was my motivation. - Michael Jordan #WednesdayWisdom\n\nhttps://t.co/6nkOS9DWO0'"
2018-03-11 21:56:21,"b""If you think you'll laugh about it someday, go ahead and start today. - Tim Fargo #quote #wednesdaywisdom https://t.co/7dqBjNPMWN"""
2018-03-11 21:43:50,b'Buy at https://t.co/idkTifjRwa  #WednesdayWisdom #bracelets #charmingsilverjn #braceletsfantaisie #fashion\xe2\x80\xa6 https://t.co/cXh7PKW3Fl'
2018-03-11 21:41:26,b'The choices you make today will be your biography tomorrow. - @jaltucher  #quote #WednesdayWisdom https://t.co/JVz5JJOO5R'
2018-03-11 21:40:42,b'Experience is simply the name we give our mistakes. - Oscar Wilde #quote #WednesdayWisdom https://t.co/sCAn2IiR2p'
2018-03-11 21:39:20,b'Never #blame \n#happiness \n#LessonsLearned \n#experience \n#memories \n#WednesdayWisdom\n#ThinkBIGSundayWithMarsha https://t.co/A4uTE7Qrt8'
2018-03-11 21:29:25,b'Headed to the top? Be prepared to do some things people will hate.... \n\n#wednesdaywisdom via @jaltucher https://t.co/imL4qCZHyu'
2018-03-11 21:27:32,b'Jealousy is a good indication that you are doing things the right way... - Morgan Freeman #wednesdaywisdom https://t.co/hf64lcMHcc'
2018-03-11 21:26:58,"b'Be #offended by #war, #poverty, #Injustice...\n#WednesdayWisdom \n#sundaymotivation\n#thingsicantaccept\xe2\x80\xa6 https://t.co/ElW6iRBwpi'"
2018-03-11 21:26:44,b'@JoeyKingActress needs to bring back #WednesdayWisdom to @Snapchat'
2018-03-11 21:00:06,"b'Reposting @djaliphilly:\nOn my way to Success, Always. What about you? #positivevibes #success #motivation\xe2\x80\xa6 https://t.co/Jghkfggqhr'"
2018-03-11 20:57:28,"b'Don\xe2\x80\x99t count the days, make the days count. - Muhammad Ali #inspiration #WednesdayWisdom \n\nhttps://t.co/zXmjm9Ta7O'"
2018-03-11 20:43:26,"b'Surround yourself with people who have ambitious plans, meaningful purposes, and big goals. #WednesdayWisdom https://t.co/JCAlsz6OAS'"
2018-03-11 20:29:22,"b""Don't envy what people have, emulate what they did to have it. - Tim Fargo #quote #WednesdayWisdom https://t.co/2UU6jJ0vZK"""
2018-03-11 20:28:38,b'On a brief afternoon walkabout as I will be off the grid Although my snapshot produced for me by @paper_li will be\xe2\x80\xa6 https://t.co/MpZbT0DS2D'
2018-03-11 20:27:01,b'Take time for yourself...\nYOU are #important\n\nvia @StressFreeKids\n\n#ThinkBIGSundayWithMarsha\xe2\x80\xa6 https://t.co/KEANylQOIt'
2018-03-11 20:23:41,b'Let your #smile be the first thing your #kids see when they walk in the door\n\nvia @StressFreeKids\xe2\x80\xa6 https://t.co/R5tPRFLCS7'
2018-03-11 20:22:34,b'ENDS SOON! BID NOW! #TexasInstruments TI-30XA Scientific #Calculator Cover &amp; Batteries #Deal #Math #Accounting\xe2\x80\xa6 https://t.co/4qFLlAA7Pb'
2018-03-11 20:18:09,b'Reposting @egtours:\nTake an #egtgolftour #scotland play #standrews #jubilee #scottish #linksgolfcourse\xe2\x80\xa6 https://t.co/cCx18qln7d'
2018-03-11 20:14:15,b'Difficult roads often lead to beautiful destinations. - #quote #WednesdayWisdom\n\nhttps://t.co/2DA7BgSvy9'
2018-03-11 20:06:54,b'#Hugging is a #silent way of saying you #matter\n\nvia @StressFreeKids\n\n#ThinkBIGSundayWithMarsha\xe2\x80\xa6 https://t.co/PQx8bzxtpJ'
2018-03-11 20:03:39,"b'I may not be there yet, but I\xe2\x80\x99m closer than I was yesterday. - unknown #WednesdayWisdom\n\nhttps://t.co/7FDaH2U0nd'"
2018-03-11 19:59:59,b'Poverty is the worst form of violence. - Gandhi #quote #wednesdaywisdom https://t.co/Xk7J1XAZK8'
2018-03-11 19:55:45,b'Sapiens: A Brief History of Humankind by Yuval Noah Harari https://t.co/KU0YGOCRzb via @amazon\n#Nonfiction\xe2\x80\xa6 https://t.co/56X3cOABTN'
2018-03-11 19:53:21,"b'Forget your weaknesses, increase your strengths and be the most awesome you, that you can be. #wednesdaywisdom\xe2\x80\xa6 https://t.co/OJE999Jomw'"
2018-03-11 19:46:48,"b""#GrabThemByTheMidTerms! It's up to us to #getoutandvote! We need #change but we have to #MAKEithappen!\xe2\x80\xa6 https://t.co/g6tlW9F2Ro"""
2018-03-11 19:39:01,"b""We need the ocean more than the ocean needs us. That's why when we hurt the ocean through climate change, overfishi\xe2\x80\xa6 https://t.co/2nEyVPy12f"""
2018-03-11 19:32:18,"b'""Positive anything is better than negative nothing."" -Elbert Hubbard  #LifeLesson #Quotes #WednesdayWisdom'"
2018-03-11 19:31:25,b'Silence is a powerful weapon!  #WednesdayWisdom\n\nhttps://t.co/9U455iRwVc'
2018-03-11 19:16:29,b'Love is what we were born with. Fear is what we learned here. #wednesdaywisdom https://t.co/xlueryh3iY'
2018-03-11 19:08:11,b'Mercato Centrale is the perfect place to eat &amp; drink in Florence. \nhttps://t.co/drnzzQ2d8N\n\n#Florence #TravelTips #WednesdayWisdom'
2018-03-11 19:04:00,"b'We all start somewhere! After @Oprah shared how she got started, Daily Blast Live co-hosts @aljackson, @EricaCobb,\xe2\x80\xa6 https://t.co/UYHXa0MCJ3'"
2018-03-11 19:02:29,"b""It's true that life is the journey, not the destination... - Tim Fargo #quote #wednesdaywisdom https://t.co/CU4VXXu0JC"""
2018-03-11 19:00:35,b'Battle Of The Gaffers - Sheffield Wednesday v Ipswich #wednesdaywisdom https://t.co/WJkzCF5gGT - Learn More https://t.co/Jg7YMxVuYP'
2018-03-11 18:32:24,"b""You'll never have a better chance of success than the odds you give yourself. - Tim Fargo #WednesdayWisdom https://t.co/EdWTXOUmzd"""
2018-03-11 18:29:17,"b""Let's do it today - we are all one step closer to our goals. #WednesdayWisdom \n\nhttps://t.co/0Inw5KjHC7"""
2018-03-11 18:25:37,b'Buy at https://t.co/qoVbjuyvIq  #WednesdayWisdom #bracelets #charmingsilverjn #braceletsfantaisie #fashion\xe2\x80\xa6 https://t.co/RmSzMGLmzU'
2018-03-11 18:04:00,b'Filmcast Ep. 457 - Red Sparrow https://t.co/wHTBzmOVDW #RedSparrow #RedSparrowMovie #JenniferLawrence #filmcast\xe2\x80\xa6 https://t.co/JNtnQxPXlk'
2018-03-11 17:59:42,"b'Remember that failure is not the opposite of success, it is part of success. #WednesdayWisdom\nvia @TamaraMcCleary\n\nhttps://t.co/cHnWsMXDsA'"
2018-03-11 17:58:24,b'@AquariumCOW Very wise #wednesdaywisdom :)'
2018-03-11 17:49:48,b'@DancingFlorist @rpuAFO Cracking prize! #WednesdayWisdom'
2018-03-11 17:49:17,b'The best goal is one you feel in your soul. - Tim Fargo #quote #WednesdayWisdom https://t.co/99uSIDsrH3'
2018-03-11 17:45:25,"b'Every time you subtract negative from your life, you make room for more positive. - Thurka #quote\xe2\x80\xa6 https://t.co/79YWDO5cSC'"
2018-03-11 17:42:46,b'@RealLifeOnline1 Very wise #wednesdaywisdom :)'
2018-03-11 17:35:03,b'spouse cheating \xf0\x9f\x91\x89https://t.co/HVOBOnbOtw \xf0\x9f\x91\x88\xf0\x9f\x92\x9d\xf0\x9f\x91\xa8\xe2\x80\x8d\xe2\x9d\xa4\xe2\x80\x8d\xf0\x9f\x92\x8b\xe2\x80\x8d\xf0\x9f\x91\xa8\xf0\x9f\x8f\x83\xe2\x80\x8d\xe2\x99\x82\xf0\x9f\x93\xa5#CatchACheatingLover #Love #WorldStar #WednesdayWisdom #Truth\xe2\x80\xa6 https://t.co/TgpvYgsL8k'
2018-03-11 17:31:34,"b""No more empty promises! Don't just dream of a better life; wake up and LIVE it! - @SteveMaraboli #WednesdayWisdom\n\nhttps://t.co/bVjRUBwIwC"""
2018-03-11 17:16:48,b'@AquariumCOW Very wise #wednesdaywisdom :)'
2018-03-11 17:05:33,"b'Forget your weaknesses, increase your strengths and be the most awesome you, that you can be. #wednesdaywisdom https://t.co/BjOttz7Kqp'"
2018-03-11 17:02:29,b'If you could kick the person in the pants... -Theodore Roosevelt #WednesdayWisdom https://t.co/6RyCgbpzuI'
2018-03-11 16:58:26,b'Life\xe2\x80\x99s blows cannot break a person whose spirit... - Norman Vincent Peale #quote #WednesdayWisdom #WednesdayWisdom\xe2\x80\xa6 https://t.co/oSRaOizThW'
2018-03-11 16:55:04,b'The Dinner Date #WednesdayWisdom https://t.co/ZxGj8MFe3S #motivation #selfhelp #lifegoals'
2018-03-11 16:53:36,b'360 Mickey Star Wars Aquarium - YouTube : https://t.co/eLKmISbWXN #WednesdayWisdom'
2018-03-11 16:29:16,"b'Surround yourself with people who have ambitious plans, meaningful purposes, and big goals.  #wednesdaywisdom https://t.co/QC3Tb6zy3K'"
2018-03-11 16:25:20,b'#wednesdaywisdom\n#WednesdayMotivation Love It @Oprah\n\nHe has spoken! https://t.co/SnN5Wq17mw via @HuffPostComedy'
2018-03-11 16:21:17,"b""Don't envy what people have, emulate what they did to have it. - Tim Fargo #quote #WednesdayWisdom https://t.co/Z7Fz9o88uT"""
2018-03-11 15:59:27,b'Love is what we were born with. Fear is what we learned here. #wednesdaywisdom https://t.co/2rG9gGBBpP'
2018-03-11 15:54:03,"b'""I dislike having my work categorized &amp; labeled. I create the work that feels the most compelling to me at the time\xe2\x80\xa6 https://t.co/nLZq4s3xkj'"
2018-03-11 15:39:19,"b'Are you looking for some #WednesdayWisdom? Join me for my FREE ""Lunch with My Life Coach"" #mentoring series. We mee\xe2\x80\xa6 https://t.co/n2fZCjtciz'"
2018-03-11 15:38:20,b'If you are always trying to be normal... - Maya Angelou #WednesdayWisdom\n\nhttps://t.co/unr69sex1e'
2018-03-11 15:35:11,b'@AllenSawan Very wise #wednesdaywisdom :)'
2018-03-11 15:28:24,b'Love is what we were born with. Fear is what we learned here. - @marwilliamson #WednesdayWisdom https://t.co/KNfXfaDjOt'
2018-03-11 15:25:22,"b""You'll never have a better chance of success than the odds you give yourself. - Tim Fargo #WednesdayWisdom https://t.co/q3kyakOLLt"""
2018-03-11 15:18:07,b'The latest The ECM Electrical Ltd Daily! https://t.co/lIeWsdUV6Q Thanks to @1jeremyfield @HansonSearch @PossCon2018 #wednesdaywisdom'
2018-03-11 15:17:43,b'When the #heart #speaks...\nTake good #notes!\n#WednesdayWisdom\n#ThinkBIGSundayWithMarsha https://t.co/1pOuQeNGUy'
2018-03-11 15:02:13,"b'You only live once, but if you do it right, once is enough. - Mae West #quote #WednesdayWisdom https://t.co/DYTUTyamP2'"
2018-03-11 14:55:10,b'Buy at https://t.co/Paj9sT5WFY  #WednesdayWisdom #bracelets #charmingsilverjn #braceletsfantaisie #fashion\xe2\x80\xa6 https://t.co/yP4QBMges8'
2018-03-11 14:54:33,"b'I may not be there yet, but I\xe2\x80\x99m closer than I was yesterday. - unknown #WednesdayWisdom\n\nhttps://t.co/QGjb9EfSQg'"
2018-03-11 14:53:32,b'@PareshaPraying Very wise #wednesdaywisdom :)'
2018-03-11 14:42:12,b'@everymanager Very wise #wednesdaywisdom :)'
2018-03-11 14:38:13,b'@everymanager Very wise #wednesdaywisdom :)'
2018-03-11 14:30:30,"b'Every time you subtract negative from your life, you make room for more positive. - Thurka #quote\xe2\x80\xa6 https://t.co/pQJ8DiljWD'"
2018-03-11 14:29:28,b'The greatest gap in life is the gap between knowing and doing. - @JohnCMaxwell #wednesdaywisdom https://t.co/2d73m7DXtp'
2018-03-11 14:16:47,b'Love filled #parenting leads to loved filled #children\n\nvia @StressFreeKids\n\n#ThinkBIGSundayWithMarsha\xe2\x80\xa6 https://t.co/NmGVXuFZKb'
2018-03-11 14:10:21,b'The greatest gap in life is the gap between knowing and doing. - @JohnCMaxwell #wednesdaywisdom https://t.co/4CoWfftu8e'
2018-03-11 14:10:20,b'Make sure your #kids know they are worthy of #LOVE!\n\nvia @StressFreeKids\n\n#ThinkBIGSundayWithMarsha\xe2\x80\xa6 https://t.co/OGgjcNmlf6'
2018-03-11 14:09:27,b'Nice chat with @the_bettylee about #NYCCoop costs for her #WednesdayWisdom  https://t.co/sEu8RljRZe https://t.co/dQqb4o3CeR'
2018-03-11 14:07:54,b'Show #children the #path of #Peace &amp; #Love\n\nvia @StressFreeKids\n\n#ThinkBIGSundayWithMarsha\xe2\x80\xa6 https://t.co/e4Kn79cuu4'
2018-03-11 14:07:23,b'Love is what we were born with. Fear is what we learned here. - @marwilliamson #WednesdayWisdom https://t.co/30u5szaitA'
2018-03-11 14:02:01,"b'#TruthMatters, Tone Matters, Words Matter \n#WednesdayWisdom\n#Catholic\nhttps://t.co/9ylrqM17Nk via @ToupsFamily'"
2018-03-11 13:59:42,b'We must find time to stop and thank the people who make a difference in our lives- #JFK #WednesdayWisdom https://t.co/fAAwjgCfZu'
2018-03-11 13:47:21,"b""Don't cage yourself in...  #WednesdayWisdom\nhttps://t.co/HjAN3iLOpN https://t.co/JnlTIfM51x"""
2018-03-11 13:36:30,b'The most common reason for drowning in doubt is sinking into negative thinking. - Tim Fargo  #WednesdayWisdom\xe2\x80\xa6 https://t.co/MejPEAiWMh'
2018-03-11 13:30:27,b'Reposting @princessofwallstreet_:\nSilence speaks volumes!\n#quote #MakeYourOwnLane #Defstar5 #MondayMotivation\xe2\x80\xa6 https://t.co/guKqIxHf6d'
2018-03-11 13:29:23,b'The most common reason for drowning in doubt is sinking into negative thinking. - Tim Fargo #wednesdaywisdom https://t.co/OFv8H9Sq9n'
2018-03-11 13:28:20,b'Poverty is the worst form of violence. - Gandhi #quote #wednesdaywisdom https://t.co/oVgc6U5Yke'
2018-03-11 13:27:25,"b'If you can\'t fly, then run. If you can\'t run, then walk....- Martin Luther King Jr. #quote #WednesdayWisdom\n\nhttps://t.co/DvlXoQzidh""'"
2018-03-11 13:24:17,b'#Gratitude changes everything\n\nvia @ShanghaiBean\n\n#ThinkBIGSundayWithMarsha\n#InspireThemRetweetTuesday\n#Life\xe2\x80\xa6 https://t.co/7SvLROjgA8'
2018-03-11 13:21:25,"b""You'll never have a better chance of success than the odds you give yourself. - Tim Fargo #WednesdayWisdom https://t.co/nL1RZMfWNi"""
2018-03-11 13:21:08,b'Live each day with a #thankful #heart \xe2\x9d\xa4\xef\xb8\x8f\n\nvia @ShanghaiBean\n\n#ThinkBIGSundayWithMarsha\n#InspireThemRetweetTuesday\xe2\x80\xa6 https://t.co/gAvHYdvX9H'
2018-03-11 13:17:42,"b'#Heaven on #Earth is a #choice you must make, not a place you must find\n\nvia @ShanghaiBean\xe2\x80\xa6 https://t.co/FmnwirqGgU'"
2018-03-11 13:17:16,b'@eldiablo0786 @ShanghaiBean Very wise #wednesdaywisdom :)'
2018-03-11 13:14:14,b'No #gesture is too #small when done with #gratitude \n\nvia @ShanghaiBean\n\n#ThinkBIGSundayWithMarsha\xe2\x80\xa6 https://t.co/pa8hNLDul3'
2018-03-11 13:05:35,b'Do you want to be rich? Count your #blessings\n\nvia @ShanghaiBean\n\n#ThinkBIGSundayWithMarsha\xe2\x80\xa6 https://t.co/Rv7BR95eJB'
2018-03-11 13:01:13,b'Sheffield Wednesday could pull off major transfer bargain because of this clause #wednesdaywisdom\xe2\x80\xa6 https://t.co/uFlEBmiJY2'
2018-03-11 12:56:17,"b'Forget your weaknesses, increase your strengths and be the most awesome you, that you can be. #wednesdaywisdom https://t.co/OSUKTISI6F'"
2018-03-11 12:52:36,b'All of our #dreams come true - if we have the #courage to pursue them\n\nvia @ShanghaiBean\n\n#ThinkBIGSundayWithMarsha\xe2\x80\xa6 https://t.co/gvUuulCsCE'
2018-03-11 12:44:32,b'A man sees in the #world what he #carries in his #heart\n\nvia @ShanghaiBean\n\n#ThinkBIGSundayWithMarsha\xe2\x80\xa6 https://t.co/rcFCm7tzb1'
2018-03-11 12:43:38,"b'You only live once, but if you do it right, once is enough. - Mae West #quote #WednesdayWisdom https://t.co/qwN2EAvabn'"
2018-03-11 12:31:12,b'Courage is refusing to be a slave to fear. - @LollyDaskal #quote #wednesdaywisdom https://t.co/jbK7uXpPus'
2018-03-11 12:03:12,b'Difficult roads often lead to beautiful destinations. - #quote #WednesdayWisdom\n\nhttps://t.co/xaQJRKBDlV'
2018-03-11 12:02:19,b'Taking a step back can often be the quickest way forward. - Tim Fargo #quote #wednesdaywisdom https://t.co/MEy5crMeXC'
2018-03-11 12:00:30,"b'Mansfield Town v Lincoln City - Match preview, predictions, statistics and form #wednesdaywisdom\xe2\x80\xa6 https://t.co/CbQhVE3KcV'"
2018-03-11 11:59:05,b'Connect here: https://t.co/F8CZgBKmCZ https://t.co/KP6CPOT2PT \nhttps://t.co/sASaTFjXhF @NewAppleAwards\n#ASMSG\xe2\x80\xa6 https://t.co/uLz9HxykD6'
2018-03-11 11:54:06,b'Success starts with the decision to try. #WednesdayWisdom https://t.co/fo80hZRdZW'
2018-03-11 11:30:06,b'Reposting @theodore_henderson:\nAre you using this power combination? #success #wisdom #quotes\xe2\x80\xa6 https://t.co/bzHhinrRsX'
2018-03-11 11:29:30,b'Experience is simply the name we give our mistakes. - Oscar Wilde #quote #WednesdayWisdom https://t.co/UvtGf4hKiy'
2018-03-11 11:16:17,b'Silence is a powerful weapon!  #WednesdayWisdom\n\nhttps://t.co/LzRWYS0lrO'
2018-03-11 11:13:13,b'Buy at https://t.co/JNjNjokzFR  #WednesdayWisdom #bracelets #charmingsilverjn #braceletsfantaisie #fashion\xe2\x80\xa6 https://t.co/FWUiR7C1W5'
2018-03-11 11:03:27,b'Poverty is the worst form of violence. - Gandhi #quote #wednesdaywisdom https://t.co/P0d8C90yQH'
2018-03-11 11:01:07,b'Good morning #WeekendHour Are you looking for a new #website but not sure where to start? \nWe suggest giving us a c\xe2\x80\xa6 https://t.co/8uxw5VRE7b'
2018-03-11 11:00:25,b'Vital MotM v. Sheffield Wednesday - Scott Carson #wednesdaywisdom https://t.co/IlwNlcS4pw - get content from: https://t.co/0ihj9YHO4T'
2018-03-11 10:54:23,b'Great acheivement always requires great sacrifice. #quote #image #WednesdayWisdom  #WednesdayWisdom #Motivation\xe2\x80\xa6 https://t.co/a97TEPvbuV'
2018-03-11 10:32:29,"b'Don\xe2\x80\x99t count the days, make the days count. - Muhammad Ali #inspiration #WednesdayWisdom \n\nhttps://t.co/G9VwHJaZG8'"
2018-03-11 10:31:54,b'@AllenSawan @SteveMaraboli Very wise #wednesdaywisdom :)'
2018-03-11 10:29:14,"b'What you choose today will determine who you are tomorrow. - Tim Fargo #WednesdayWisdom\n\nhttps://t.co/5EHN6x9QtF""'"
2018-03-11 10:00:51,b'What advice would you give to #startups or #smallbiz?\nWe asked our founder @strillozzi &amp; this is what he had to say\xe2\x80\xa6 https://t.co/OJQTXHREey'
2018-03-11 10:00:38,b'Try turning off your mobile data when you\xe2\x80\x99re not using it. You may cut back enough to move to a cheaper plan. Find\xe2\x80\xa6 https://t.co/UwUP4BBvHY'
2018-03-11 10:00:21,b'@AllenSawan Very wise #wednesdaywisdom :)'
2018-03-11 09:34:15,b'I have decided to stick with love. Hate is too great a burden to bear.- Martin Luther King #wednesdaywisdom https://t.co/0a1fhORMqY'
2018-03-11 09:29:17,"b'Surround yourself with people who have ambitious plans, meaningful purposes, and big goals. #WednesdayWisdom https://t.co/jbbair6dx1'"
2018-03-11 09:22:49,b'@AllenSawan Very wise #wednesdaywisdom :)'
2018-03-11 09:14:33,b'@DianneD03113533 Very wise #wednesdaywisdom :)'
2018-03-11 09:04:19,"b'""For me, success is finding that happy medium between work and home life. It\'s being able to make a difference...wh\xe2\x80\xa6 https://t.co/uyFvrzdA81'"
2018-03-11 09:02:23,b'You teach people how to treat you. #WednesdayWisdom\n\nvia TonyGaskins\n\nhttps://t.co/OqQdXFnzZF'
2018-03-11 08:58:22,b'https://t.co/vBxnI8Nmee\nCreate Your Opportunity!\n#wednesdaywisdom\n#wealthtrending https://t.co/VlIDBENuBe'
2018-03-11 08:51:23,b'Experience is simply the name we give our mistakes. - Oscar Wilde #quote #WednesdayWisdom https://t.co/FlRXciZe7g'
2018-03-11 08:44:07,b'Healthy Habits. #WednesdayWisdom #quotes #qotd #yoga #healthy by #iAmRajviShah https://t.co/jsttt6rkbc'
2018-03-11 08:34:28,b'The most common reason for drowning in doubt is sinking into negative thinking. - Tim Fargo  #WednesdayWisdom https://t.co/Qcd8dPslfb'
2018-03-11 08:28:25,b'Jealousy is a good indication that you are doing things the right way... - Morgan Freeman #wednesdaywisdom https://t.co/mUcZkkOhoV'
2018-03-11 08:07:27,"b""No more empty promises! Don't just dream of a better life; wake up and LIVE it! - @SteveMaraboli #WednesdayWisdom\n\nhttps://t.co/3SKWCTxFp4"""
2018-03-11 08:02:55,b'Life\xe2\x80\x99s blows cannot break a person whose spirit... - Norman Vincent Peale #quote #WednesdayWisdom https://t.co/5ZQHM58CV3'
2018-03-11 08:01:00,"b'When you stop expecting people to be perfect, you can like them for who they are. - Donald Miller\xe2\x80\xa6 https://t.co/ZSpPRu1z3V'"
2018-03-11 08:00:01,b'North Korea ACTUALLY HIRED Chinese actors to show up to the World Cup and cheer for their team in the stands. #WednesdayWisdom'
2018-03-11 07:59:17,"b'If you can\'t fly, then run. If you can\'t run, then walk....- Martin Luther King Jr. #quote #WednesdayWisdom\n\nhttps://t.co/pDrczztYq0""'"
2018-03-11 07:55:22,"b""You'll never have a better chance of success than the odds you give yourself. - Tim Fargo #WednesdayWisdom https://t.co/qyhZnmjPzK"""
2018-03-11 07:54:59,b'Buy at https://t.co/XyFUiCGhPl  #WednesdayWisdom #bracelets #charmingsilverjn #braceletsfantaisie #fashion\xe2\x80\xa6 https://t.co/4VgQyh2EiT'
2018-03-11 07:49:13,"b""I know It's not #WednesdayWisdom time yet but @ava 's #AWrinkleinTime was magical! \xf0\x9f\x92\xab https://t.co/8H3uGD0PGl"""
2018-03-11 07:31:20,b'The most common reason for drowning in doubt is sinking into negative thinking. - Tim Fargo  #WednesdayWisdom https://t.co/wrcWuHEFRO'
2018-03-11 07:29:23,"b'Little thoughts of positivity, create big chunks of positivity in your reality #WednesdayWisdom #themoodcards https://t.co/SZurWRBagx'"
2018-03-11 07:23:22,b'It is easier to build strong children than to repair broken men. - Frederick Douglass #quote #wednesdaywisdom https://t.co/gh0uTPKvBQ'
2018-03-11 07:17:08,b'#Satlok_VS_Heaven \n#SLvInd \n#WednesdayWisdom \n#GIMS2018 \n\xf0\x9f\x99\x8f\n\xf0\x9f\x91\x89Must watch please video\n\n#SantRampalji se nam lene se c\xe2\x80\xa6 https://t.co/c3xPkhxJae'
2018-03-11 07:16:07,b'Shooting for perfection? #WednesdayWisdom #motivation #amwriting #MFRWauthor https://t.co/hcsWjufE9B via @BarbaraWDaille'
2018-03-11 07:13:53,b'No such thing as #failure...\nNew #direction \n#WednesdayWisdom \n#Mindset \n#Oprah \n#ThinkBIGSundayWithMarsha https://t.co/NhWwdbenRz'
2018-03-11 07:08:04,b'Just started reading - The Name Of The Wind - https://t.co/99d3pa0pfU - #nameofthewind #PatrickRothfuss #BookBoost\xe2\x80\xa6 https://t.co/Ncivs3bdrg'
2018-03-11 07:02:25,"b""Embrace Change.Try what you've never done so you can accomplish.... #quote #WednesdayWisdom\n\nhttps://t.co/WOTOh9ViQh"""
2018-03-11 06:56:22,b'Love is what we were born with. Fear is what we learned here. - @marwilliamson #WednesdayWisdom https://t.co/G1TIdZuPe2'
2018-03-11 06:29:24,b'Will you make miracles? #WednesdayWisdom\n#quote https://t.co/rIjxPMNKeF'
2018-03-11 06:24:25,"b""An incredible fairy tale became my reality.\nA Harem Boy's Saga - IV - TURPITUDE: a memoir by Young\xe2\x80\xa6 https://t.co/dliVwsdrG2"""
2018-03-11 06:15:47,"b'Always keep room for possibilities. Logically you may think that something is impossible, but many times it becomes\xe2\x80\xa6 https://t.co/kdWtGuWmpg'"
2018-03-11 06:13:32,b'Difficult roads often lead to beautiful destinations. - #quote #WednesdayWisdom\n\nhttps://t.co/SKgT8S37Dg'
2018-03-11 06:13:06,b'Reposting @egtours:\nTake an #egtgolftour  To #calabria #italy #italytrip #italy_photolovers #italian #italian\xe2\x80\xa6 https://t.co/sqr5Jism6V'
2018-03-11 06:12:01,"b""Always be yourself; if other people don't like it, then they're not your fans. #WednesdayWisdom #indie #music #Tips https://t.co/l4eAsShClk"""
2018-03-11 06:01:49,"b'Forget your weaknesses, increase your strengths and be the most awesome you, that you can be. #wednesdaywisdom https://t.co/eEdSImDYiD'"
2018-03-11 06:01:35,b'Never push a loyal person to the point where they no longer care. #WednesdayWisdom \n\nhttps://t.co/pqZQ9tgWTN'
2018-03-11 06:00:25,b'What is the meaning of life? #WednesdayWisdom https://t.co/azIC7DOBjv'
2018-03-11 05:59:55,"b'Every time you subtract negative from your life, you make room for more positive. - Thurka #quote\xe2\x80\xa6 https://t.co/sWLC1kqJhd'"
2018-03-11 05:59:55,"b'Every time you subtract negative from your life, you make room for more positive. - Thurka #quote\xe2\x80\xa6 https://t.co/Ew1pM2Pu1O'"
2018-03-11 05:37:25,b'Will you make miracles? #WednesdayWisdom\n#quote https://t.co/Diuq8EXNdo'
2018-03-11 05:30:08,b'We wonder what #WednesdayWisdom @DevilsMarieLive has written on her side.\nOnly one way to find out!\xe2\x80\xa6 https://t.co/hsO0lO6fol'
2018-03-11 05:29:24,b'The choices you make today will be your biography tomorrow. - James Altucher  #quote #wednesdaywisdom https://t.co/C1HFsTACmk'
2018-03-11 05:29:18,"b'What you choose today will determine who you are tomorrow. - Tim Fargo #WednesdayWisdom\n\nhttps://t.co/SH6XJZrX7Y""'"
2018-03-11 05:08:57,"b'Let\'s do lunch on Wednesday! Join me for my FREE ""Lunch with My Life Coach"" #mentoring series. We\'ll talk about top\xe2\x80\xa6 https://t.co/VDs2enCFse'"
2018-03-11 05:05:00,"b'Don\xe2\x80\x99t count the days, make the days count. - Muhammad Ali #inspiration #WednesdayWisdom \n\nhttps://t.co/E65OreTajM  #WednesdayWisdom'"
2018-03-11 04:59:56,b'Will you make miracles? #WednesdayWisdom\n#quote https://t.co/ZdqEVb1orZ'
2018-03-11 04:59:27,"b""The road to success is longer than you'd like, but shorter than you imagine. - Tim Fargo #WednesdayWisdom https://t.co/rGnRJq4uHS"""
2018-03-11 04:55:18,b'You teach people how to treat you. #WednesdayWisdom\n\nvia TonyGaskins\n\nhttps://t.co/k7NLOQEWyi'
2018-03-11 04:37:14,b'@MigosConDerecho Very wise #wednesdaywisdom :)'
2018-03-11 04:31:22,b'If you are always trying to be normal... - Maya Angelou #WednesdayWisdom\n\nhttps://t.co/wQAu3hMZPI'
2018-03-11 04:29:34,b'@TeachersJourney Very wise #wednesdaywisdom :)'
2018-03-11 04:15:36,b'Life\xe2\x80\x99s blows cannot break a person whose spirit... - Norman Vincent Peale #quote #WednesdayWisdom https://t.co/qVgkFJOvgZ'
2018-03-11 04:05:26,b'Buy at https://t.co/zSBbV7xkG5  #WednesdayWisdom #bracelets #charmingsilverjn #braceletsfantaisie #fashion\xe2\x80\xa6 https://t.co/r31Ne6sd3f'
2018-03-11 03:59:38,"b""You'll never have a better chance of success than the odds you give yourself. - Tim Fargo #WednesdayWisdom https://t.co/cVFuw3aITt"""
2018-03-11 03:42:21,b'This Video of Chris Hemsworth Surfing With His Daughter Will Delight and Terrify You #Drake #TaylorSwift\xe2\x80\xa6 https://t.co/8krgTQUCNv'
2018-03-11 03:41:06,b'What Not To Say To A Depressed Person. https://t.co/OG6e0GC690 #depression #selfhelp #selfcare #selfimprovement\xe2\x80\xa6 https://t.co/IuqUsLDwHB'
2018-03-11 03:32:36,"b""Embrace Change.Try what you've never done so you can accomplish.... #quote #WednesdayWisdom\n\nhttps://t.co/P8oPn3x8Ad"""
2018-03-11 03:29:33,b'The biggest room in the world\xe2\x80\xa6 is the room for improvement. #WednesdayWisdom \n\nhttps://t.co/uYa61lbnKX'
2018-03-11 02:58:21,b'Taking a step back can often be the quickest way forward. - Tim Fargo #quote #wednesdaywisdom https://t.co/x808Xc3qGr'
2018-03-11 02:48:27,"b""Let's do it today - we are all one step closer to our goals. #WednesdayWisdom \n\nhttps://t.co/oefX2Jj4BE"""
2018-03-11 02:44:27,b'The walls we build around us to keep sadness out also keep out the joy. - Jim Rohn #quote #WednesdayWisdom\xe2\x80\xa6 https://t.co/Fr7k6MeDYM'
2018-03-11 02:40:34,"b""Don't struggle to be a better teacher than everybody else, simply be a better teacher than you ever thought you cou\xe2\x80\xa6 https://t.co/R9JhGFYrMz"""
2018-03-11 02:29:16,b'I have decided to stick with love. Hate is too great a burden to bear.- Martin Luther King #wednesdaywisdom https://t.co/8vdTC1jZrc'
2018-03-11 02:05:26,"b""If you think you'll laugh about it someday, go ahead and start today. - Tim Fargo #quote #wednesdaywisdom https://t.co/D8Ucf0JmFX"""
2018-03-11 02:02:01,b'Headed to the top? Be prepared to do some things people will hate.... \n\n#wednesdaywisdom via @jaltucher https://t.co/89HWuZMKj7'
2018-03-11 02:00:56,b'Declutter Your House for Sale\n#WednesdayWisdom #gamedev #indiedev #startups #Realtor #RealEstate #Gaming\xe2\x80\xa6 https://t.co/0l1eHvxyUd'
2018-03-11 02:00:39,b'@MigosConDerecho Very wise #wednesdaywisdom :)'
2018-03-11 01:42:20,b'@AllenSawan Very wise #wednesdaywisdom :)'
2018-03-11 01:33:39,"b""The road to success is longer than you'd like, but shorter than you imagine. - Tim Fargo #WednesdayWisdom https://t.co/mUaO0r8i4d"""
2018-03-11 01:29:32,b'It is easier to build strong children than to repair broken men. - Frederick Douglass #quote #wednesdaywisdom https://t.co/1F2YfUtQxM'
2018-03-11 01:21:29,"b'Surround yourself with people who have ambitious plans, meaningful purposes, and big goals.  #wednesdaywisdom https://t.co/CA5F7H6l5A'"
2018-03-11 01:20:49,b'@themoodcards Very wise #wednesdaywisdom :)'
2018-03-11 01:15:46,b'@AllenSawan Very wise #wednesdaywisdom :)'
2018-03-11 01:10:05,b'cheating spouse signs \xf0\x9f\x91\x89https://t.co/luXZQSR5Of \xf0\x9f\x91\x88\xf0\x9f\x92\x9d\xf0\x9f\x91\xa8\xe2\x80\x8d\xe2\x9d\xa4\xe2\x80\x8d\xf0\x9f\x92\x8b\xe2\x80\x8d\xf0\x9f\x91\xa8\xf0\x9f\x8f\x83\xe2\x80\x8d\xe2\x99\x82\xf0\x9f\x93\xa5#CatchACheatingLover #Love #WorldStar #WednesdayWisdom\xe2\x80\xa6 https://t.co/1qjnnENv5h'
2018-03-11 01:04:09,"b'Reposting @y_eofficial:\n#WednesdayWisdom \xe2\xa0\x80\n\xe2\xa0\x80\nEveryday is a new beginning, take a deep breath and start again.\xe2\xa0\x80\n\xe2\xa0\x80\xe2\x80\xa6 https://t.co/e3tXE6hx0f'"
2018-03-11 01:00:09,"b""...Because you can't get it right UNTIL it's written. \n\n#WednesdayWisdom #screenwriting #amwriting #scriptchat https://t.co/yPrDfV8ivC"""
2018-03-11 00:59:29,"b'Surround yourself with people who have ambitious plans, meaningful purposes, and big goals.  #wednesdaywisdom https://t.co/EjKYrXOp7A'"
2018-03-11 00:29:27,"b'Remember that failure is not the opposite of success, it is part of success. #WednesdayWisdom\nvia @TamaraMcCleary\n\nhttps://t.co/cHnWsMXDsA'"
2018-03-11 00:27:13,b'Buy at https://t.co/LxY4kA3ljX  #WednesdayWisdom #bracelets #charmingsilverjn #braceletsfantaisie #fashion\xe2\x80\xa6 https://t.co/WM2m5a73DC'
2018-03-11 00:02:39,b'Difficult roads often lead to beautiful destinations. - #quote #WednesdayWisdom\n\nhttps://t.co/9fHE200XtZ'
2018-03-10 23:59:43,"b""Don't compromise yourself or your morals for those around you #WednesdayWisdom #themoodcards https://t.co/QXoLPaVc3E"""
2018-03-10 23:58:25,b'Great acheivement always requires great sacrifice. #quote #image #WednesdayWisdom https://t.co/koyLCS9XNi'
2018-03-10 23:54:24,b'We must find time to stop and thank the people who make a difference in our lives- #JFK #WednesdayWisdom https://t.co/1Fi3eh5aLC'
2018-03-10 23:49:16,b'Taking a step back can often be the quickest way forward. - Tim Fargo #quote #wednesdaywisdom #WednesdayWisdom\xe2\x80\xa6 https://t.co/cc7Ij3veDq'
2018-03-10 23:43:15,"b""Just 11 more days of WINTER!  \xf0\x9f\x98\x8aStarted it all-naturally and keepin' it all-natural w/#PreservativeFree #PURE\xe2\x80\xa6 https://t.co/v07Q7cUmpA"""
2018-03-10 23:42:08,"b'VA Loans offer one of the best options for borrowers, but they come with both pros and cons. Learn more here:\xe2\x80\xa6 https://t.co/9nQ5U3h4f5'"
2018-03-10 23:32:32,"b""It's true that life is the journey, not the destination... - Tim Fargo #quote #wednesdaywisdom https://t.co/XeHkNcdhcN"""
2018-03-10 23:10:29,"b'The difference we make, is from the action we take. - Tim Fargo #quote #leadership #wednesdaywisdom https://t.co/fMCNDksi2a'"
2018-03-10 22:59:32,b'If you could kick the person in the pants... -Theodore Roosevelt #WednesdayWisdom https://t.co/5OgZV9wXi5'
2018-03-10 22:56:25,b'Courage is refusing to be a slave to fear. - @LollyDaskal #quote #wednesdaywisdom https://t.co/8w9xNTH00k'
2018-03-10 22:41:21,b'Silence is a powerful weapon!  #WednesdayWisdom\n\nhttps://t.co/00DorSbTZ2'
2018-03-10 22:29:58,"b""If you think you'll laugh about it someday, go ahead and start today. - Tim Fargo #quote #wednesdaywisdom https://t.co/h4dvhLYXZp"""
2018-03-10 22:27:40,b'Never push a loyal person to the point where they no longer care. #WednesdayWisdom \n\nhttps://t.co/LFROPI5MEo'
2018-03-10 22:12:01,b'Our job is to help you monetise your music assets. Get in touch: https://t.co/rWcIr5VK5N #musicdistricution\xe2\x80\xa6 https://t.co/r6CAtmIOk3'
2018-03-10 22:05:04,b'cheating lover 2 \xf0\x9f\x91\x89https://t.co/ehnWZkian6 \xf0\x9f\x91\x88\xf0\x9f\x92\x9d\xf0\x9f\x91\xa8\xe2\x80\x8d\xe2\x9d\xa4\xe2\x80\x8d\xf0\x9f\x92\x8b\xe2\x80\x8d\xf0\x9f\x91\xa8\xf0\x9f\x8f\x83\xe2\x80\x8d\xe2\x99\x82\xf0\x9f\x93\xa5#CatchACheatingLover #Love #WorldStar #WednesdayWisdom\xe2\x80\xa6 https://t.co/IjqcEBt4Rg'
2018-03-10 22:01:46,b'#character \n#strength \n#intelligence \n#style\nThat makes #beauty\n#WednesdayWisdom \n#ThinkBIGSundayWithMarsha https://t.co/PqgQo6U02Y'
2018-03-10 21:57:17,b'The choices you make today will be your biography tomorrow. - @jaltucher  #quote #WednesdayWisdom https://t.co/oOZm0js3lS'
2018-03-10 21:54:16,b'Poverty is the worst form of violence. - Gandhi #quote #wednesdaywisdom https://t.co/oefHdxtskx'
2018-03-10 21:51:48,"b'""Today, be the reason someone feels loved.""\xe2\x9d\xa4 - @SimpleReminders \n\nVia @BruceVH \n\n#SaturdayMorning #SuperSoulSunday\xe2\x80\xa6 https://t.co/CH2ot5CLek'"
2018-03-10 21:43:35,"b""The road to success is longer than you'd like, but shorter than you imagine. - Tim Fargo #WednesdayWisdom https://t.co/JaLnonWZ1f"""
2018-03-10 21:29:20,b'The best goal is one you feel in your soul. - Tim Fargo #quote #WednesdayWisdom https://t.co/orTKn2Cv2G'
2018-03-10 21:19:19,"b'He who angers you, conquers you #WednesdayWisdom'"
2018-03-10 21:02:54,b'Silence is a powerful weapon!  #WednesdayWisdom\n\nhttps://t.co/9U455iRwVc'
2018-03-10 21:00:17,b'5 April - sold out\n3 May sold out\n21 June - 2 places left\nLooks like your holiday search?\nBook Now!\xe2\x80\xa6 https://t.co/YsZkV6w8Ys'
2018-03-10 20:59:57,b'The walls we build around us to keep sadness out also keep out the joy. - Jim Rohn #quote #WednesdayWisdom https://t.co/FuNMPnt3oZ'
2018-03-10 20:53:26,b'I have decided to stick with love. Hate is too great a burden to bear.- Martin Luther King #wednesdaywisdom\xe2\x80\xa6 https://t.co/njls9WrR7L'
2018-03-10 20:46:52,"b""#GrabThemByTheMidTerms! It's up to us to #getoutandvote! We need #change but we have to #MAKEithappen!\xe2\x80\xa6 https://t.co/7ZOYdLHxNq"""
2018-03-10 20:41:17,b'Buy at https://t.co/gkMq1n3DMi  #WednesdayWisdom #bracelets #charmingsilverjn #braceletsfantaisie #fashion\xe2\x80\xa6 https://t.co/8HfpCnqd0b'
2018-03-10 20:32:20,"b'Are you available for lunch for some #WednesdayWisdom? Join me for my FREE ""Lunch with My Life Coach"" #mentoring se\xe2\x80\xa6 https://t.co/OWLP1jAHnw'"
2018-03-10 20:31:25,"b'Don\xe2\x80\x99t count the days, make the days count. - Muhammad Ali #inspiration #WednesdayWisdom \n\nhttps://t.co/zXmjm9Ta7O'"
2018-03-10 20:30:35,"b'Every time you subtract negative from your life, you make room for more positive. - Thurka #quote\xe2\x80\xa6 https://t.co/rdpWsdbVTC'"
2018-03-10 20:20:14,"b""How did you sleep last night? It's National Bed Month. #WednesdayWisdom Nip to @TheBedShopAshby or @Flooringandbed\xe2\x80\xa6 https://t.co/LA7L5z3YjS"""
2018-03-10 20:16:30,b'The choices you make today will be your biography tomorrow. - @jaltucher  #quote #WednesdayWisdom https://t.co/duZ6HqzzuA'
2018-03-10 20:15:29,b'Having Fun with Your Fear of Book Marketing with livehealtkd at #PossCon2018! \nhttps://t.co/vWn47J63kD\xe2\x80\xa6 https://t.co/kMMxbVoiP1'
2018-03-10 20:14:32,b'Life\xe2\x80\x99s blows cannot break a person whose spirit... - Norman Vincent Peale #quote #WednesdayWisdom https://t.co/H9oohvahz1'
2018-03-10 20:14:00,"b'Mad Max: Fury Road Nux &amp; Immortan Joe #1 In a fallen world ravaged by oil and water wars, humanity exists without l\xe2\x80\xa6 https://t.co/vPTD7N1dRk'"
2018-03-10 20:03:25,"b""Don't envy what people have, emulate what they did to have it. - Tim Fargo #quote #WednesdayWisdom https://t.co/ak2oZtA23p"""
2018-03-10 19:34:05,b'The Dinner Date #WednesdayWisdom https://t.co/tGLvCWeJzv via @vidyasury'
2018-03-10 19:32:18,"b""It's true that life is the journey, not the destination... - Tim Fargo #quote #wednesdaywisdom https://t.co/QqED3vKc8Q"""
2018-03-10 19:29:18,"b""Don't let pain define you, let it refine you. - Tim Fargo #quote #wednesdaywisdom https://t.co/oLjzkX2j7o"""
2018-03-10 19:19:31,b'Portable solar panels that roll out like a carpet.\n\nA simple but effective innovation.\n\n#solarenergy  #Tech\xe2\x80\xa6 https://t.co/Z0WwPf9hva'
2018-03-10 19:17:01,"b""Next in the #HowIMadeItSeries, we sit down with Ali Gee, deputy CEO at @FHFLondon. Read on to find out about Ali's\xe2\x80\xa6 https://t.co/akrDM3xAGG"""
2018-03-10 19:13:28,b'Will you make miracles? #WednesdayWisdom\n#quote https://t.co/nnHKxX62kA'
2018-03-10 19:10:10,"b""Reposting @bullishhorns: - via @Crowdfire \nDon't be a boss. Be an example and a Leader.  #WednesdayWisdom #Success\xe2\x80\xa6 https://t.co/6CtIcSdMXj"""
2018-03-10 19:08:19,b'Repost from miket124ever - Save the bees... #wednesdaywisdom #fueled #by #buckleys #mancold\xe2\x80\xa6 https://t.co/OzNN8ZdgSG'
2018-03-10 19:01:22,b'Best nutrients to keep up your immune system. https://t.co/1WjBrIvfT2 #WednesdayWisdom #staywellthiswinter via\xe2\x80\xa6 https://t.co/g3vL1Vv1Qn'
2018-03-10 19:00:34,b'Burton v Brentford - Team Sheets #wednesdaywisdom https://t.co/jtDS4xuwfv - \xf0\x9f\x9a\x80 Grow your followers with https://t.co/ufHcyyV0w4'
2018-03-10 18:59:31,b'Never push a loyal person to the point where they no longer care. #WednesdayWisdom \n\nhttps://t.co/M2wmTQAHZE'
2018-03-10 18:49:31,"b""Don't cage yourself in...  #WednesdayWisdom\nhttps://t.co/R5IivJM5tD https://t.co/NOBdFe32QV"""
2018-03-10 18:44:33,"b'#TheBeastFromTheEast!\nWere you affected by the snow last week? If you have children, were they home from school? Di\xe2\x80\xa6 https://t.co/r9Vnf8gsbs'"
2018-03-10 18:31:33,"b'My failure gave me strength, my pain was my motivation. - Michael Jordan #WednesdayWisdom\n\nhttps://t.co/6nkOS9DWO0'"
2018-03-10 18:25:23,"b""Do not let what you can't do interfere with what you can do. #job #Naperville, IL #career #Wednesdaywisdom\xe2\x80\xa6 https://t.co/7qP3TwKEww"""
2018-03-10 18:19:19,b'You have to risk going too far to discover just how far you can really go. -Jim Rohn #quote #WednesdayWisdom'
2018-03-10 18:06:41,b'Retweeted Murray Newlands (@MurrayNewlands):\n\nPractice makes permanent. Keep going. \n\n#WednesdayWisdom... https://t.co/oyXicRIRCa'
2018-03-10 18:05:27,b'If you could kick the person in the pants... -Theodore Roosevelt #WednesdayWisdom https://t.co/wHsrmKc5FG'
2018-03-10 18:04:02,b'Murakami EGO by @takashipom - Read full article here: https://t.co/7G3VyaNnO7 #takashimurakami #art #illustration\xe2\x80\xa6 https://t.co/Uu7AIWWQLK'
2018-03-10 18:03:42,b'The walls we build around us to keep sadness out also keep out the joy. - Jim Rohn #quote #WednesdayWisdom https://t.co/2tduE9iWnx'
2018-03-10 17:58:22,"b'Surround yourself with people who have ambitious plans, meaningful purposes, and big goals.  #wednesdaywisdom\xe2\x80\xa6 https://t.co/nQmA0SZe3o'"
2018-03-10 17:58:15,b'https://t.co/vBxnI8Nmee\nCreate Your Opportunity!\n#wednesdaywisdom\n#wealthtrending https://t.co/oHlYdvgD1i'
2018-03-10 17:39:22,b'All Happens Perfectly\n#JoyTrain #love #trust #Happiness #Healing #LoveYourself #integrity #peace\xe2\x80\xa6 https://t.co/TjMDBjy0HB'
2018-03-10 17:30:23,b'#inhale #Love...\nExhale #gratitude...\n#WednesdayWisdom \n#SaturdayMotivation\n#makeyourownlane\xe2\x80\xa6 https://t.co/NqN32R8ZtR'
2018-03-10 17:29:17,"b""No more empty promises! Don't just dream of a better life; wake up and LIVE it! - @SteveMaraboli #WednesdayWisdom\n\nhttps://t.co/bVjRUBOjoa"""
2018-03-10 17:28:16,b'@ohhappydaysmom @vaughanabuse @SeniorsCaring Very wise #wednesdaywisdom :)'
2018-03-10 17:21:29,"b'My failure gave me strength, my pain was my motivation. - Michael Jordan #WednesdayWisdom\n\nhttps://t.co/NPxodJlXmd'"
2018-03-10 17:20:47,b'Buy at https://t.co/vtY8mIlMRs  #WednesdayWisdom #bracelets #charmingsilverjn #braceletsfantaisie #fashion\xe2\x80\xa6 https://t.co/3d7VOmivEe'
2018-03-10 17:16:02,b'The 15(ish) Things Worth Knowing About #Coffee https://t.co/R44eIH528A\n\n#heatlh #CoffeeLover #coffeeholic #mornings\xe2\x80\xa6 https://t.co/gxaAAXjsd5'
2018-03-10 17:14:03,b'Shooting for perfection? #WednesdayWisdom #motivation #amwriting #MFRWauthor https://t.co/cyGG1HAzy6 via @BarbaraWDaille'
2018-03-10 17:11:15,b'One of the best times in Italy is aperitivo time! Pre-dinner snacks and a drink? Yes please!\n#ItalianCulture\xe2\x80\xa6 https://t.co/i6Gh8L6cTx'
2018-03-10 16:59:39,"b'You may not have the resources you need right now, but you can be resourceful. #motivation #creativity #Entrepreneur #wednesdaywisdom'"
2018-03-10 16:55:20,b'No obstacles today #WednesdayWisdom #themoodcards https://t.co/t2ygrQJzPO'
2018-03-10 16:47:20,b'@AllenSawan Very wise #wednesdaywisdom :)'
2018-03-10 16:39:22,"b'Are you looking for some #WednesdayWisdom? Join me for my FREE ""Lunch with My Life Coach"" #mentoring series. We mee\xe2\x80\xa6 https://t.co/QPVTmpCFBy'"
2018-03-10 16:38:34,"b""Don't envy what people have, emulate what they did to have it. - Tim Fargo #quote #WednesdayWisdom https://t.co/r3Kf6RnjxH"""
2018-03-10 16:29:21,"b'""It\'s not the years in your life that count, but the life in your years""-Abraham Lincoln #WednesdayWisdom #Presedential #quote'"
2018-03-10 16:28:16,"b'I may not be there yet, but I\xe2\x80\x99m closer than I was yesterday. - unknown #WednesdayWisdom\n\nhttps://t.co/7FDaH2U0nd'"
2018-03-10 16:25:30,"b'Surround yourself with people who have ambitious plans, meaningful purposes, and big goals. #WednesdayWisdom https://t.co/Uoap9AcZZQ'"
2018-03-10 16:24:34,"b'\xf0\x9f\x98\x8d If you want to be happy, be. \xf0\x9f\x98\x8d #wednesdaywisdom #happy #day #love #flowers #vi... (Vine by @worldloveflower)\xe2\x80\xa6 https://t.co/fr8NwvJixA'"
2018-03-10 16:15:02,b'[HOW TO CATCH A CHEATING LOVER].....Read more at:\xe2\x8f\xad https://t.co/RQv6MZzb1c \xe2\x8f\xaecheating personals#CatchACheatingLover\xe2\x80\xa6 https://t.co/MBfTWKx8Zk'
2018-03-10 16:14:49,"b'KWHCoin is pleased to announce a collaboration with Richard Munang, UN Environment and Climate Change Policy.\xe2\x80\xa6 https://t.co/veOQHghVP3'"
2018-03-10 16:09:03,"b'KWHCoin is pleased to announce a collaboration with Richard Munang, UN Environment and Climate Change Policy.\xe2\x80\xa6 https://t.co/7byvjiYFpm'"
2018-03-10 16:07:50,b'@PareshaPraying @jaltucher Very wise #wednesdaywisdom :)'
2018-03-10 16:02:49,"b""Let's do it today - we are all one step closer to our goals. #WednesdayWisdom \n\nhttps://t.co/0Inw5KjHC7"""
2018-03-10 16:00:09,b'@WilliamABurnell Very wise #wednesdaywisdom :)'
2018-03-10 16:00:01,b'Looking for something to do? We have a great range of events listed on our website for you take advantage of!\n\nFind\xe2\x80\xa6 https://t.co/DYgci9OuHL'
2018-03-10 15:54:35,b'You teach people how to treat you. #WednesdayWisdom\n\nvia TonyGaskins\n\nhttps://t.co/eefJ827Hxq'
2018-03-10 15:39:33,b'@HowellWave @LollyDaskal Very wise #wednesdaywisdom :)'
2018-03-10 15:30:08,b'Awesome #WednesdayWisdom @haveibeenpwned #Pwned Passwords Check #Codeshare from MVP Niels van Sluis  This snippet m\xe2\x80\xa6 https://t.co/4u4l1Bf87T'
2018-03-10 15:29:26,"b""Don't cage yourself in...  #WednesdayWisdom\nhttps://t.co/lPoO9q4675 https://t.co/TgxmBppsoC"""
2018-03-10 15:19:19,"b'If there is no struggle, then there is no progress -Fredrick Douglas  #Quote #WednesdayWisdom'"
2018-03-10 15:10:29,b'Great acheivement always requires great sacrifice. #quote #image #WednesdayWisdom https://t.co/Ng61FKvJAV'
2018-03-10 15:01:20,"b""#SubmitItSaturday for some #WednesdayWisdom! Our Founders will be live on Instagram Wednesday to give tips. Don't b\xe2\x80\xa6 https://t.co/ZV6STmoq5E"""
2018-03-10 14:59:21,"b'The difference we make, is from the action we take. - Tim Fargo #quote #leadership #wednesdaywisdom https://t.co/HhguUNXLUk'"
2018-03-10 14:45:57,b'Connect here: https://t.co/F8CZgBKmCZ https://t.co/KP6CPOT2PT \nhttps://t.co/sASaTFjXhF @NewAppleAwards\n#ASMSG\xe2\x80\xa6 https://t.co/3C3haS6azG'
2018-03-10 14:36:48,"b'Frauds:\nThomas Edison, Einstein.\n\nReal INVENTORS:\nTesla, Louis le Prince. \n\nI hate credit not being given to the ri\xe2\x80\xa6 https://t.co/AYYlVmoVj7'"
2018-03-10 14:36:38,b'If you are always trying to be normal... - Maya Angelou #WednesdayWisdom\n\nhttps://t.co/j8LDlTx6tn #WednesdayWisdom\xe2\x80\xa6 https://t.co/nAHAwiUwuD'
2018-03-10 14:31:42,"b'A4. Check my twitter feed for #WednesdayWisdom, #ThoughtfulThursday, #SaturdaySpark\xe2\x9a\xa1\xef\xb8\x8f and #SundayInspiration for on\xe2\x80\xa6 https://t.co/Erzk8fuc8l'"
2018-03-10 14:29:23,b'The choices you make today will be your biography tomorrow. - James Altucher  #quote #wednesdaywisdom https://t.co/us2feC8v1n'
2018-03-10 14:28:35,b'Headed to the top? Be prepared to do some things people will hate.... \n\n#wednesdaywisdom via @jaltucher https://t.co/F9SJ4eC7O8'
2018-03-10 14:28:21,b'The choices you make today will be your biography tomorrow. - @jaltucher  #quote #WednesdayWisdom https://t.co/YY7cKB5jF3'
2018-03-10 14:27:31,"b'Forget your weaknesses, increase your strengths and be the most awesome you, that you can be. #wednesdaywisdom https://t.co/b7wzKlQ8Ow'"
2018-03-10 14:24:03,b'@ohhappydaysmom @vaughanabuse @SeniorsCaring Very wise #wednesdaywisdom :)'
2018-03-10 14:21:20,b'Courage is refusing to be a slave to fear. - @LollyDaskal #quote #wednesdaywisdom https://t.co/Z0pbWdVH7B'
2018-03-10 14:14:29,b'@BeYouTFull1 @Dirissy_ Very wise #wednesdaywisdom :)'
2018-03-10 14:02:42,b'@TheOriginalWTH @bluelivesmtr @TheTrumpForum @GodBlessAmerica @NRA @isupportpolice @god You make my point for me.\xe2\x80\xa6 https://t.co/fzOq07JcBK'
2018-03-10 14:02:02,b'A Brief History of Air Max Day - great article by @stockx\nhttps://t.co/DxI4YbxC40  #nike #airmax #airmaxday\xe2\x80\xa6 https://t.co/fyIeGIFKLF'
2018-03-10 13:56:14,b'Courage is refusing to be a slave to fear. - @LollyDaskal #quote #wednesdaywisdom https://t.co/VmBI4CkYux'
2018-03-10 13:46:15,b'It is easier to build strong children than to repair broken men. - Frederick Douglass #quote #wednesdaywisdom https://t.co/i587b98xWL'
2018-03-10 13:43:30,"b'I may not be there yet, but I\xe2\x80\x99m closer than I was yesterday. - unknown #WednesdayWisdom\n\nhttps://t.co/QGjb9EfSQg'"
2018-03-10 13:31:18,b'The most common reason for drowning in doubt is sinking into negative thinking. - Tim Fargo #wednesdaywisdom https://t.co/EmiZbDHztw'
2018-03-10 13:31:11,b'Connect your students with the world. Visit https://t.co/KpRggXfmAT to get started! #globaleducation #digcit\xe2\x80\xa6 https://t.co/thpaP7LkQx'
2018-03-10 13:27:56,b'Buy at https://t.co/wGef6c1Nfb  #WednesdayWisdom #bracelets #charmingsilverjn #braceletsfantaisie #fashion\xe2\x80\xa6 https://t.co/u0Ug2JW861'
2018-03-10 13:15:45,b'@AllenSawan Very wise #wednesdaywisdom :)'
2018-03-10 13:03:29,"b'What you choose today will determine who you are tomorrow. - Tim Fargo #WednesdayWisdom\n\nhttps://t.co/5EHN6x9QtF""'"
2018-03-10 13:02:36,"b'Surround yourself with people who have ambitious plans, meaningful purposes, and big goals. #WednesdayWisdom https://t.co/xDgp2YBPkL'"
2018-03-10 12:51:57,"b'Now this is not the end. It is not even the beginning of the end. But it is, perhaps, the end of the beginning. -Wi\xe2\x80\xa6 https://t.co/6hvcw8mgqz'"
2018-03-10 12:37:11,b'@JeffYalden Very wise #wednesdaywisdom :)'
2018-03-10 12:32:03,b'Hail to the King and Queen of Shamrocks! Show everyone your Irish side with these limited edition T-shirts only on\xe2\x80\xa6 https://t.co/pPQWGExmx9'
2018-03-10 12:30:06,b'Sushi #foodiechats #TravelKhana #FoodInTrain #OrderFoodInTrain #FoodDeliveryInTrain #WednesdayWisdom\xe2\x80\xa6 https://t.co/dagf9ArhMM'
2018-03-10 12:29:55,b'Republicans call on DNC to explain ties to Louis Farrakhan https://t.co/W6PR7GV9Mp via @dcexaminer #SaturdayMorning\xe2\x80\xa6 https://t.co/SgcvGnQOJV'
2018-03-10 12:27:01,"b""We need the ocean more than the ocean needs us. That's why when we hurt the ocean through climate change, overfishi\xe2\x80\xa6 https://t.co/muIA004Aze"""
2018-03-10 12:26:02,"b'""This book explores Carhartt\'s evolution from classic American work &amp; outdoor clothing to an international force in\xe2\x80\xa6 https://t.co/e8vYRDxdUN'"
2018-03-10 12:21:01,b'@joslazo1 Very wise #wednesdaywisdom :)'
2018-03-10 12:19:19,b'Motivation gets you started but habit is what keeps u going #WednesdayWisdom'
2018-03-10 12:16:21,"b""You'll never have a better chance of success than the odds you give yourself. - Tim Fargo #WednesdayWisdom https://t.co/EdWTXOUmzd"""
2018-03-10 12:07:09,b'@BeYouTFull1 @Dirissy_ Very wise #wednesdaywisdom :)'
2018-03-10 12:03:35,"b'Surround yourself with people who have ambitious plans, meaningful purposes, and big goals. #WednesdayWisdom https://t.co/D5WOtmSDKX'"
2018-03-10 12:01:01,"b""Youth is the gift of nature, but age is a work of art.\n\nA Harem Boy's Saga - I - INITIATION; a memoir by Young\xe2\x80\xa6 https://t.co/qZf4SUHADJ"""
2018-03-10 11:54:25,"b""If you think you'll laugh about it someday, go ahead and start today. - Tim Fargo #quote #wednesdaywisdom\xe2\x80\xa6 https://t.co/uvu8AtV1Hf"""
2018-03-10 11:32:27,b'The biggest room in the world\xe2\x80\xa6 is the room for improvement. #WednesdayWisdom \n\nhttps://t.co/fqvDEiQ8Ay'
2018-03-10 11:29:30,"b'Forget your weaknesses, increase your strengths and be the most awesome you, that you can be. #wednesdaywisdom https://t.co/PbXcVdWwGb'"
2018-03-10 11:24:01,"b'\xd0\x95\xd1\x89\xd0\xb5\nKWHCoin is pleased to announce a collaboration with Richard Munang, UN Environment and Climate Change Policy.\xe2\x80\xa6 https://t.co/ZbzEyOe2k8'"
2018-03-10 11:02:51,"b""Embrace Change.Try what you've never done so you can accomplish.... #quote #WednesdayWisdom\n\nhttps://t.co/WOTOh9ViQh"""
2018-03-10 11:01:00,b'Bristol City 4-0 Sheffield Wednesday: #wednesdaywisdom https://t.co/iSnwJayS8r - \xf0\x9f\x9a\x80 Grow your followers by posting b\xe2\x80\xa6 https://t.co/2EH64z1V4C'
2018-03-10 10:34:28,b'If you are always trying to be normal... - Maya Angelou #WednesdayWisdom\n\nhttps://t.co/unr69sex1e'
2018-03-10 10:29:26,b'We must find time to stop and thank the people who make a difference in our lives- #JFK #WednesdayWisdom https://t.co/fAAwjgCfZu'
2018-03-10 10:01:54,b'Jealousy is a good indication that you are doing things the right way... - Morgan Freeman #wednesdaywisdom https://t.co/P6fJDacNYC'
2018-03-10 10:01:41,b'#SpiritualLeader_SaintRampalji is the complete and  Saint on the earth who will bring prosperity and peace in the w\xe2\x80\xa6 https://t.co/pjs7DZbtFZ'
2018-03-10 10:00:45,b'#SpiritualLeader_SaintRampalji is the complete and  Saint on the earth who will bring prosperity and peace in the w\xe2\x80\xa6 https://t.co/5sswLcsO17'
2018-03-10 09:51:29,b'The most common reason for drowning in doubt is sinking into negative thinking. - Tim Fargo #wednesdaywisdom https://t.co/vBsASZFxiW'
2018-03-10 09:42:07,b'Buy at https://t.co/6tU76nLjks  #WednesdayWisdom #bracelets #charmingsilverjn #braceletsfantaisie #fashion\xe2\x80\xa6 https://t.co/aBpGdSDLat'
2018-03-10 09:34:17,b'We must find time to stop and thank the people who make a difference in our lives- #JFK #WednesdayWisdom https://t.co/fRB0CkEoOh'
2018-03-10 09:28:14,b'Poverty is the worst form of violence. - Gandhi #quote #wednesdaywisdom https://t.co/r5voapHD2x'
2018-03-10 09:19:18,"b'""I have found that if you love life, life will love you back."" -Arthur Rubinstein #WednesdayWisdom'"
2018-03-10 09:07:35,b'Taking a step back can often be the quickest way forward. - Tim Fargo #quote #wednesdaywisdom https://t.co/afd9MuMt5q'
2018-03-10 09:02:15,b'You teach people how to treat you. #WednesdayWisdom\n\nvia TonyGaskins\n\nhttps://t.co/OqQdXFnzZF'
2018-03-10 08:32:23,"b'""Positive anything is better than negative nothing."" -Elbert Hubbard  #LifeLesson #Quotes #WednesdayWisdom'"
2018-03-10 08:31:17,b'Love is what we were born with. Fear is what we learned here. #wednesdaywisdom https://t.co/iepnU4dVMD'
2018-03-10 08:23:34,b'The most common reason for drowning in doubt is sinking into negative thinking. - Tim Fargo  #WednesdayWisdom https://t.co/UOyUX6GldG'
2018-03-10 08:14:28,b'Will you make miracles? #WednesdayWisdom\n#quote https://t.co/GACcfqsyBb'
2018-03-10 08:09:01,b'What do you do to keep your mind in good health? A mindfulness approach could work for you\xf0\x9f\x91\x8d\xf0\x9f\x8f\xbb #wednesdaywisdom\xe2\x80\xa6 https://t.co/77JXP93Nq3'
2018-03-10 08:01:49,b'#edapp One of the reasons we love #HigherEd! Anyone can reinvent themselves with the right education.\xe2\x80\xa6 https://t.co/GmbExttP6B'
2018-03-10 08:01:12,b'Conscience is our own judgment of the moral TURPITUDE: https://t.co/vQKw88BAZS of our own actions.\n#RRBC\xe2\x80\xa6 https://t.co/bCfk9d4XNs'
2018-03-10 08:01:00,"b'Mad Max: Fury Road Nux &amp; Immortan Joe #1 In a fallen world ravaged by oil and water wars, humanity exists without l\xe2\x80\xa6 https://t.co/K6sRS4LW73'"
2018-03-10 07:59:32,b'Love is what we were born with. Fear is what we learned here. - @marwilliamson #WednesdayWisdom https://t.co/telCxconIi'
2018-03-10 07:45:30,"b""Laugh when you can\nApologize when you should\nLet go, when you can't\n#MondayMotivaton\n#TuesdayThoughts\xe2\x80\xa6 https://t.co/ynKq0UuBUx"""
2018-03-10 07:40:22,"b'You only live once, but if you do it right, once is enough. - Mae West #quote #WednesdayWisdom https://t.co/qwN2EAvabn'"
2018-03-10 07:38:38,"b""I hate crowded areas, that's the reason why I prefer success \n#SaturdayMotivation #MondayMotivaton #sundayvibes\xe2\x80\xa6 https://t.co/ZWY0Zb7CPt"""
2018-03-10 07:37:52,b'#PSL2018 #internationalwomensday #WeLoveYouSeokjin #WomenEmpowermentByBapuji  #WednesdayWisdom #IndonesianIdol\xe2\x80\xa6 https://t.co/RlpHE3Sjg9'
2018-03-10 07:31:13,b'If you are always trying to be normal... - Maya Angelou #WednesdayWisdom\n\nhttps://t.co/wQAu3hMZPI'
2018-03-10 07:30:08,b'@KarenDocter Very wise #wednesdaywisdom :)'
2018-03-10 07:26:29,b'@BeYouTFull1 @Dirissy_ Very wise #wednesdaywisdom :)'
2018-03-10 07:02:21,b'Will you make miracles? #WednesdayWisdom\n#quote https://t.co/szDsn7DZSs'
2018-03-10 07:01:01,b'5 April - sold out\n3 May sold out\n21 June - 2 places left\nLooks like your holiday search?\nBook Now!\xe2\x80\xa6 https://t.co/WSh57JZU33'
2018-03-10 06:56:22,b'The greatest gap in life is the gap between knowing and doing. - @JohnCMaxwell #wednesdaywisdom https://t.co/Lw3jzcOSv4'
2018-03-10 06:38:22,b'The Dinner Date #WednesdayWisdom https://t.co/6KkkmiXQwi via @VidyaSury\n#shalzmojosays'
2018-03-10 06:29:27,b'The most common reason for drowning in doubt is sinking into negative thinking. - Tim Fargo  #WednesdayWisdom https://t.co/ZSZN86uex3'
2018-03-10 06:19:19,"b""People will work for a living but they'll die for recognition. - Lee Odden #WednesdayWisdom"""
2018-03-10 06:13:15,b'Love is what we were born with. Fear is what we learned here. #wednesdaywisdom https://t.co/NsnxAo8CXb'
2018-03-10 06:07:02,b'Street Sketchbook by @TristanManco - Read full article here: https://t.co/wFKdiSEj7U #streetart #graffti #art\xe2\x80\xa6 https://t.co/lKlwlCu0r6'
2018-03-10 06:05:27,b'Experience is simply the name we give our mistakes. - Oscar Wilde #quote #WednesdayWisdom https://t.co/pvWOr2vNV1'
2018-03-10 06:02:33,b'@limanzyx1007 @weareoneEXO Very wise #wednesdaywisdom :)'
2018-03-10 06:02:13,b'Bridged damp proof course causing this homeowner in Wakefield problems  #wednesdaywisdom #ATSocialMedia #UKSOPRO\xe2\x80\xa6 https://t.co/LNNwUkk7JS'
2018-03-10 06:02:01,b'I have decided to stick with love. Hate is too great a burden to bear.- Martin Luther King #wednesdaywisdom https://t.co/x9VmpxfK8m'
2018-03-10 06:00:55,b'The walls we build around us to keep sadness out also keep out the joy. - Jim Rohn #quote #WednesdayWisdom https://t.co/7Khxm0nalJ'
2018-03-10 05:52:29,b'Buy at https://t.co/MMQDV1p1ri  #WednesdayWisdom #bracelets #charmingsilverjn #braceletsfantaisie #fashion\xe2\x80\xa6 https://t.co/mT81NMUOZw'
2018-03-10 05:37:35,"b'Forget your weaknesses, increase your strengths and be the most awesome you, that you can be. #wednesdaywisdom https://t.co/RiSNpwkrFb'"
2018-03-10 05:34:13,b'@AllenSawan Very wise #wednesdaywisdom :)'
2018-03-10 05:29:24,b'Jealousy is a good indication that you are doing things the right way... - Morgan Freeman #wednesdaywisdom https://t.co/N6FJGxOLZg'
2018-03-10 05:29:24,b'Difficult roads often lead to beautiful destinations. - #quote #WednesdayWisdom\n\nhttps://t.co/xaQJRKBDlV'
2018-03-10 05:07:19,"b'Let\'s do lunch on Wednesday! Join me for my FREE ""Lunch with My Life Coach"" #mentoring series. We\'ll talk about top\xe2\x80\xa6 https://t.co/duMAok5ofU'"
2018-03-10 05:06:44,b'Great acheivement always requires great sacrifice. #quote #image #WednesdayWisdom https://t.co/QJOoAiyF9f'
2018-03-10 05:03:59,"b""Don't let pain define you, let it refine you. - Tim Fargo #quote #wednesdaywisdom #WednesdayWisdom https://t.co/rzV2igPz22"""
2018-03-10 05:00:36,b'The choices you make today will be your biography tomorrow. - James Altucher  #quote #wednesdaywisdom https://t.co/Wbsernb9vQ'
2018-03-10 04:59:35,b'The greatest gap in life is the gap between knowing and doing. - @JohnCMaxwell #wednesdaywisdom https://t.co/pc3nC2xgHF'
2018-03-10 04:55:29,b'The walls we build around us to keep sadness out also keep out the joy. - Jim Rohn #quote #WednesdayWisdom https://t.co/drAzXaXjez'
2018-03-10 04:53:09,b'@Amela_Sandra @SPARKRJNOW Very wise #wednesdaywisdom :)'
2018-03-10 04:31:19,b'Life\xe2\x80\x99s blows cannot break a person whose spirit... - Norman Vincent Peale #quote #WednesdayWisdom https://t.co/9iKqoGqOHZ'
2018-03-10 04:21:20,b'Do you agree? If so pass it on... #UsainBolt https://t.co/5dBcdkrP76 #WednesdayWisdom'
2018-03-10 04:18:34,"b'Are you looking for some #WednesdayWisdom? Join me for my FREE ""Lunch with My Life Coach"" #mentoring series. We mee\xe2\x80\xa6 https://t.co/37NXY1NOgX'"
2018-03-10 04:15:37,b'Poverty is the worst form of violence. - Gandhi #quote #wednesdaywisdom https://t.co/GC3Der09b8'
2018-03-10 03:59:35,"b""You'll never have a better chance of success than the odds you give yourself. - Tim Fargo #WednesdayWisdom https://t.co/cVFuw3aITt"""
2018-03-10 03:58:01,"b'The Dinner Date #WednesdayWisdom | Vidya Sury, Collecting Smiles https://t.co/DG72tVIUWM via @VidyaSury'"
2018-03-10 03:32:27,b'Courage is refusing to be a slave to fear. - @LollyDaskal #quote #wednesdaywisdom https://t.co/HONG3YA8UU'
2018-03-10 03:29:28,"b'If you can\'t fly, then run. If you can\'t run, then walk....- Martin Luther King Jr. #quote #WednesdayWisdom\n\nhttps://t.co/pDrczztYq0""'"
2018-03-10 03:22:07,b'This Isn\xe2\x80\x99t a Good Sign \xe2\x80\x93 The This Is Us Season 2 Finale Teaser Already Has Us Sobbing #Drake #TaylorSwift\xe2\x80\xa6 https://t.co/CaGNd0E23v'
2018-03-10 03:19:19,"b'""By being yourself, you put something wonderful in the world that was not there before."" - Edwin Elliot #WednesdayWisdom'"
2018-03-10 03:01:14,b'Retweeted Dirissy (@Dirissy_):\n\n#WednesdayWisdom\nGirls just want to have fun! \xf0\x9f\x92\x95 https://t.co/6ZEjidg9La https://t.co/Kc2Ye6ZsQF'
2018-03-10 02:58:24,"b'You only live once, but if you do it right, once is enough. - Mae West #quote #WednesdayWisdom https://t.co/DYTUTyamP2'"
2018-03-10 02:58:19,b'https://t.co/vBxnI8Nmee\nCreate Your Opportunity!\n#wednesdaywisdom\n#wealthtrending https://t.co/Lk6rAr53jU'
2018-03-10 02:48:27,"b""Don't let pain define you, let it refine you. - Tim Fargo #quote #wednesdaywisdom https://t.co/2cJy4iFOCy"""
2018-03-10 02:47:06,b'Shooting for perfection? #WednesdayWisdom #motivation #amwriting #MFRWauthor https://t.co/fd2sbSgm8A via @BarbaraWDaille'
2018-03-10 02:44:24,b'Will you make miracles? #WednesdayWisdom\n#quote #WednesdayWisdom #Motivation #Inspiration #SelfHelp #JeffYalden\xe2\x80\xa6 https://t.co/hB2RtCkODe'
2018-03-10 02:40:09,"b'@larrykim: #WednesdayWisdom  If you ever need to speak up / share your ideas during a meeting, remember this.  https://t.co/prYmoL3rEk\n\nm...'"
2018-03-10 02:29:25,b'The biggest room in the world\xe2\x80\xa6 is the room for improvement. #WednesdayWisdom \n\nhttps://t.co/uYa61lbnKX'
2018-03-10 02:18:07,b'Shooting for perfection? #WednesdayWisdom #motivation #amwriting #MFRWauthor https://t.co/bnVAMFHI5c via @BarbaraWDaille'
2018-03-10 02:08:25,b'Buy at https://t.co/NVYcA9q9LK  #WednesdayWisdom #bracelets #charmingsilverjn #braceletsfantaisie #fashion\xe2\x80\xa6 https://t.co/k18N6qJUml'
2018-03-10 02:05:36,b'The best goal is one you feel in your soul. - Tim Fargo #quote #WednesdayWisdom https://t.co/99uSIDsrH3'
2018-03-10 02:03:16,"b""Embrace Change.Try what you've never done so you can accomplish.... #quote #WednesdayWisdom\n\nhttps://t.co/O60cs95Omi"""
2018-03-10 02:02:37,"b""The road to success is longer than you'd like, but shorter than you imagine. - Tim Fargo #WednesdayWisdom https://t.co/rGnRJq4uHS"""
2018-03-10 01:45:35,b'@JesseBris Very wise #wednesdaywisdom :)'
2018-03-10 01:33:33,b'The biggest room in the world\xe2\x80\xa6 is the room for improvement. #WednesdayWisdom \n\nhttps://t.co/YHgVHuTjLu'
2018-03-10 01:29:25,b'Experience is simply the name we give our mistakes. - Oscar Wilde #quote #WednesdayWisdom https://t.co/UvtGf4hKiy'
2018-03-10 01:21:28,"b'Remember that failure is not the opposite of success, it is part of success. #WednesdayWisdom\nvia @TamaraMcCleary\n\nhttps://t.co/SBsGN2jSXL'"
2018-03-10 01:12:28,"b'Every time you subtract negative from your life, you make room for more positive. - Thurka #quote\xe2\x80\xa6 https://t.co/JYA3cvhQqt'"
2018-03-10 01:06:08,"b""@SPARKRJNOW Love #WokeWednesday!\nIt's like the advanced version of #WednesdayWisdom \xf0\x9f\x98\x8d"""
2018-03-10 01:00:01,b'6 tricks to help you ace your next UX design presentation!\n\nRead our post and put them to use right away:\xe2\x80\xa6 https://t.co/wx0GYIjgXG'
2018-03-10 00:59:56,"b""Don't let pain define you, let it refine you. - Tim Fargo #quote #wednesdaywisdom https://t.co/fYM7b7XPiQ"""
2018-03-10 00:37:29,b'Headed to the top? Be prepared to do some things people will hate.... \n\n#wednesdaywisdom via @jaltucher https://t.co/dpXbeXtDze'
2018-03-10 00:29:21,"b'I may not be there yet, but I\xe2\x80\x99m closer than I was yesterday. - unknown #WednesdayWisdom\n\nhttps://t.co/7FDaH2U0nd'"
2018-03-10 00:25:33,"b'Are you available for lunch for some #WednesdayWisdom? Join me for my FREE ""Lunch with My Life Coach"" #mentoring se\xe2\x80\xa6 https://t.co/AwI17NI1GT'"
2018-03-10 00:21:21,"b'When someone compliments you, don\xe2\x80\x99t just say \xe2\x80\x9cthanks.\xe2\x80\x9d Try \xe2\x80\x9cWhat a lovely compliment! Thanks.\xe2\x80\x9d That makes THEM feel\xe2\x80\xa6 https://t.co/m597X21D16'"
2018-03-10 00:19:19,b'Do you agree? If so pass it on... #KobeBryant https://t.co/CHaf2rTwaA #WednesdayWisdom'
2018-03-10 00:11:05,b'Nice way to start off or end your day even if you dont live by the ocean like david. Thanks David Wolfe &gt;\xe2\x80\xa6 https://t.co/b0qdlGyxtX'
2018-03-10 00:09:02,b'The Dinner Date #WednesdayWisdom https://t.co/kRo5IkdWF1 via @vidyasury'
2018-03-10 00:05:40,b'I can relate to this. #NurseryRhymes #sleep #sleeping #night #wakingup #sneakypete #beamaverick #fridayfeeling\xe2\x80\xa6 https://t.co/1sXOU46wh6'
2018-03-10 00:02:36,"b'My failure gave me strength, my pain was my motivation. - Michael Jordan #WednesdayWisdom\n\nhttps://t.co/TRfcxyfleh'"
2018-03-10 00:01:17,"b'#wednesdaywisdom \n\nConsider this the next time someone does not reply to you right away :) \n\nCarpe Diem,\n\nJesse... https://t.co/E4vUrlYq15'"
2018-03-10 00:00:14,b'Colour your world #WednesdayWisdom #themoodcards https://t.co/TwzLLxdRlg'
2018-03-09 23:58:30,b'It is easier to build strong children than to repair broken men. - Frederick Douglass #quote #wednesdaywisdom https://t.co/j980puyRH3'
2018-03-09 23:54:26,"b'If you can\'t fly, then run. If you can\'t run, then walk....- Martin Luther King Jr. #quote #WednesdayWisdom\n\nhttps://t.co/DvlXoQzidh""'"
2018-03-09 23:54:09,b'Shooting for perfection? #WednesdayWisdom #motivation #amwriting #MFRWauthor https://t.co/SPJFko2edO via @BarbaraWDaille'
2018-03-09 23:49:20,b'Headed to the top? Be prepared to do some things people will hate.... \n\n#wednesdaywisdom via @jaltucher\xe2\x80\xa6 https://t.co/XlVOvr8wdY'
2018-03-09 23:42:07,"b'Having a 2-steps-forward, stumble, face-plant sort of day? We all do. #keepstumbling #wednesdaywisdom https://t.co/g6CBcRSFKY'"
2018-03-09 23:36:27,b'Check out this post via @HearMeOutapp Getting over the envy. #envy #jealous #gratitude #wednesdaywisdom\xe2\x80\xa6 https://t.co/AVDAs0JG2K'
2018-03-09 23:32:18,"b""Let's do it today - we are all one step closer to our goals. #WednesdayWisdom \n\nhttps://t.co/0Inw5KjHC7"""
2018-03-09 23:28:03,"b""This one's for all of you who are about to move to a small town for an internship or job rotation program. \xe2\x8f\xb1\xef\xb8\x8f\xf0\x9f\x91\xaf\xe2\x80\x8d\xe2\x99\x80\xef\xb8\x8f\xe2\x80\xa6 https://t.co/C8iI60w89Z"""
2018-03-09 23:10:26,b'Never push a loyal person to the point where they no longer care. #WednesdayWisdom \n\nhttps://t.co/LFROPI5MEo'
