2018-04-02 18:02:36,@Fearnecotton hahaha just seen your episode of @Channel4 #fridaynightfeast and I too used to have tuna pasta bake w‚Ä¶ https://t.co/PfxHakA92a
2018-04-01 11:51:14,#jamieandjimmys on #c4 why have they got these two on? Dawn O‚ÄôDowd (O‚Äôporter bollocks) and Chris O‚ÄôDowd?  They've n‚Ä¶ https://t.co/9otjyY129P
2018-04-01 11:48:28,#DawnPorter and #ChrisOdowd are just so cute üòç #FridayNightFeast
2018-03-31 06:02:02,"#NailedIt !
Remember hiding down the hall watching him on Johnny Carson on a school night.
#votingmatters‚Ä¶ https://t.co/0IEPt1OKCF"
2018-03-31 03:11:17,"What would be fantastic right now is fresh mozzarella, crackers, wine, and someone to play guitar along with my moo‚Ä¶ https://t.co/uDUBBle3Za"
2018-03-31 01:23:31,"#FridayNightFeast #Lent Edition!
Grilled Swordfish 
Twice-baked Potato 
Steamed green beans 
Chopped Greens &amp; Tomat‚Ä¶ https://t.co/DRGZywAtdW"
2018-03-30 22:02:19,"Who‚Äôs creating a #CulinaryMasterpiece tonight? 
Make itüçñ
Take itüì∏
‚ÄòTag it #FridayNightFeast üçΩ
Tweet itüì±&amp; share with‚Ä¶ https://t.co/t4aSqMVisv"
2018-03-30 22:02:00,Industry Friday! @SuCasaMex @thtlogan @TroquetRivNorth @WeatherMarkTav @ZED451Chicago #fridaynightfeast‚Ä¶ https://t.co/NarHxcr3rW
2018-03-30 22:01:00,Industry Friday! @hutchchicago @Kitty_O_Sheas @KoiEvanston @kurahchicago @LandandLakeChi @luckystrikech‚Ä¶ https://t.co/09NWxpqGA0
2018-03-30 19:23:02,A review of Coupette in #BethnalGreen https://t.co/yUlDpT0ptV - Friday night bar of choice! #FridayNightFeast https://t.co/CvZqjXfdlf
2018-03-30 19:10:55,"Ignoring the dreary British weather this #GoodFriday, we're pulling a coconut flatbread recipe out of our favourite‚Ä¶ https://t.co/Vc05cpsYGC"
2018-03-30 15:48:00,"How hungry would you need to be to eat that?

https://t.co/u6eUk1CEK2 

#FridayNightFeast #FridayFeeling‚Ä¶ https://t.co/YnKtfN0qnd"
2018-03-30 15:23:40,"@jamieoliver here again in Manchester, but how do I get on your show #Fridaynightfeast"
2018-03-30 15:02:00,Not sure what to cook tonight? We've got you sorted - leaf through our #GoodFriday recipe collection and choose fro‚Ä¶ https://t.co/LKzlJeNOmD
2018-03-30 13:02:04,These are massive diver scallops that are perfect for a seafood dinner! #EasterWeekend #fridaynightfeast https://t.co/jLQXs9H1hv
2018-03-30 13:02:00,"From classic British puddings to elegant cheesecakes, check out our #Easter dessert recipe collection for your kitc‚Ä¶ https://t.co/i4E3Rhxv5z"
2018-03-30 12:52:06,"Tonight's #FridayNightFeast is cucumber dill salad, shoyu salmon with rice and veggies and Black Forest cake for de‚Ä¶ https://t.co/qgyMsv5z9p"
2018-03-30 11:14:23,"#fridaynightfeast #BBQchinese #mixedVegies #stirfry 
Sending you all #hugsnotguns - MayB #trump should see these gu‚Ä¶ https://t.co/6J22ig7aDb"
2018-03-30 00:25:22,https://t.co/ez0ZANWCyR #grilledcheesesandwichday recipe to die for #spicykitchen #fridaynightfeast @JoseArato
2018-03-28 14:51:00,Can this one idea turn lives around? #FridayNightFeast https://t.co/NRK4NVF7Kd
2018-03-27 16:50:00,#fabulous #fridaynight deal starts again this friday #FridayFeeling #FridayNightFeast #jerseyfarmhotel # TuesdayTho‚Ä¶ https://t.co/kq8F1N7vtG
2018-03-26 14:01:14,"These really are the best vegetables balls ever. You've got noodles, carrot, ginger and Chinese five-spice all comi‚Ä¶ https://t.co/L9enwpC4eh"
2018-03-26 14:00:01,"These really are the best vegetables balls ever. You've got noodles, carrot, ginger and Chinese five-spice all comi‚Ä¶ https://t.co/urNIucX7hG"
2018-03-25 11:39:44,@HamillHimself Cracking on ü•ö with @jamieoliver #fridaynightfeast üòÇ https://t.co/uhRtlJNLNK
2018-03-25 11:35:56,"Warwick Davis on Jimmy &amp; Jamie. 
Star Wars mentioned already.
Telling the Carrie Fisher milk &amp; cookies story.
A-FUC‚Ä¶ https://t.co/v4gCRdWYYD"
