2018-03-25 23:52:47,Need my checks. ‚úÖ‚úÖ‚úÖ‚úÖ‚úÖ#KillerMike #marchforourlives #safta #SaturdayMorning #KyrieIrving‚Ä¶ https://t.co/DAibcrGbaw
2018-03-25 23:21:05,"Reposting @egtours:
#travel #travelphotography #travelblogger #travelgram #egtgolftour #saturdaymorning #bucketlist‚Ä¶ https://t.co/DELA3sfayW"
2018-03-25 22:30:58,#SaturdayMorning #PalmOil in your chocolate #EasterEgg is directly linked to poaching and extinction. #PalmOilKills https://t.co/m2Fl0mMOcz
2018-03-25 22:30:15,"**2018W12_0324_100
#randbtokyo #tokyorandb #runningandbreakfast #March24th2018 #sakura #running from #kiyosumi‚Ä¶ https://t.co/4l4R17MB2U"
2018-03-25 22:13:30,Breakfast #alecbradleycigars event @tinderboxarb #saturdaymorning‚Ä¶ https://t.co/O2Azv5fIql
2018-03-25 21:16:04,"Reposting @egtours:
#travel #travelblogger #travelphotography #saturday #saturdaymorning #touroperator #travelgram‚Ä¶ https://t.co/453bA1WRbz"
2018-03-25 21:12:11,"Reposting @egtours:
#travel #travelphotography #travelblogger #travelgram #egtgolftour #saturdaymorning #bucketlist‚Ä¶ https://t.co/lQGx7FWvPP"
2018-03-25 20:49:42,Don‚Äôt let a failure diminish your BIGGER picture. Your life is not defined by a misstep‚Äîit is STRENGTHENED.  üí™‚Ä¶ https://t.co/qbQPBlC7Ob
2018-03-25 20:23:14,March Madness Cartoon Tournament Sweet Sixteen. Which do you like better? #SaturdayMorning #Marvel #Disney‚Ä¶ https://t.co/c4CAuLVNmr
2018-03-25 20:23:13,March Madness Cartoon Tournament Sweet Sixteen. Which do you like better? #SaturdayMorning #Marvel #Disney‚Ä¶ https://t.co/EKMIvHR8c4
2018-03-25 20:21:08,"Reposting @egtours: - via @Crowdfire 
#travel #travelphotography #travelblogger #travelgram #egtgolftour‚Ä¶ https://t.co/SZCzDs12Xe"
2018-03-25 20:16:05,"Reposting @egtours:
Take an #egtgolftour  To #italy #italytrip #italytravel #bucketlist #history #culture #wine‚Ä¶ https://t.co/xnwbvGp71L"
2018-03-25 19:24:11,"Reposting @egtours:
#travel #travelphotography #travelblogger #travelgram #egtgolftour #saturdaymorning #bucketlist‚Ä¶ https://t.co/IOeDeJFxqj"
2018-03-25 18:35:49,This one is my favorite drone now. #MavicAir üí¢üéÆü§ì #SaturdayMorning  https://t.co/AKXvTADRL7 https://t.co/lvCFMWOlC1
2018-03-25 18:34:14,"Apparently, Trump wanted to be President for 'fame and fortune'. 

Only 7,183 &amp; 8,755 Retweets? 
What's wrong‚Ä¶ https://t.co/24DACLAGTY"
2018-03-25 18:25:24,@MommyMei98 from #SaturdayMorning !! Doesn‚Äôt she just look divine!! Squeeee https://t.co/prL4Ju7lrW
2018-03-25 18:16:13,"The US Launch of Balance 7 Alkanline Water | Sunday, April 15
https://t.co/uXl2csF5HI
#saturdaymorning‚Ä¶ https://t.co/wczrtdZmja"
2018-03-25 18:14:26,@mikethemiz vs Mr perfect in 1996 for the I.C title on #SaturdayMorning superstars on the #USA network main event imagine the legacy
2018-03-25 18:02:43,"Merci! Midwest Book Review loved it: ""an especially vivid, engrossing read."" https://t.co/3Ylmft7Eip‚Ä¶ https://t.co/G1yICF7rst"
2018-03-25 18:00:43,"Thank you @TomHall for #SharingPlanetBeauty

Magic
üê¨ ‚òòÔ∏è
#SaturdayMorning #Whales #Ocean #StPatricksDay 
https://t.co/45xISCD7Ww"
2018-03-25 17:48:37,@venture_service Do you like chocolate as much as we do and want the chance to WIN a hamper full of easter goodies?‚Ä¶ https://t.co/f0uT5m29DU
2018-03-25 17:44:44,Concerned citizen Jimmy Kimmel noticed something was missing from an item he bought from Donald J. Trump's sons' on‚Ä¶ https://t.co/bpVpGVLYQU
2018-03-25 17:43:04,All my books on Amazon https://t.co/3Jzg3c2BqT‚Ä¶ ‚Ä¶‚Ä¶ #asmsg #bookboost #books #memoir #mentalhealth #novel #novella‚Ä¶ https://t.co/eCoHQCbYdh
2018-03-25 17:21:20,"@venture_service
Do you like chocolate as much as we do and want the chance to WIN a hamper full of easter goodies?‚Ä¶ https://t.co/RbDrUj4TI7"
2018-03-25 17:20:11,"Reposting @egtours:
Take an #egtgolftour  To #italy #italytrip #italytravel #bucketlist #history #culture #wine‚Ä¶ https://t.co/AXwLLu9VQW"
2018-03-25 17:03:27,"The Eurasian Film Festival Dacorum (IEFF), UK Submit films to @FilmFreeway https://t.co/0frFjBQ9ut in the Borough o‚Ä¶ https://t.co/zGcRFCqjK4"
2018-03-25 17:00:10,Yes you are! ‚ù§Ô∏èüî•üòÉ #SaturdayMorning #SaturdayMotivation #Affirmation #bdib #selflove https://t.co/fNmYVHaAV3
2018-03-25 16:54:53,Remember? This is what 'santorum' stands for; The frothy mixture of lube and fecal matter that is sometimes the by-‚Ä¶ https://t.co/SoynBHX8ia
2018-03-25 16:33:31,"Oh...sweet ironic hypocrisy...thine sting doth induce such laughter and tears...
#MAGA #TCOT #2A #NRA #IAmTheNRA‚Ä¶ https://t.co/IYywq0TiQe"
2018-03-25 16:31:57,"@AngelKat777 @redalertnow @Justinlovebug1 @FightNowAmerica So, once again, you're using somewhat nebulous phraseolo‚Ä¶ https://t.co/4VEgj8aOp6"
2018-03-25 16:29:54,Only 3 days left to enter to win a paperback copy of THE CONFESSIONS OF YOUNG NERO by Margaret George!‚Ä¶ https://t.co/CVMK3h3a2h
2018-03-25 16:28:33,"A TRUE blackbelt in the art of ""come backs""...
#MAGA #TCOT #2A #NRA #IAmTheNRA #Trump #GunControlNow #NeverAgain‚Ä¶ https://t.co/E9VQ0lVeV8"
2018-03-25 16:16:08,"Reposting @egtours:
#travel #travelphotography #travelblogger #travelgram #egtgolftour #saturdaymorning #bucketlist‚Ä¶ https://t.co/N7FYdPvt5d"
2018-03-25 16:15:17,"Reposting @egtours: - via @Crowdfire 
#travel #travelphotography #travelblogger #travelgram #egtgolftour‚Ä¶ https://t.co/PFakOzrUTM"
2018-03-25 16:14:12,"I just want bottomless mimosas! ü•Çü•Ç
#SundayFunday #brunch #mimosa #coffee #love #fashion #style #goals #mood‚Ä¶ https://t.co/ndVWJ7SKKk"
2018-03-25 16:03:11,My 4-year-old says that our #SaturdayMorning #DiffuserBlend smells like an airplane ‚úà Either‚Ä¶ https://t.co/rbkO4HvjwP
2018-03-25 16:01:31,"Saturday morning class üßòüèº‚Äç‚ôÄÔ∏è  

‚ÄúQuiet your mind. Free your body.‚Äù

#suryanamaskab #yogaclass #saturdaymorning https://t.co/EdiZC1RrIG"
2018-03-25 15:45:46,"There is not a digital strategy anymore, just a strategy in a digital world.

(I snapped this pic at the @Tate art‚Ä¶ https://t.co/mKQNJXV0CN"
2018-03-25 15:43:13,#saturdaymorning #yarnporn  stay tuned for the newest project!‚Ä¶ https://t.co/oqsmmGXBdI
2018-03-25 15:41:15,"Thank God for @POTUS...
And thank God for @Project_Veritas and @JamesOKeefeIII !
#MAGA #TCOT #2A #NRA #IAmTheNRA‚Ä¶ https://t.co/f66TyaT9q1"
2018-03-25 15:35:50,"@AngelKat777 @redalertnow @Justinlovebug1 @FightNowAmerica Last question
Where do you think we'd be if the Brits ha‚Ä¶ https://t.co/cZ0RuMioyk"
2018-03-25 15:34:23,Shopping for #eyewear is fun especially on a #SaturdayMorning @SwaimTerry https://t.co/9AU3KjMOYs
2018-03-25 15:33:13,"@AngelKat777 @redalertnow @Justinlovebug1 @FightNowAmerica ""Idiots like you"" meaning what exactly? Whose rights do‚Ä¶ https://t.co/S3lrUlFS82"
2018-03-25 15:30:07,"Reposting @egtours: - via @Crowdfire 
#travel #travelphotography #travelblogger #travelgram #egtgolftour‚Ä¶ https://t.co/9b42lDcFpw"
2018-03-25 15:27:29,@Debrah38249436 @James_Alan61 @Justinlovebug1 @AngelKat777 @FightNowAmerica Apparently the only children that are e‚Ä¶ https://t.co/vyqzUhHsDH
2018-03-25 15:24:45,"@ScottPresler @SthrnMomNGram Nisa Mickens &amp; Kayla Cuevas are people of color murdered by MS-13. 

The democrats ref‚Ä¶ https://t.co/ljubz51pmx"
2018-03-25 15:22:20,"Another ""tolerant"" lib insults an MSD survivor who doesn't agree with her.
The same lib  who then proceeds to lectu‚Ä¶ https://t.co/UcDNKYLkNF"
2018-03-25 15:08:16,#saturdaymorning #firststop #designandfashion #museedesartsdecoratifs  hermes #martinmargiela‚Ä¶ https://t.co/OrOu8rVnbv
2018-03-25 15:05:29,"""Guns can't protect children!""...unless your child attends a private school like the ones politicians send their ch‚Ä¶ https://t.co/yLg2iC0YPk"
2018-03-25 15:02:16,"Reposting @egtours: - via @Crowdfire 
#travel #travelphotography #travelblogger #travelgram #egtgolftour‚Ä¶ https://t.co/492UhKoQpw"
2018-03-25 15:00:21,Thanks for adding me to you hate lists.@scathachultor! I appreciate it! I love hearing from people who's lives I've‚Ä¶ https://t.co/0cTwslxSME
2018-03-25 14:48:00,"The US Launch of Balance 7 Alkanline Water | Sunday, April 15
https://t.co/cFUqKPPQtt
#saturdaymorning‚Ä¶ https://t.co/S4pI2GoRf5"
2018-03-25 14:30:16,"Richard getting in some exercise time! üòä‚ù§Ô∏è
.
.
#tuscangardens #seniorliving #memorycare #saturdaymorning #exercise‚Ä¶ https://t.co/4aUgsaBieQ"
2018-03-25 14:30:08,"Reposting @egtours: - via @Crowdfire 
#travel #travelphotography #travelblogger #travelgram #egtgolftour‚Ä¶ https://t.co/U5XDByVZuC"
2018-03-25 14:26:37,Allow your natural state of being fill you today ~ Peace #SuperSoulSunday #SuccessTrain #SaturdayMorning‚Ä¶ https://t.co/aiius0BQJP
2018-03-25 14:21:11,"Reposting @egtours: - via @Crowdfire 
#travel #travelphotography #travelblogger #travelgram #egtgolftour‚Ä¶ https://t.co/hRro0Pjy19"
2018-03-25 14:00:03,"Knowing limitations and Wyatt Earp impressions the Unwritable Rant podcast

https://t.co/iUdEECbl0M

#podernfamily‚Ä¶ https://t.co/v2J39c2zYj"
2018-03-25 13:44:40,"To all Americans marching against the 2nd Ammendmant today, how many of you would be willing to put a ""Gun Free Zon‚Ä¶ https://t.co/tNh5DELP8F"
2018-03-25 13:26:07,"#SaturdayMorning #SundayThoughts 

You don‚Äôt need a gun to kill a child 

#PlannedParenthood #PP

@realDonaldTrump https://t.co/wiwrHE2AMO"
2018-03-25 13:25:13,"Reposting @egtours:
Take an #egtgolftour  To #italy #italytrip #italytravel #bucketlist #history #culture #wine‚Ä¶ https://t.co/fYiiZ7cLbU"
2018-03-25 13:25:01,"@SJosephBurns And most importantly, receive Jesus of the Holy Bible as your Lord &amp; Savior. #SaturdayMorning"
2018-03-25 13:17:09,"Reposting @egtours: - via @Crowdfire 
#travel #travelphotography #travelblogger #travelgram #egtgolftour‚Ä¶ https://t.co/3mhh6xSNyg"
2018-03-25 13:05:16,"Reposting @egtours: - via @Crowdfire 
Take an #egtgolftour  To #italy #italytrip #italytravel #bucketlist #history‚Ä¶ https://t.co/NtaMvr2Aq6"
2018-03-25 12:34:53,Trial fit #fasteddie #pipeburn #bikeexif #bikebound  #bikelife #bikes #cafe #caferacer #racetothecafe‚Ä¶ https://t.co/p0TP18DG5S
2018-03-25 12:03:50,@realDonaldTrump Guessing You Didn't Attend Palm Sunday Church Services Today.. Well You Can Look Forward To‚Ä¶ https://t.co/XVSthgYzEo
2018-03-25 12:02:05,"ACTION NEEDED!

Tony is a #MAGA candidate, running against swamp creature, McCaskill.

Please follow, support, and‚Ä¶ https://t.co/hbtTAH0xHv"
2018-03-25 11:42:56,#SaturdayMorning vibe https://t.co/WoEblzbAMa
2018-03-25 11:39:31,#linedudes 1st &amp; 2nd in line #saturdaymorning for #hamiltonmusical #matinee and #evening tickets #skiptheline‚Ä¶ https://t.co/rdyELYjY1h
2018-03-25 11:22:01,Loves a Full English this one. She is suppose to be using her spoon though. #SaturdayMorning https://t.co/0v5FL4acTV
2018-03-25 11:05:05,"Reposting @egtours:
#travel #travelphotography #travelblogger #travelgram #egtgolftour #saturdaymorning #bucketlist‚Ä¶ https://t.co/lU0gDRmG7Y"
2018-03-25 10:46:20,"Time to go
#FoxandFriends #Tcot #ccot #QAnon #Trump #MAGA
#SaturdayMorning by #Hamidonl https://t.co/PMhZwlo9Hs"
2018-03-25 10:30:14,"**2018W12_0324_100 
#randbtokyo #tokyorandb #runningandbreakfast #March24th2018 #sakura #running from #kiyosumi‚Ä¶ https://t.co/5xQLyjDjYl"
