2018-04-02 21:00:05,strip games [Frisky Business Game]: https://t.co/FONKrPGTZG OR https://t.co/dea6ao2SQD #SaturdayMotivation #bringit‚Ä¶ https://t.co/Yc714yVapr
2018-04-02 19:28:36,"Retweeted InspiSuccess (@inspisuccess):

A fool thinks himself to be wise, but a wise man knows himself to be a foo‚Ä¶ https://t.co/FtjWibAkjm"
2018-04-02 18:24:11,"Reposting @live2inspire85:
""My past doesn't define me, it strengthened me. My struggles never defeat me, they devel‚Ä¶ https://t.co/L7hF1GtNXW"
2018-04-02 17:15:26,#follow us reallifeonline1 #trending #news #breakingnews #SocialMedia #celebritynews #facebook #Mondaymotivation‚Ä¶ https://t.co/aU5XcTs0rS
2018-04-02 17:06:40,Can't wait for #TuesdayThoughts tomorrow. And for #WednesdayMotivation + #FridayMotivation. And #FridayFeeling! I f‚Ä¶ https://t.co/eFhNunsQnw
2018-04-02 15:10:17,Good morning Daddy ‚òÄÔ∏èüíãslide in my DMs for nudes üëÖ #cum #cumtribute  #slut #teen #ass #girls #hot #dirty #real‚Ä¶ https://t.co/xgHLs7BDYV
2018-04-02 14:49:06,All The #God We Cannot See: Why There Is God by Sam Oputa #Gods #Aliens #Alien #PeopleNow #Life #Evolve #evolution‚Ä¶ https://t.co/kjM3wgYfxg
2018-04-02 14:48:20,#Faith or #Reason: Can Science Silence God? by Sam Oputa #MondayMotivations #SaturdayMotivation #mondaythoughts‚Ä¶ https://t.co/KKpJwe5Gmi
2018-04-02 14:47:42,https://t.co/SYO6pb9Run  #Read with #kindleunimited  about #living #livingthedream #LivingTheLegacy #destiny‚Ä¶ https://t.co/Cd2ZkgUSTA
2018-04-02 14:01:14,"Reposting @dakota_c223:
""Stop planting flowers in people's yards who aren't going to water them.""
*
*‚Ä¶ https://t.co/Yy0cA7S5dk"
2018-04-02 13:21:06,"Reposting @live2inspire85:
""My past doesn't define me, it strengthened me. My struggles never defeat me, they devel‚Ä¶ https://t.co/Kg1P5bKewa"
2018-04-02 11:51:54,"Dear Patriots:üá∫üá∏

We fought &amp; won 2016
We fight evil daily
We aren‚Äôt quitters, we‚Äôre fighters
We are fighters for F‚Ä¶ https://t.co/ZvBbdMNdTv"
2018-04-02 11:17:43,"We see you peeking out Vista 400!

.@WFLA   This place Rocks!!!! @CityofTampa @813AllDowntown #weekend‚Ä¶ https://t.co/4tX3MJWXVF"
2018-04-02 10:00:48,Interested in one of the most rewarding careers? Explore our Early Years courses this Monday &gt;&gt;‚Ä¶ https://t.co/6IlHeBKqZW
2018-04-02 09:44:54,"Saturday 7th April 2018.

@MilfordHavenRFC VS @Hwestrfc 

14:30pm @ Observatory Ground.

#rugby #SaturdayMotivation‚Ä¶ https://t.co/eBNXno8m83"
2018-04-02 09:05:09,"Reposting @live2inspire85:
Stop worrying! God has given you a miracle before and He will do it again! üôè‚Ä¶ https://t.co/GYFXJ231mH"
2018-04-02 03:32:39,"In the 60's you were either FOR civil rights or AGAINST civil rights.There was NO middle ground. 

In 2018 you're e‚Ä¶ https://t.co/bkQcL8aJpg"
2018-04-02 03:01:23,For even the Son of Man came not to be served but to serve others and to give his life as a ransom for many. - Matt‚Ä¶ https://t.co/qNNE1whY3S
2018-04-02 01:49:33,Brandi and Jeni had a blast meeting friends in New Orleans yesterday for delicious food and a trip to the zoo!‚Ä¶ https://t.co/h93AtvGQKE
2018-04-02 01:42:25,"#Reality_Of_Vedas
It is said in the Rig Veda Mandal No. 9 Suk 82 Mantra 1 that God is real and achieves sincerity,‚Ä¶ https://t.co/i6pIvc2ceu"
2018-04-02 00:19:12,"Reposting @just_aytch:
""Stop planting flowers in people's yards who aren't going to water them."" #wordstoliveby‚Ä¶ https://t.co/sa1vrmN062"
2018-04-02 00:03:19,Too awesome! We get help in the greatest of places! #SaturdayMotivation https://t.co/3irZpkb70J
2018-04-01 22:32:52,"One of our favorite landmarks in New Orleans. 

#NewOrleans #Louisiana #visitlouisiana #feedyoursoul #TravelSkills‚Ä¶ https://t.co/RKxvawPf2R"
2018-04-01 21:06:02,@seanhannity An actual Parkland survivor @KyleKashuv and another classmate David Hogg have a Face-Off! Hero vs Zero‚Ä¶ https://t.co/dKBM2FbwlA
2018-04-01 20:59:12,"Life is 10% what happens to you and 90% on how you react to it.
A Harem Boy's Saga - II - UNBRIDLED; a memoir by Yo‚Ä¶ https://t.co/PxANfCK7B4"
2018-04-01 20:17:56,@RealJamesWoods An actual Parkland survivor @KyleKashuv and another classmate David Hogg have a Face-Off! Hero vs Z‚Ä¶ https://t.co/lUquu9z4Os
2018-04-01 17:15:17,#follow us reallifeonline1 #trending #news #breakingnews #SocialMedia #celebritynews #facebook #Mondaymotivation‚Ä¶ https://t.co/jWRdJ1BTCH
2018-04-01 17:09:04,"Reposting @live2inspire85:
""My past doesn't define me, it strengthened me. My struggles never defeat me, they devel‚Ä¶ https://t.co/QkpXQWvTn4"
2018-04-01 16:10:04,"Don't let someone's bad behaviour destroy your inner peace.

#SaturdayMotivation #weekend #WeekendWisdom #grateful‚Ä¶ https://t.co/SUUV6I6sWX"
2018-04-01 15:45:26,Good morning Daddy ‚òÄÔ∏èüíãslide in my DMs for nudes üëÖ #cum #cumtribute  #slut #teen #ass #girls #hot #dirty #real‚Ä¶ https://t.co/YCpScKoUje
2018-04-01 15:26:37,"#saturdaymotivation 
BACK favorite single rows with some @orangewhipgolf thrown in at -16C.‚Ä¶ https://t.co/l42Vhe7ug3"
2018-04-01 15:04:20,Show em who you are #jdandol 2020 #Monarchs keep it going #HipHop #HIPHOPMUSIC #rap #art #artists #Artist‚Ä¶ https://t.co/ldd61hyvLU
2018-04-01 14:06:00,‚ÄúRemember always that you have not only the right to be an individual; you have an obligation to be one. You cannot‚Ä¶ https://t.co/q09ajVFkeT
2018-04-01 12:57:38,"Retweeted Jerry Mitchell (@JMitchellNews):

A reader lives a 1,000 lives before dying. A man who never reads lives‚Ä¶ https://t.co/XSnPh5X869"
2018-04-01 12:50:48,"No one is an introvert, we all are just musical instruments who just strum at full rhythm when the right chords are‚Ä¶ https://t.co/DUPDgAng5m"
2018-04-01 12:44:11,"It takes great courage to admit to our own selves that we are broken.

Check out the article, ""Why is There Nothing‚Ä¶ https://t.co/mLzXA5DOwH"
2018-04-01 12:39:23,@vesperhomes #SaturdayMotivation  lovely #Paddington
2018-04-01 11:17:38,@Coins4Favors #ICO #C4F #BountyHunter #eth #SaturdayMotivation #P2P #Blockchain #CryptocurrencyNews #cryptotwitter‚Ä¶ https://t.co/qBJgHIiEpi
2018-04-01 10:35:04,A fast way to blend #photo with Fusion Photoblend Free https://t.co/jXHiGNT6Ra #Earth #nasa #Nature #astronomy‚Ä¶ https://t.co/Nq06v2CR0S
2018-04-01 10:00:12,"It's important for your child to have someone to look up to. Be it a singer, a scientist, an actor or an entreprene‚Ä¶ https://t.co/1e5EJnK2Qw"
2018-04-01 09:00:29,"We have previously mentioned coffee and its benefits when it comes to working out ‚òïÔ∏èüí™

Here's 5 reasons to drink ca‚Ä¶ https://t.co/IJr0Pa3AQi"
2018-04-01 07:43:35,"Stick thisüî•in yo #playlist &amp; #smokeit
#RIZOTHEMESSENGER #NoRegulations1 &amp; 2

 #StreamingLive in #stores #Mile8‚Ä¶ https://t.co/KY5sMwErcl"
2018-04-01 07:43:24,"Stick thisüî•in yo #playlist &amp; #smokeit
#RIZOTHEMESSENGER #NoRegulations1 &amp; 2

#StreamingLive in #stores #Mile8‚Ä¶ https://t.co/Spb6hJ9qSU"
2018-04-01 07:43:14,"Stick thisüî•in yo #playlist &amp; #smokeit
 #RIZOTHEMESSENGER #NoRegulations1 &amp; 2

#StreamingLive in #stores #Mile8‚Ä¶ https://t.co/nWG8QAzBs3"
2018-04-01 07:42:19,"Stick thisüî•in yo #playlist &amp; #smokeit
#RIZOTHEMESSENGER #NoRegulations1 &amp; 2

  #StreamingLive in #stores #Mile8‚Ä¶ https://t.co/oqfoY3nX3I"
2018-04-01 07:42:02,"Stick thisüî•in yo #playlist &amp; #smokeit
#RIZOTHEMESSENGER #NoRegulations1 &amp; 2

  #StreamingLive in #stores #Mile8‚Ä¶ https://t.co/DvM7zqhW6z"
2018-04-01 07:41:26,"Stick thisüî•in yo #playlist &amp; #smokeit
#RIZOTHEMESSENGER #NoRegulations1 &amp; 2

#StreamingLive in #stores #Mile8‚Ä¶ https://t.co/IL0XU3myZG"
2018-04-01 07:38:12,"Stick thisüî•in yo #playlist &amp; #smokeit
#RIZOTHEMESSENGER #NoRegulations1 &amp; 2

#StreamingLive in #stores #Mile8‚Ä¶ https://t.co/qlaswyCrQy"
2018-04-01 07:31:34,"Stick thisüî•in yo #playlist &amp; #smokeit
 #RIZOTHEMESSENGER #NoRegulations1 &amp; 2

#StreamingLive in #stores #Mile8‚Ä¶ https://t.co/u4Voi4ZYbv"
2018-04-01 07:31:24,"Stick thisüî•in yo #playlist &amp; #smokeit
 #RIZOTHEMESSENGER #NoRegulations1 &amp; 2

 #StreamingLive in #stores #Mile8‚Ä¶ https://t.co/jssKL6wBGj"
2018-04-01 07:31:04,"Stick thisüî•in yo #playlist &amp; #smokeit
#RIZOTHEMESSENGER #NoRegulations1 &amp; 2

#StreamingLive in #stores #Mile8‚Ä¶ https://t.co/meSmbym0eG"
2018-04-01 07:30:54,"Stick thisüî•in yo #playlist &amp; #smokeit
#RIZOTHEMESSENGER #NoRegulations1 &amp; 2

 #StreamingLive in #stores #Mile8‚Ä¶ https://t.co/Wck5UzIYi6"
2018-04-01 07:30:47,"Stick thisüî•in yo #playlist &amp; #smokeit
#RIZOTHEMESSENGER #NoRegulations1 &amp; 2

#StreamingLive in #stores #Mile8‚Ä¶ https://t.co/1JMP82SJQS"
2018-04-01 07:30:08,#Faith or #Reason: Can Science Silence God? by Sam Oputa #MondayMotivations #SaturdayMotivation #mondaythoughts‚Ä¶ https://t.co/Yvc5unrqV1
2018-04-01 07:29:28,"Stick thisüî•in yo #playlist &amp; #smokeit
#RIZOTHEMESSENGER #NoRegulations1 &amp; 2

#StreamingLive in #stores #Mile8‚Ä¶ https://t.co/RPsqfnZnaS"
2018-04-01 07:29:15,"Stick thisüî•in yo #playlist &amp; #smokeit
#RIZOTHEMESSENGER #NoRegulations1 &amp; 2

#StreamingLive in #stores #Mile8‚Ä¶ https://t.co/65aD7uDDiZ"
2018-04-01 07:29:02,"Stick thisüî•in yo #playlist &amp; #smokeit
#RIZOTHEMESSENGER #NoRegulations1 &amp; 2

#StreamingLive in #stores #Mile8‚Ä¶ https://t.co/DVA33pFGXN"
2018-04-01 07:28:49,"Stick thisüî•in yo #playlist &amp; #smokeit
#RIZOTHEMESSENGER #NoRegulations1 &amp; 2

#StreamingLive in #stores #Mile8‚Ä¶ https://t.co/HzUcWZR1CP"
2018-04-01 07:28:26,"#Bible #Diet (Bible Diet, An Apple a Day Book 1) by J Parker #BibleFood #PeopleNow #PeopleKind #SaturdayMotivation‚Ä¶ https://t.co/l8szZOeMGK"
2018-04-01 07:25:12,"Stick thisüî•in yo #playlist &amp; #smokeit
#RIZOTHEMESSENGER #NoRegulations1 &amp; 2

#StreamingLive in #stores #Mile8‚Ä¶ https://t.co/cWzjMajrGb"
2018-04-01 07:25:03,"Stick thisüî•in yo #playlist &amp; #smokeit
#RIZOTHEMESSENGER #NoRegulations1 &amp; 2

#StreamingLive in #stores #Mile8‚Ä¶ https://t.co/JqlaARYVtz"
2018-04-01 07:21:24,"Stick thisüî•in yo #playlist &amp; #smokeit
 #RIZOTHEMESSENGER #NoRegulations1 &amp; 2

#StreamingLive in #stores #Mile8‚Ä¶ https://t.co/AoPvUVrAXu"
2018-04-01 07:20:42,"Stick thisüî•in yo #playlist &amp; #smokeit
 #RIZOTHEMESSENGER #NoRegulations1 &amp; 2

#StreamingLive in #stores #Mile8‚Ä¶ https://t.co/cAKtvJlzKe"
2018-04-01 07:19:43,"Stick thisüî•in yo #playlist &amp; #smokeit
#RIZOTHEMESSENGER #NoRegulations1 &amp; 2

#StreamingLive in #stores #Mile8‚Ä¶ https://t.co/otpDoWFhGT"
2018-04-01 07:19:36,#Airdrop for 1000 ‚Ä¢ 5000 free #C4F 1. Tweet about our #ICO and include @Coins4Favors 2. fill out form‚Ä¶ https://t.co/gTSRVN7Abo
2018-04-01 07:18:44,"Stick thisüî•in yo #playlist &amp; #smokeit
#RIZOTHEMESSENGER #NoRegulations1 &amp; 2

#StreamingLive in #stores #Mile8‚Ä¶ https://t.co/IteGLLfIKo"
2018-04-01 06:57:26,"What's up with some of the community relating to loud, ignorant, rude,  ghetto attacking air-heads????!!! Please, i‚Ä¶ https://t.co/P08tgpp1mg"
2018-04-01 06:53:06,"Stick thisüî•in yo #playlist &amp; #smokeit
#RIZOTHEMESSENGER #NoRegulations1 &amp; 2

#StreamingLive in #stores #Mile8‚Ä¶ https://t.co/B8B36dKFAX"
2018-04-01 06:38:06,"Stick thisüî•in yo #playlist &amp; #smokeit
 #RIZOTHEMESSENGER  #NoRegulations1 &amp; 2

#StreamingLive in #stores #Mile8‚Ä¶ https://t.co/fGvt6uewrE"
2018-04-01 06:37:51,"Stick thisüî•in yo #playlist &amp; #smokeit
 #RIZOTHEMESSENGER  #NoRegulations1 &amp; 2

#StreamingLive in #stores #Mile8‚Ä¶ https://t.co/wGLGwZoDG3"
2018-04-01 06:37:15,"Stick thisüî•in yo #playlist &amp; #smokeit
#RIZOTHEMESSENGER #NoRegulations1 &amp; 2

#StreamingLive in #stores #Mile8‚Ä¶ https://t.co/d74nW2Ybr6"
2018-04-01 06:37:00,"Stick thisüî•in yo #playlist &amp; #smokeit
#RIZOTHEMESSENGER #NoRegulations1 &amp; 2

 #StreamingLive in #stores #Mile8‚Ä¶ https://t.co/YBvMjBaWIB"
2018-04-01 06:31:27,"Stick thisüî•in yo #playlist &amp; #smokeit
 #RIZOTHEMESSENGER #NoRegulations1 &amp; 2

 #StreamingLive in #stores #Mile8‚Ä¶ https://t.co/hxUTTHe8nl"
2018-04-01 06:29:33,"Stick thisüî•in yo #playlist &amp; #smokeit
#RIZOTHEMESSENGER #NoRegulations1 &amp; 2

#StreamingLive in #stores #Mile8‚Ä¶ https://t.co/5bDG6LHSbm"
2018-04-01 06:29:19,"Stick thisüî•in yo #playlist &amp; #smokeit
 #RIZOTHEMESSENGER #NoRegulations1 &amp; 2

#StreamingLive in #stores #Mile8‚Ä¶ https://t.co/YMmpJL59lD"
2018-04-01 06:29:03,"Stick thisüî•in yo #playlist &amp; #smokeit
#RIZOTHEMESSENGER #NoRegulations1 &amp; 2

#StreamingLive in #stores #Mile8‚Ä¶ https://t.co/qroTgparG6"
2018-04-01 06:28:49,"Stick thisüî•in yo #playlist &amp; #smokeit
#RIZOTHEMESSENGER #NoRegulations1 &amp; 2

#StreamingLive in #stores #Mile8‚Ä¶ https://t.co/vjvSK2t609"
2018-04-01 06:15:29,"#velour #croptop and #rainbowbrite gym bag serving #werqingirl realness.

Or some #gayslut on a #streetcorner in th‚Ä¶ https://t.co/UWBqm97VyQ"
2018-04-01 06:13:40,"Stick thisüî•in yo #playlist &amp; #smokeit
 #RIZOTHEMESSENGER #NoRegulations1 &amp; 2

#StreamingLive in #stores #Mile8‚Ä¶ https://t.co/FlHrPqTtck"
2018-04-01 05:50:13,"The Teachings of Tempu: Practical Meditation for Daily Life- https://t.co/EKZnwbiXlb
#yoga #meditation #meditate‚Ä¶ https://t.co/zL2Vj1SNdk"
2018-04-01 05:43:16,"Japanese Yoga: The Way of Dynamic Meditation- https://t.co/Jy8sMOyBK3
#yoga #yogaeverydamnday #yogainspiration‚Ä¶ https://t.co/1k33OuygVY"
2018-04-01 05:31:36,"I am about to start a series of art demonstrations showing how to paint water, using varied mediums, to be shared o‚Ä¶ https://t.co/ccbLDxVCeu"
2018-04-01 05:10:08,"Stick thisüî•in yo #playlist &amp; #smokeit
 #RIZOTHEMESSENGER  #NoRegulations1 &amp; 2

#StreamingLive  in #stores #Mile8‚Ä¶ https://t.co/IDCwETCZyc"
2018-04-01 05:09:06,"Stick thisüî•in yo #playlist &amp; #smokeit
 #RIZOTHEMESSENGER  #NoRegulations1 &amp; 2

#StreamingLive in #stores #Mile8‚Ä¶ https://t.co/a9MfGu5bj3"
2018-04-01 05:08:48,"Stick thisüî•in yo #playlist &amp; #smokeit
#RIZOTHEMESSENGER #NoRegulations1 &amp; 2

#StreamingLive in #stores #Mile8‚Ä¶ https://t.co/0dLQcgELEd"
2018-04-01 05:08:30,"Stick thisüî•in yo #playlist &amp; #smokeit
#RIZOTHEMESSENGER #NoRegulations1 &amp; 2

 #StreamingLive in #stores #Mile8‚Ä¶ https://t.co/NDuVFnOxPW"
2018-04-01 05:07:55,"Stick thisüî•in yo #playlist &amp; #smokeit
#RIZOTHEMESSENGER #NoRegulations1 &amp; 2

 #StreamingLive in #stores #Mile8‚Ä¶ https://t.co/B1ag633U2J"
2018-04-01 05:07:44,"Stick thisüî•in yo #playlist &amp; #smokeit
#RIZOTHEMESSENGER #NoRegulations1 &amp; 2

#StreamingLive in #stores #Mile8‚Ä¶ https://t.co/X7ksTFs6Iw"
2018-04-01 05:07:31,"Stick thisüî•in yo #playlist &amp; #smokeit
#RIZOTHEMESSENGER #NoRegulations1 &amp; 2

#StreamingLive in #stores #Mile8‚Ä¶ https://t.co/ICM05sQcKl"
2018-04-01 05:07:21,"Stick thisüî•in yo #playlist &amp; #smokeit
#RIZOTHEMESSENGER #NoRegulations1 &amp; 2

#StreamingLive in #stores #Mile8‚Ä¶ https://t.co/ZGzSQUvgyc"
2018-04-01 05:07:10,"Stick thisüî•in yo #playlist &amp; #smokeit
#RIZOTHEMESSENGER #NoRegulations1 &amp; 2

#StreamingLive in #stores #Mile8‚Ä¶ https://t.co/oowh1HNbqo"
2018-04-01 05:04:36,"Stick thisüî•in yo #playlist &amp; #smokeit
#RIZOTHEMESSENGER #NoRegulations1 &amp; 2

#StreamingLive in #stores #Mile8‚Ä¶ https://t.co/BrG2ooEoN0"
2018-04-01 05:00:11,"üé∞ $200 Free and 100 Free Spins

üí∞ Easter Special 

üëâ https://t.co/ggnAjbeod3 

#News #SaturdayMotivation #theweeknd‚Ä¶ https://t.co/indJLpf8bY"
2018-04-01 04:55:00,Whatever you do: Never cross the ocean for someone who wouldn't even jump over a puddle for you. #SaturdayMotivation
2018-04-01 04:54:57,You know you looking right when even the #gay guys are buying you #drinks!  üòÄ #SaturdayGroove #saturdaymotivation‚Ä¶ https://t.co/BsQpmSSf1F
2018-04-01 04:40:19,"Stick thisüî•in yo #playlist &amp; #smokeit
#RIZOTHEMESSENGER #NoRegulations1 &amp; 2

 #StreamingLive in #stores #Mile8‚Ä¶ https://t.co/nyiSJjLvkc"
2018-04-01 04:39:48,"Stick thisüî•in yo #playlist &amp; #smokeit
#RIZOTHEMESSENGER #NoRegulations1 &amp; 2

 #StreamingLive in #stores #Mile8‚Ä¶ https://t.co/RBeqvJcFV6"
2018-04-01 04:39:01,"Stick thisüî•in yo #playlist &amp; #smokeit
#RIZOTHEMESSENGER #NoRegulations1 &amp; 2

#StreamingLive in #stores #Mile8‚Ä¶ https://t.co/7Q8gP91KU2"
2018-04-01 04:38:18,"Stick thisüî•in yo #playlist &amp; #smokeit
#RIZOTHEMESSENGER #NoRegulations1 &amp; 2

#StreamingLive in #stores #Mile8‚Ä¶ https://t.co/6sNZhyRaBv"
2018-04-01 04:37:47,"Stick thisüî•in yo #playlist &amp; #smokeit
#RIZOTHEMESSENGER #NoRegulations1 &amp; 2

#StreamingLive in #stores #Mile8‚Ä¶ https://t.co/1nmN54NKrX"
2018-04-01 04:37:30,"Stick thisüî•in yo #playlist &amp; #smokeit
#RIZOTHEMESSENGER #NoRegulations1 &amp; 2

 #StreamingLive in #stores #Mile8‚Ä¶ https://t.co/6iVU6YUHVI"
2018-04-01 04:37:19,"Stick thisüî•in yo #playlist &amp; #smokeit
#RIZOTHEMESSENGER #NoRegulations1 &amp; 2

#StreamingLive in #stores #Mile8‚Ä¶ https://t.co/to9LUPLIkf"
2018-04-01 04:37:01,"Stick this üî•in yo #playlist &amp; #smokeit
#RIZOTHEMESSENGER #NoRegulations1 &amp; 2

#StreamingLive in #stores #Mile8‚Ä¶ https://t.co/7rJGp5Nozs"
2018-04-01 04:36:49,"Stick thisüî•in yo #playlist &amp; #smokeit
#RIZOTHEMESSENGER #NoRegulations1 &amp; 2

 #StreamingLive in #stores #Mile8‚Ä¶ https://t.co/PWjD3Fh6qi"
2018-04-01 04:36:37,"Stick thisüî•in yo #playlist &amp; #smokeit
#RIZOTHEMESSENGER #NoRegulations1 &amp; 2

 #StreamingLive in #stores #Mile8‚Ä¶ https://t.co/t73YNnlpRm"
2018-04-01 04:36:28,"Stick thisüî•in yo #playlist &amp; #smokeit
#RIZOTHEMESSENGER #NoRegulations1 &amp; 2

#StreamingLive in #stores #Mile8‚Ä¶ https://t.co/mnVlT2QHR6"
2018-04-01 04:34:34,"Stick thisüî•in yo #playlist &amp; #smokeit
#RIZOTHEMESSENGER #NoRegulations1 &amp; 2

#StreamingLive in #stores #Mile8‚Ä¶ https://t.co/QOjaYk2xHK"
2018-04-01 04:34:23,"The first adjustable prostatic massager üòú
#waterproof
https://t.co/tOR9VAPfY4 üåä
#New  #adult #vibrator #massage‚Ä¶ https://t.co/Gu2vcijWuA"
2018-04-01 04:34:18,"Stick thisüî•in yo #playlist &amp; #smokeit
#RIZOTHEMESSENGER #NoRegulations1 &amp; 2

#StreamingLive in #stores #Mile8‚Ä¶ https://t.co/hmBbr2VF1E"
2018-04-01 04:34:11,"Stick thisüî•in yo #playlist &amp; #smokeit
#RIZOTHEMESSENGER #NoRegulations1 &amp; 2

#StreamingLive in #stores #Mile8‚Ä¶ https://t.co/0k6DvZDsZN"
2018-04-01 04:33:10,"Stick thisüî•in yo #playlist &amp; #smokeit
#RIZOTHEMESSENGER #NoRegulations1 &amp; 2

#StreamingLive in #stores #Mile8‚Ä¶ https://t.co/wSHvz7VecW"
2018-04-01 04:32:50,"Retweeted Jennifer Pilates (@JenniferPilates):

‚ÄúHappiness does not depend on what you have or who you are, it some‚Ä¶ https://t.co/YkQTZ8nnS6"
2018-04-01 04:32:49,"Stick thisüî•in yo #playlist &amp; #smokeit
#RIZOTHEMESSENGER #NoRegulations1 &amp; 2

#StreamingLive in #stores #Mile8‚Ä¶ https://t.co/8loR00jGI0"
2018-04-01 04:32:40,"Stick thisüî•in yo #playlist &amp; #smokeit
#RIZOTHEMESSENGER #NoRegulations1 &amp; 2

#StreamingLive in #stores #Mile8‚Ä¶ https://t.co/9JKutNlJKA"
2018-04-01 04:32:30,"Stick thisüî•in yo #playlist &amp; #smokeit
#RIZOTHEMESSENGER #NoRegulations1 &amp; 2

 #StreamingLive in #stores #Mile8‚Ä¶ https://t.co/nsXvhUst1A"
2018-04-01 04:31:10,"Stick this üî•¬†in yo #playlist &amp; #smokeit
#RIZOTHEMESSENGER #NoRegulations1 &amp; 2

#StreamingLive in #stores #Mile8‚Ä¶ https://t.co/BmSgi7cj47"
2018-04-01 04:30:38,"One cannot own something that is truly beautiful. One should not aim to control, but to experience. #SaturdayMotivation"
2018-04-01 04:30:11,"Stick thisüî•in yo #playlist &amp; #smokeit
#RIZOTHEMESSENGER #NoRegulations1 &amp; 2

#StreamingLive in #stores #Mile8‚Ä¶ https://t.co/I8JKC5dZGX"
2018-04-01 04:30:05,"""Love bears all things"" -1 Corinthians 13:4-7

Get ready for #Easter with these 5 #films about #JESUS #Christ!‚Ä¶ https://t.co/aCS3YVd2ha"
2018-04-01 04:29:59,"Stick this üî•in yo #playlist &amp; #smokeit
 #RIZOTHEMESSENGER #NoRegulations1 &amp; 2

#StreamingLive in #stores #Mile8‚Ä¶ https://t.co/RzU3p3Z3ar"
2018-04-01 04:29:11,"Stick thisüî•¬†in yo #playlist &amp; #smokeit
#RIZOTHEMESSENGER  #NoRegulations1 &amp; 2

#StreamingLive in #stores #Mile8‚Ä¶ https://t.co/iKxeRpaqt6"
2018-04-01 04:28:59,"Stick this üî•in yo #playlist &amp; #smokeit
 #RIZOTHEMESSENGER #NoRegulations1 &amp; 2

#StreamingLive in #stores #Mile8‚Ä¶ https://t.co/eqTWOd9aLf"
2018-04-01 04:28:20,"Ballroom-danced OUT but it was AMAZING!
#SaturdayMotivation #Dancing https://t.co/UXrYMMLyui"
2018-04-01 04:27:52,"Stick thisüî•in yo #playlist &amp; #smokeit
#RIZOTHEMESSENGER #NoRegulations1 &amp; 2

#StreamingLive in #stores #Mile8‚Ä¶ https://t.co/EPxpRMWG67"
2018-04-01 04:23:58,"Stick thisüî•in yo #playlist &amp; #smokeit
 #RIZOTHEMESSENGER #NoRegulations1 &amp; 2

#StreamingLive in #stores #Mile8‚Ä¶ https://t.co/gIseRsZFxw"
2018-04-01 04:21:41,"Stick thisüî•in yo #playlist &amp; #smokeit
#RIZOTHEMESSENGER #NoRegulations1 &amp; 2

#StreamingLive in #stores #Mile8‚Ä¶ https://t.co/yMXx4aeubd"
2018-04-01 04:21:27,"Stick thisüî•in yo #playlist &amp; #smokeit
 #RIZOTHEMESSENGER  #NoRegulations1 &amp; 2

#StreamingLive in #stores #Mile8‚Ä¶ https://t.co/XyjyF8cP4I"
2018-04-01 04:21:15,"Stick thisüî•in yo #playlist &amp; #smokeit
#RIZOTHEMESSENGER #NoRegulations1 &amp; 2

#StreamingLive in #stores #Mile8‚Ä¶ https://t.co/v9LtFghaLv"
2018-04-01 04:20:32,"Stick this üî•in yo #playlist &amp; #smokeit
#RIZOTHEMESSENGER #NoRegulations1 &amp; 2

 #StreamingLive in #stores #Mile8‚Ä¶ https://t.co/ZcsjjIX7Zz"
2018-04-01 04:20:19,"Stick thisüî•in yo #playlist &amp; #smokeit
#RIZOTHEMESSENGER #NoRegulations1 &amp; 2

#StreamingLive in #stores #Mile8‚Ä¶ https://t.co/GrPQgs7V3y"
2018-04-01 04:20:09,"Stick thisüî•in yo #playlist &amp; #smokeit
#RIZOTHEMESSENGER #NoRegulations1 &amp; 2

#StreamingLive in #stores #Mile8‚Ä¶ https://t.co/oWrfe85YRk"
2018-04-01 04:19:39,"Stick thisüî•in yo #playlist &amp; #smokeit
#RIZOTHEMESSENGER #NoRegulations1 &amp; 2

 #StreamingLive in #stores #Mile8‚Ä¶ https://t.co/2r9w6Tqm4d"
2018-04-01 04:18:41,"Stick thisüî•in yo #playlist &amp; #smokeit
#RIZOTHEMESSENGER #NoRegulations1 &amp; 2

#StreamingLive in #stores #Mile8‚Ä¶ https://t.co/6rAxz45lZG"
2018-04-01 04:17:13,"Stick thisüî•in yo #playlist &amp; #smokeit
#RIZOTHEMESSENGER #NoRegulations1 &amp; 2

#StreamingLive in #stores #Mile8‚Ä¶ https://t.co/lszVosVjel"
2018-04-01 04:17:04,"Stick thisüî•in yo #playlist &amp; #smokeit
#RIZOTHEMESSENGER #NoRegulations1 &amp; 2

#StreamingLive in #stores #Mile8‚Ä¶ https://t.co/yQ6KH1tewE"
2018-04-01 04:15:47,"Stick thisüî•in yo #playlist &amp; #smokeit
#RIZOTHEMESSENGER #NoRegulations1 &amp; 2

#StreamingLive in #stores #Mile8‚Ä¶ https://t.co/NaEVM4GbvC"
2018-04-01 04:14:51,"Stick thisüî•in yo #playlist &amp; #smokeit
#RIZOTHEMESSENGER #NoRegulations1 &amp; 2

#StreamingLive in #stores #Mile8‚Ä¶ https://t.co/cUkx8jNkD7"
2018-04-01 04:14:04,"Stick thisüî•in yo #playlist &amp; #smokeit
#RIZOTHEMESSENGER #NoRegulations1 &amp; 2

#StreamingLive in #stores #Mile8‚Ä¶ https://t.co/6eUp62NITp"
2018-04-01 04:13:53,"Stick thisüî•in yo #playlist &amp; #smokeit
#RIZOTHEMESSENGER #NoRegulations1 &amp; 2

#StreamingLive in #stores #Mile8‚Ä¶ https://t.co/rYi42n6FnW"
2018-04-01 04:13:35,"Stick thisüî•in yo #playlist &amp; #smokeit
#RIZOTHEMESSENGER #NoRegulations1 &amp; 2

#StreamingLive in #stores #Mile8‚Ä¶ https://t.co/ZCw6PKpMK3"
2018-04-01 04:13:06,"Stick thisüî•in yo #playlist &amp; #smokeit
#RIZOTHEMESSENGER #NoRegulations1 &amp; 2

#StreamingLive in #stores #Mile8‚Ä¶ https://t.co/7gO3tehPLa"
2018-04-01 04:12:41,I ate and drank like it's my birthday. #SaturdayNight #SaturdayMotivation https://t.co/r3DRCms0ZW
2018-04-01 04:11:02,"Stick thisüî•in yo #playlist &amp; #smokeit
#RIZOTHEMESSENGER #NoRegulations1 &amp; 2

#StreamingLive in #stores #Mile8‚Ä¶ https://t.co/QY2u1WLWvs"
2018-04-01 04:10:51,"Stick thisüî•in yo #playlist &amp; #smokeit
#RIZOTHEMESSENGER #NoRegulations1 &amp; 2

#StreamingLive in #stores #Mile8‚Ä¶ https://t.co/vtnall3jxw"
2018-04-01 04:09:29,"Stick thisüî•in yo #playlist &amp; #smokeit
#RIZOTHEMESSENGER #NoRegulations1 &amp; 2

#StreamingLive in #stores #Mile8‚Ä¶ https://t.co/9ShSCZ2WFD"
2018-04-01 04:09:00,"Stick thisüî•in yo #playlist &amp; #smokeit
#RIZOTHEMESSENGER #NoRegulations1 &amp; 2

#StreamingLive in #stores #Mile8‚Ä¶ https://t.co/5OjW3oHhTU"
2018-04-01 04:08:27,"Stick thisüî•in yo #playlist &amp; #smokeit
 #RIZOTHEMESSENGER #NoRegulations1 &amp; 2

 #StreamingLive in #stores #Mile8‚Ä¶ https://t.co/odIIzWGIyU"
2018-04-01 04:05:03,"#SaturdayMotivation 
Always have a plan B, C, D and sometimes F"
2018-04-01 04:03:33,"This is real training!
@colettey6 #SaturdayMotivation #MAGA https://t.co/E5MIOVgNc6"
2018-04-01 04:01:07,"Subscribe: üëâ https://t.co/6GzY0elCsd

#SaturdayMotivation #KeynoteSpeaker #makeyourownlane #defstar5 #joyTrain‚Ä¶ https://t.co/1Y4PuRwCY5"
2018-04-01 03:52:39,Now I‚Äôm getting sympathy and encouragement from my dating apps. It‚Äôs a good feeling. #datingapp #Bumble #dating‚Ä¶ https://t.co/4On4rqXu3E
2018-04-01 03:48:11,"~NOT SO SERIOUS POLITICAL POST
This shall be callllleedd... ü§î
A #Liberal couple goes to the park.
#Politics‚Ä¶ https://t.co/ZqsSyJjvuM"
2018-04-01 03:45:39,"In today's #hiking #adventure my ""got separated from the group"" selfies

#FinalFour #FinalFour2018 #MarchMadness‚Ä¶ https://t.co/yUaf9obLoR"
2018-04-01 03:42:10,"Remember:
""Nothing in the world is ever completely WRONG"".
Have a great night üôèüåª
Blessings! üß°

#quotes‚Ä¶ https://t.co/LeRBj4Fzvi"
2018-04-01 03:42:05,‚ù§üôèGOOD MORNING üôè‚ù§. Have a Great Day. #SaturdayMotivation
2018-04-01 03:41:09,My new blog post is up! If this relates to you in any way I hope this brings healing to your heart! #blog #blogger‚Ä¶ https://t.co/1eclQG2EXs
2018-04-01 03:41:02,You are my favorite #Saturday.  #SaturdayMotivation https://t.co/57pjzXgr6Q
2018-04-01 03:33:48,"Nope, we hate our ‚Äúpresident‚Äù BECAUSE HE‚ÄôS AN IDIOT and we love our country!!! #SaturdayMotivation https://t.co/0Ma7YtACGv"
2018-04-01 03:31:44,"""When we strive to become better than we are, everything around us becomes better, too"". ~Paulo Coelho~
#SaturdayMotivation"
2018-04-01 03:25:43,"Sun was out, fun is out. We saved a seat for ya. #partytime #saturdaynight #barstool #saturdaymotivation‚Ä¶ https://t.co/e4FPKH3sgX"
2018-04-01 03:24:58,"me tonight: ""German porn is like Vogon Poetry.........' 

#pillowtalk #turnons #PickupLines #sex‚Ä¶ https://t.co/6WbtpzrCCI"
2018-04-01 03:24:30,Could it be my feckless progeny? Put that in a rap! #SaturdayNight  #SaturdayMotivation
2018-04-01 03:19:26,"NEW PRODUCT - Cell Phone Rings.
Come Check them out!!
https://t.co/bt9SrLDfm1
#cat #puppy  #kitten #kitty‚Ä¶ https://t.co/WWGsxv08mJ"
2018-04-01 03:09:30,üíûüíìüíïSNORKS üíïüíóüíû #myart #art #snorks #love  #DaffneyGilphin #classiccartoons #80s #80skids #daffney #allstar #junior‚Ä¶ https://t.co/CcWCG6fFpZ
2018-04-01 03:08:34,"Check it out I‚Äôm on Fleet DJ Radio!
Login with the app to Fleet EDM Radio now!
Or visit https://t.co/viwsbj2Zfb
11‚Ä¶ https://t.co/Olrm8BaGYP"
2018-04-01 03:08:33,üëèüèæüëèüèæüëèüèæüëèüèæüëèüèæ awesome congrats!!!!! #BeyondBlessed #SaturdayMotivation https://t.co/VEu3QyThhn
2018-04-01 03:07:09,"Awesome poem by Brady Gill. 
Give it a read...It's worth it.
 
After you read, please comment here...I'd love to he‚Ä¶ https://t.co/1UJKxZrwld"
2018-04-01 03:05:04,"@Lovemyusa626 @realDonaldTrump #MAGA  #Trump Rally #SaturdayNight #SaturdayMotivation 
Fun News Music Videos and mo‚Ä¶ https://t.co/BxVb1qZi6Z"
2018-04-01 03:04:41,@Nic__Johnson @VoteRick2018 Rick Neighbors for Congress has my family‚Äôs support. We are excited &amp; proud to have ‚û°Ô∏è‚Ä¶ https://t.co/8DWQidRLE5
2018-04-01 03:00:00,‚ÄúKnowing too much of your future is never a good thing.‚Äù ‚Äï Rick Riordan #spirituality #shamanism #Wicca #paganism‚Ä¶ https://t.co/9cfZ3rX6lB
2018-04-01 02:53:11,Deep in the space buns and orange soda ü§£ #SaturdayMotivation  #SaturdayNight https://t.co/bL0QEy1VFb
2018-04-01 02:52:47,"Jason Fisher is another #ALDems candidate that I am proud to support. 

Please Follow/Donate/Volunteer! 
üîπ‚Ä¶ https://t.co/HmGt6LFurP"
2018-04-01 02:49:13,#youthpastor when starting with a new #youthministry don't quit just before you see results. It's going to get roug‚Ä¶ https://t.co/mtrdNVcU4u
2018-04-01 02:49:00,"""It's y'know"" - Ben Olsen. #dcu #leadership #SaturdayMotivation"
2018-04-01 02:38:18,"@Squeakey6 @realDonaldTrump #MAGA  #Trump Rally #SaturdayNight #SaturdayMotivation 
Fun News Music Videos and more!‚Ä¶ https://t.co/hoI5UzzFFX"
2018-04-01 02:37:07,So I fed a unicorn today ... #SaturdayMotivation #magick #unicorns @AzRenFestHUZZAH https://t.co/kiqlawGcQd
2018-04-01 02:36:22,"A reader lives a 1,000 lives before dying. A man who never reads lives only 1. #amwriting #writerslife‚Ä¶ https://t.co/hQs1ekmECz"
2018-04-01 02:35:03,Don't get discouraged when a student falls away after graduation. Some of them need to discover Jesus on their own.‚Ä¶ https://t.co/3mgCDZkZ7L
2018-04-01 02:33:34,"Retweeted John McGrath (@JohnMcGrathMB):

What you Give
Is What you Get.

#SaturdayMotivation
#Inspiration
#Believe‚Ä¶ https://t.co/efecHv3SVA"
2018-04-01 02:31:48,"#SaturdayMotivation 

I am proud that Dr. Will Boyd is our #ALDems candidate for Lt. Governor. Will Boyd Walks the‚Ä¶ https://t.co/fCQTpbijX1"
2018-04-01 02:30:07,"üé∞ $200 Free and 100 Free Spins

üí∞ Easter Special 

üëâ https://t.co/ggnAjbeod3 

#News #SaturdayMotivation #theweeknd‚Ä¶ https://t.co/4y1svWJXjc"
2018-04-01 02:30:06,"Happy #EASTER!

#Celebrate the occasion with these 5 #Christian #movies that point 2 #JESUS as our #Savior &amp; #God!‚Ä¶ https://t.co/TZqLFI8OtM"
2018-04-01 02:29:33,"Retweeted John McGrath (@JohnMcGrathMB):

No one is doing anything to us
We're doing it ourselves.

#WeekendWisdom‚Ä¶ https://t.co/RF7VtBACOP"
2018-04-01 02:25:11,"@RoflRavish National demand- Bhakt want to celebrate 1st April as ‚ÄúModi Day‚Äù as in My day.
What are your opinion guys?
#SaturdayMotivation"
2018-04-01 02:21:42,"No need to worry about ""food-like"" substances and lack of nutrients when you are empowered by what grows free all a‚Ä¶ https://t.co/ecpIdhtr7f"
2018-04-01 02:18:33,"Jessica Brown, Former President of the Colorado Women‚Äôs Bar Association, endorses Democrat Phil Weiser for Colorado‚Ä¶ https://t.co/p36KiiXRMr"
2018-04-01 02:12:38,Sincerely LIFE......... #SaturdayMotivation #WinnersWin #ThinkBIGSundayWithMarsha #FitnessMotivation #LifeLessons‚Ä¶ https://t.co/buLRMLYW77
2018-04-01 02:08:11,"#Passover tribute with Allan Sherman ""Seltzer Boy"" https://t.co/cYaKPjnVDp¬† #comedy #saturdaymotivation https://t.co/R2VU15H82E"
2018-04-01 02:05:25,"It‚Äôs so easy to tell where someone‚Äôs motivation and passion is. 
#fortnite #gaming #gamingchair #motivation‚Ä¶ https://t.co/DFCK5PZZfP"
2018-04-01 02:04:51,"https://t.co/2JKhsekx3F 6,841 days in a row. Yepperz! ;) #BostonMarathon #BostonStrong #nycmarathon #Boston #SaturdayMotivation"
2018-04-01 02:03:12,"#TheLastJedi - Rian Johnson and Mark Hamill Take More Shots At #StarWars Fans by Geeks and Gamers

#StarWarsFan‚Ä¶ https://t.co/MEVsD14N8h"
2018-04-01 02:00:01,"I hope you accomplished something wonderful today! If not, just remember, tomorrow is a brand new day! Good night!‚Ä¶ https://t.co/GeFndigIGi"
2018-04-01 01:55:02,@von_owie With the bong I hope. #SaturdayMotivation
2018-04-01 01:54:08,"#SaturdayMotivation

#SpiritualLeader_SaintRampalji 
.His true knowledge will make us wise &amp; will help us different‚Ä¶ https://t.co/vMjV2sbg9z"
2018-04-01 01:45:51,"Stick thisüî•in yo #playlist &amp; #smokeit
 #RIZOTHEMESSENGER #NoRegulations1 &amp; 2

 #StreamingLive in #stores #Mile8‚Ä¶ https://t.co/cyrBtq9nxW"
2018-04-01 01:45:36,A touch of adventure around every corner but nothing dangerous #SaturdayMotivation #dadecounty #willywonka https://t.co/G4ZJF8MLev
2018-04-01 01:45:34,"Stick thisüî•in yo #playlist &amp; #smokeit
 #RIZOTHEMESSENGER #NoRegulations1 &amp; 2

#StreamingLive in #stores #Mile8‚Ä¶ https://t.co/5I5aBWZYpJ"
2018-04-01 01:44:39,"Stick thisüî•in yo #playlist &amp; #smokeit
 #RIZOTHEMESSENGER #NoRegulations1 &amp; 2

#StreamingLive in #stores #Mile8‚Ä¶ https://t.co/2V459oY30x"
2018-04-01 01:44:03,Cool fashion vibes #SaturdayMotivation https://t.co/UzQBOBJLcd
2018-04-01 01:43:23,"Our character is often most evident at our highs and lows. ‚Äì Be humble at the mountaintops, be strong in the valley‚Ä¶ https://t.co/hfR3q3IYdz"
2018-04-01 01:42:55,"I think a person's #idol or #hero or what-have-you is very telling of who they are, as a person, themselves. So, I‚Ä¶ https://t.co/dxOMJacMbq"
2018-04-01 01:42:45,"Stick thisüî•in yo #playlist &amp; #smokeit
#RIZOTHEMESSENGER #NoRegulations1 &amp; 2

 #StreamingLive in #stores #Mile8‚Ä¶ https://t.co/3NvXXHVqcw"
2018-04-01 01:42:34,"Stick thisüî•in yo #playlist &amp; #smokeit
#RIZOTHEMESSENGER #NoRegulations1 &amp; 2

#StreamingLive in #stores #Mile8‚Ä¶ https://t.co/ZWQHcDYqSu"
2018-04-01 01:42:31,"The Most Amazing Special Forces Fighters You've Never Heard Of
#SaturdayMotivation #SaturdayNightTakeaway‚Ä¶ https://t.co/RskMdXTJfC"
2018-04-01 01:42:17,"Stick thisüî•in yo #playlist &amp; #smokeit
#RIZOTHEMESSENGER #NoRegulations1 &amp; 2

#StreamingLive in #stores #Mile8‚Ä¶ https://t.co/K4V37nr1iC"
2018-04-01 01:42:01,"Stick thisüî•in yo #playlist &amp; #smokeit
#RIZOTHEMESSENGER #NoRegulations1 &amp; 2

#StreamingLive in #stores #Mile8‚Ä¶ https://t.co/SL8Rkflqnu"
2018-04-01 01:41:00,"Stick thisüî•in yo #playlist &amp; #smokeit
#RIZOTHEMESSENGER #NoRegulations1 &amp; 2

#StreamingLive in #stores #Mile8‚Ä¶ https://t.co/a82OhXyobC"
2018-04-01 01:40:09,"Stick thisüî•in yo #playlist &amp; #smokeit
#RIZOTHEMESSENGER #NoRegulations1 &amp; 2

#StreamingLive in #stores #Mile8‚Ä¶ https://t.co/B74QKlMv9W"
2018-04-01 01:39:54,"Stick thisüî•in yo #playlist &amp; #smokeit
#RIZOTHEMESSENGER #NoRegulations1 &amp; 2

#StreamingLive in #stores #Mile8‚Ä¶ https://t.co/Z258h3aCSm"
2018-04-01 01:39:43,"Stick thisüî•in yo #playlist &amp; #smokeit
#RIZOTHEMESSENGER #NoRegulations1 &amp; 2

#StreamingLive in #stores #Mile8‚Ä¶ https://t.co/kHUupsCjUJ"
2018-04-01 01:39:31,"Come on New Mexico! This is the cutest face I've ever seen. Let's get her out of danger. 
#DogsOfTwitter Activate!‚Ä¶ https://t.co/YxcbtrdAdK"
2018-04-01 01:39:25,"Stick thisüî•in yo #playlist &amp; #smokeit
#RIZOTHEMESSENGER #NoRegulations1 &amp; 2

 #StreamingLive in #stores #Mile8‚Ä¶ https://t.co/OzZVxpqq5Y"
2018-04-01 01:39:13,"Stick thisüî•in yo #playlist &amp; #smokeit
#RIZOTHEMESSENGER #NoRegulations1 &amp; 2

#StreamingLive in #stores #Mile8‚Ä¶ https://t.co/actDAqNB8a"
2018-04-01 01:39:06,"Stick thisüî•in yo #playlist &amp; #smokeit
#RIZOTHEMESSENGER #NoRegulations1 &amp; 2

 #StreamingLive in #stores #Mile8‚Ä¶ https://t.co/6AAf7ghChP"
2018-04-01 01:38:56,"Stick thisüî•in yo #playlist &amp; #smokeit
#RIZOTHEMESSENGER #NoRegulations1 &amp; 2

#StreamingLive in #stores #Mile8‚Ä¶ https://t.co/eLgxCTcJV5"
2018-04-01 01:38:12,"Stick thisüî•in yo #playlist &amp; #smokeit
#RIZOTHEMESSENGER #NoRegulations1 &amp; 2

 #StreamingLive in #stores #Mile8‚Ä¶ https://t.co/7sb8PUBjYv"
2018-04-01 01:38:03,"Stick thisüî•in yo #playlist &amp; #smokeit
 #RIZOTHEMESSENGER #NoRegulations1 &amp; 2

#StreamingLive in #stores #Mile8‚Ä¶ https://t.co/Pkq88x34QQ"
2018-04-01 01:36:32,A few recommended #design focused #books! #strategy #designthinking #innovation #leadership #intentionallearning‚Ä¶ https://t.co/7hkbAKDsF7
2018-04-01 01:36:09,What I LEARN today üíî...... #SaturdayMotivation #FutureReady #ThinkBIGSundayWithMarsha #FitnessMotivation #GymLife‚Ä¶ https://t.co/cFU1UFh6sc
2018-04-01 01:35:08,"Stick thisüî•in yo #playlist &amp; #smokeit
#RIZOTHEMESSENGER #NoRegulations1 &amp; 2

#StreamingLive in #stores #Mile8‚Ä¶ https://t.co/muYBnPZNBb"
2018-04-01 01:34:54,"Stick thisüî•in yo #playlist &amp; #smokeit
#RIZOTHEMESSENGER #NoRegulations1 &amp; 2

 #StreamingLive in #stores #Mile8‚Ä¶ https://t.co/7rmBKy8h4Y"
2018-04-01 01:34:44,"Stick thisüî•in yo #playlist &amp; #smokeit
#RIZOTHEMESSENGER #NoRegulations1 &amp; 2

#StreamingLive in #stores #Mile8‚Ä¶ https://t.co/P09DPU7Bpe"
2018-04-01 01:34:31,"Stick thisüî•in yo #playlist &amp; #smokeit
#RIZOTHEMESSENGER #NoRegulations1 &amp; 2

#StreamingLive in #stores #Mile8‚Ä¶ https://t.co/ws4wouTGEw"
2018-04-01 01:32:02,"#Female #Cardinal Flirting #Canvas Print https://t.co/LmHf4o40aA
#Homedecor, #art, #cardinal, #flirting,‚Ä¶ https://t.co/dHGkA7q2sX"
2018-04-01 01:26:17,Wise words! #SaturdayMotivation #Wisdom #flexibility https://t.co/cFHtegHdFe
2018-04-01 01:26:12,$28.99 + extra 20% off #Groupon deal w/code THAW20 featured on the Black Friday Daily app. Ends 4/1. #bfddotd‚Ä¶ https://t.co/bPVlDGSCpY
2018-04-01 01:24:36,"Stick thisüî•in yo #playlist &amp; #smokeit
#RIZOTHEMESSENGER #NoRegulations1 &amp; 2

now #StreamingLive #Mile8 #Djlife‚Ä¶ https://t.co/gSJ7qt5dmb"
2018-04-01 01:24:29,"Stick thisüî•in yo #playlist &amp; #smokeit
#RIZOTHEMESSENGER #NoRegulations1 &amp; 2

 now #StreamingLive #Mile8 #Djlife‚Ä¶ https://t.co/oVomGodUZc"
2018-04-01 01:24:20,"Stick thisüî•in yo #playlist &amp; #smokeit
#RIZOTHEMESSENGER #NoRegulations1 &amp; 2

now #StreamingLive #Mile8 #Djlife‚Ä¶ https://t.co/FoS8YTMCl9"
2018-04-01 01:23:53,"Stick thisüî•in yo #playlist &amp; #smokeit
#RIZOTHEMESSENGER #NoRegulations1 &amp; 2

now #StreamingLive #Mile8 #Djlife‚Ä¶ https://t.co/AKAtb0M3Mh"
2018-04-01 01:23:20,"Stick thisüî•in yo #playlist &amp; #smokeit
#RIZOTHEMESSENGER #NoRegulations1 &amp; 2

now #StreamingLive #Mile8 #Djlife‚Ä¶ https://t.co/cUoVNA9wtO"
2018-04-01 01:22:57,"With Stevante Clark's pain laid bare to the world, a family friend pleads for help
https://t.co/Cw3TKfk8n5‚Ä¶ https://t.co/jvi01uknNB"
2018-04-01 01:21:15,"#HueyRobertson Canadian, my grandfathers nephew,victim of #MKULtra great athlete, hockey player in college.Drugged‚Ä¶ https://t.co/LJtBJ4Vu3B"
2018-04-01 01:19:44,Don't hold on to yesterday's garbage because sooner or later it'll start to stink.  #SaturdayMotivation
2018-04-01 01:17:58,"#throwback with braid   #GoodEvening
#SaturdayMotivation
#love #fitness #style #model #travel‚Ä¶ https://t.co/BdKYVQ1E4r"
2018-04-01 01:15:16,Talent is nothing without dedication. #AllTogetherNow #SaturdayMotivation https://t.co/Dm4NRQXnTV
2018-04-01 01:14:31,"üòÑ üëç 13 Crimes Hillary Clinton could be Charged with ‚úîÔ∏è

‚úÖ#MakeMyDay 
‚úÖ#SaturdayMotivation 
‚úÖ#LockHerUp and
‚úÖ‚Ä¶ https://t.co/DLPUbC92FS"
2018-04-01 01:12:01,"#Passover tribute with Allan Sherman ""Seltzer Boy""  https://t.co/cYaKPjnVDp #comedy #saturdaymotivation"
2018-04-01 01:08:10,"Do you want to begin investing in real estate, but don't have enough money for a down payment on your first propert‚Ä¶ https://t.co/LhC2qDCLyP"
2018-04-01 01:06:01,"#Life isn‚Äôt about finding yourself. Life is about creating yourself. ‚ÄîGeorge Bernard Shaw
#ThinkBIGSundayWithMarsha‚Ä¶ https://t.co/r7rel87190"
2018-04-01 01:04:27,#SaturdayMotivation #CraftBeer #DrinkLocal Stopped by @BigLeafBrewing to enjoy a pint of their smooth and very tast‚Ä¶ https://t.co/My1T3bAjEo
2018-04-01 01:03:30,üñ§Beetlejuiceüñ§Beetlejuice üñ§Beetlejuice #myart #art #bam #beetlejuice #winonaryder #michaelkeaton #BarbaraMaitland‚Ä¶ https://t.co/UW7hUy2I0q
2018-04-01 01:00:20,"I am watching The Good German because....well...that's what a good Irishman does. I think???
#movie #SaturdayMotivation #Writers"
2018-04-01 01:00:02,"‚ÄúWe are all simply reacting, played by events that occurred centuries before.‚Äù ‚Äï Marti Melville #spirituality‚Ä¶ https://t.co/cTxGTYMnUB"
2018-04-01 00:58:43,"@Desirees_Club We Have The Babes U Crave! Get Your Weekend Hot! With Us! Full Bar - Private Dances 
$5 Jack Daniels‚Ä¶ https://t.co/cuyxcakTOL"
2018-04-01 00:55:56,Wow this is beautiful #vogue #beautiful #Gorgeous #SaturdayMotivation https://t.co/cJnOzBRKvp
2018-04-01 00:55:14,"@realDonaldTrump 
#MAGA 
#realDonaldTrump 
#SaturdayMotivation 
#QAnon 
#CloserNation 
#ClintonCrimeFamily 

FOLLOW‚Ä¶ https://t.co/CfV5HqUJIk"
2018-04-01 00:52:42,#Easter being on #AprilFoolsDay couldn't be MORE on the nose. Only... all those people who invented the religion ar‚Ä¶ https://t.co/E4glZ6MuTb
2018-04-01 00:52:13,üî¥‚ÄºÔ∏è Can‚Äôt Retweet this Enuf ‚ñ™Ô∏è #MAGA #women #mothers #fathers #Parents #1A #2A #SaturdayMotivation https://t.co/cO7Qs7BdIT
2018-04-01 00:52:06,#SaturdayMotivation #CraftBeer @WarPigsBrewing Foggy Geezer  Hazy IPA. Juicy citrusy hazy and very delicious!‚Ä¶ https://t.co/IXBDua3SK6
2018-04-01 00:50:18,So it's ok to change age to own a gun to 21?! No longer an adult at 18?! Maybe we need make 21 the age to vote too‚Ä¶ https://t.co/XZqpdXsNEl
2018-04-01 00:49:17,@vaughnthompson #friendship - Friends are a must-have!  #SaturdayMotivation https://t.co/XvSzjfJnWu
2018-04-01 00:46:08,"life's too short to
tweet too much.
xo
#life #SaturdayMotivation
#UseYourPowerForGood"
2018-04-01 00:45:57,In case anyone is still on the fence about #SinclairMedia #SaturdayMotivation https://t.co/RPNxBjX6rU
2018-04-01 00:45:11,"Good Luck! Retweet to attract more LUCK!
#careers #HR #startups #startup #SmallBusiness #SmallBiz #SME #SMEs #SMB‚Ä¶ https://t.co/u28rvYl129"
2018-04-01 00:42:18,Make it happen #PositiveVibesOnly #ChangeIsNow #SaturdayMotivation https://t.co/xV67ogejQh
2018-04-01 00:42:08,"@beachws @tracybeanz Thanks Tracy, Im UNfollowing Jack A$$ @Thomas1774Paine if he was stupid enough to trust his sl‚Ä¶ https://t.co/PZvqOhHK6O"
2018-04-01 00:40:08,"Pure excellence! Never thought I'd see another #POTUS as great as the Gipper, but I do believe #Trump is giving him‚Ä¶ https://t.co/FTtiGyVVJv"
2018-04-01 00:36:20,#SaturdayMotivation I want to give thanks to Olympian John Carlos for reframing what it means to be a ‚Äútroublemaker‚Ä¶ https://t.co/SMifZciyor
2018-04-01 00:35:35,@AdamforAlabama @ShannonRitenour @StormResist @DemWrite @Elastigirl2018 @jomareewade @AynRandPaulRyan @PiperPerabo‚Ä¶ https://t.co/gy7h63A3ev
2018-04-01 00:35:19,#SexySaturday #Follow the #Amazing @AUBREYKATEXXX because she's the PhenomenalOne #Spoil her off her #Wishlist‚Ä¶ https://t.co/1emaLvT7Dd
2018-04-01 00:34:06,#SexySaturday #Follow the #Gorgeous @RussianLovee join her #OnlyFans for #Exclusive #Content at‚Ä¶ https://t.co/3tUf0MHq4h
2018-04-01 00:34:02,"What‚Äôs Trending in #Manufacturing &amp; #STEM #Education
#BookReview #NewCollarWorkforce - #AdditiveManufacturing #NASA‚Ä¶ https://t.co/u2aA3HcwA8"
2018-04-01 00:31:19,"Remember that ""no"" is a complete sentence.

#SaturdayMotivation"
2018-04-01 00:30:36,Haven't snagged your badge for #WhedonCon yet? What're u waiting for? Go here: https://t.co/LVrY72UlgY so you can j‚Ä¶ https://t.co/RLunRlbjnm
2018-04-01 00:28:05,"Please Check Me Out #Entrepreneur #hustle #SaturdayMotivation #blog #MillennialAQuote
https://t.co/VMlHAralhb https://t.co/liaguuhZXr"
2018-04-01 00:27:33,Happy Saturday! https://t.co/ceWHEWmeQ6 #chihuahua #saturdaymotivation #lovedogs https://t.co/n0TcHti7AH
2018-04-01 00:27:23,Back up on be block with a glock and some dope.....biscuit w/the beam and the scope.... #shooterseason #illkill‚Ä¶ https://t.co/9PbwwdTgDB
2018-04-01 00:25:13,"#SaturdayMotivation
#Reality_Of_Vedas
Only a True Guru(Satguru) who gives the True Naam(Satnaam) of God can help on‚Ä¶ https://t.co/LtnButiV0F"
2018-04-01 00:25:04,Free up the portal of your #Soul. Trust the power of your #heart. Teach your ego to fulfill the inspiration within.‚Ä¶ https://t.co/hQ9NGdcHsg
2018-04-01 00:25:03,We all need to take time to enjoy the view from the youngest generation. There is plenty of time to be an adult‚Ä¶ Ea‚Ä¶ https://t.co/SdBSfgKkLh
2018-04-01 00:24:55,The Hegelian Dialectic and its use in Controlling Modern Society https://t.co/bgB0ihYKip via @RealNewsAus‚Ä¶ https://t.co/JEl7XDUxOo
2018-04-01 00:21:39,Perfect GIVEAWAY Doubles as Revenue Stream plus Million Dollar BONUS &gt; https://t.co/AIXg1ys64c #Giveaways‚Ä¶ https://t.co/kIfhggGzal
2018-04-01 00:20:03,We all need to take time to enjoy the view from the youngest generation. There is plenty of time to be an adult‚Ä¶ Ea‚Ä¶ https://t.co/Bx4u0vHCeB
2018-04-01 00:18:58,NEW REDUCED RATES! https://t.co/SZ2hpWnsu3 #InDoersWeTrust #Fiverr #freelancer #writer #ghostwriter #workfromhome‚Ä¶ https://t.co/Qm32Y3NoBI
2018-04-01 00:13:53,"Are #peopleofWalmart and #peopleofwaterparks related? 

#Asking4afriend #SaturdayMotivation #weekend #familyfun"
2018-04-01 00:13:53,"Stick thisüî•in yo #playlist &amp; #smokeit
#RIZOTHEMESSENGER #NoRegulations1 &amp; 2

now #StreamingLive #Mile8 #Djlife‚Ä¶ https://t.co/Jyydn2Vbk0"
2018-04-01 00:13:31,"Stick thisüî•in yo #playlist &amp; #smokeit
#RIZOTHEMESSENGER #NoRegulations1 &amp; 2

now #StreamingLive #Mile8 #Djlife‚Ä¶ https://t.co/4Zyv5xWWJ0"
2018-04-01 00:13:28,#SexySaturday #Follow @Whitney_Wonders one of my first #Favorite #Models connect with her via‚Ä¶ https://t.co/Uu62fikLVz
2018-04-01 00:11:11,My thought of the night. #MAGA #tcot #SaturdayNightTakeaway #SaturdayMotivation https://t.co/F9ILdnKdxx
2018-04-01 00:10:17,The gym is one of the very few relationships you will ever have where you get exactly what you give. Don't pass tha‚Ä¶ https://t.co/XVgrgSIh2e
2018-04-01 00:10:15,"Stick thisüî•in yo #playlist &amp; #smokeit
#RIZOTHEMESSENGER #NoRegulations1 &amp; 2

now #StreamingLive #Mile8 #Djlife‚Ä¶ https://t.co/C6K6pkReBe"
2018-04-01 00:09:34,"Happy Saturday night! 

One more great pic before Easter Sunday...

New Jersey State Troopers‚Äîpast, present, and fu‚Ä¶ https://t.co/B3hlBLCVpD"
2018-04-01 00:09:14,"Stick thisüî•in yo #playlist &amp; #smokeit
#RIZOTHEMESSENGER #NoRegulations1 &amp; 2

 now #StreamingLive #Mile8 #Djlife‚Ä¶ https://t.co/AAGvGn23sW"
2018-04-01 00:08:45,"Stick thisüî•in yo #playlist &amp; #smokeit
#RIZOTHEMESSENGER #NoRegulations1 &amp; 2

now #StreamingLive #Mile8 #Djlife‚Ä¶ https://t.co/z1t8HbxmJN"
2018-04-01 00:07:38,sums up the absurdity of the trump agenda @RepBrianFitz @SenToomey #SaturdayMotivation to vote them out. https://t.co/fIONgixWYk
2018-04-01 00:07:19,"Stick thisüî•in yo #playlist &amp; #smokeit
#RIZOTHEMESSENGER #NoRegulations

 now #StreamingLive #NoRegulations1 &amp; 2‚Ä¶ https://t.co/HpeNn8M0VQ"
2018-04-01 00:06:12,"Stick this üî•in yo #playlist &amp; #smokeit
#RIZOTHEMESSENGER #NoRegulations

now #StreamingLive #NoRegulations 1 &amp; 2‚Ä¶ https://t.co/7l6V3DKe3K"
2018-04-01 00:05:43,"Stick thisüî•in yo #playlist &amp; #smokeit
#RIZOTHEMESSENGER #NoRegulations

 now #StreamingLive #NoRegulations 1 &amp; 2‚Ä¶ https://t.co/bPTUMoWmnA"
2018-04-01 00:05:35,"Stick thisüî•in yo #playlist &amp; #smokeit
#RIZOTHEMESSENGER #NoRegulations

now #StreamingLive #NoRegulations 1 &amp; 2‚Ä¶ https://t.co/AWEjlkKouk"
2018-04-01 00:05:35,"Apparently, we're not learning from the @POTUS  Be strong and believe in your voice. Do not submit to bullies! They‚Ä¶ https://t.co/Gs3JiwgYZn"
2018-04-01 00:04:39,"Stick thisüî•in yo #playlist &amp; #smokeit
#RIZOTHEMESSENGER #NoRegulations

now #StreamingLive #NoRegulations 1 &amp; 2‚Ä¶ https://t.co/VkduOjHHc1"
2018-04-01 00:03:04,"Some days, I suffer from first world problems, then I cast my mind back! https://t.co/T1T8NyVqlH‚Ä¶ https://t.co/KNpH6gX0gU"
2018-04-01 00:00:47,"#HolyWeek2018 Painting by El Greco, The Disrobing of Christ, 1577-1579. Each day we make choices to treat others as‚Ä¶ https://t.co/B0jCBdaJjl"
2018-04-01 00:00:35,The gym is one of the very few relationships you will ever have where you get exactly what you give. Don't pass tha‚Ä¶ https://t.co/jqFMBkyuNR
2018-04-01 00:00:03,"‚ÄúTake time to deliberate; but when the time for #action arrives, stop thinking and go in.‚Äù - Andrew Jackson‚Ä¶ https://t.co/JyCnFpLHGO"
2018-04-01 00:00:01,"‚ÄúYou can always improve your situation. But you do so by facing it, not by running away.‚Äù ‚Äï Brad Warner‚Ä¶ https://t.co/M7jlwbU0Ql"
2018-03-31 23:58:42,"Alex Jones Dossier ‚Äì controlled opposition extraordinaire.

Stumbled across this - very interesting, worth a little‚Ä¶ https://t.co/XomQr2wo3O"
2018-03-31 23:57:46,"The walls are down a little more each day.. I feel stronger now.. #Nature
 #lifestyle 
#SaturdayMotivation 
#runner https://t.co/1H53v1jGzx"
2018-03-31 23:57:04,"#SaturdayMotivation What Twitter taught me today is that no talent, irrelevant so called ""stars"" are more likely to‚Ä¶ https://t.co/3xHkd3lbCg"
2018-03-31 23:55:29,Checking out the Beach üèñ #SaturdayMotivation #Easter2018 #EasterWeekend2018 #VeroBeach üíã https://t.co/wGkp1uXCyF
2018-03-31 23:53:48,"#SaturdayMotivation I don't always go shirtless, It's just prepared when you look like me. I can also be classy. https://t.co/J0X3YMiHSH"
2018-03-31 23:53:43,"Relationships: Before going all in &amp; trusting someone, make sure you have milk before pouring cereal into the bowl.‚Ä¶ https://t.co/sg0TGxzrKB"
2018-03-31 23:52:59,#SexySaturday #Follow the #Amazing @AspenRomanoff join her #OnlyFans for #Exclusive #Content‚Ä¶ https://t.co/nSeoj1DUYu
2018-03-31 23:51:24,Just added [Kraak &amp; Smaak - Pineapple Jam] to our #house #playlist on #spotify #SaturdayMotivation #housemusic‚Ä¶ https://t.co/5kBWbMn6gQ
2018-03-31 23:47:42,"I got all my ducks in a row and I'm ready for Easter! üê£
.
-üê∂-
.
#dogsoftwitter #doglife #doglove #dogsofinstagram‚Ä¶ https://t.co/0PqiBT2Ppa"
2018-03-31 23:47:23,#SaturdayMotivation #SundayThoughts #MAGA #QAnon @realDonaldTrump. Stormy who? https://t.co/rzXBIOkkvx
2018-03-31 23:46:30,"Cool kitty Cat Stevens sings:
üé∂Another Saturday night and I ain't got nobody 
I've spent so long looking for a happ‚Ä¶ https://t.co/yHRopxNIMx"
2018-03-31 23:45:50,"Stick thisüî•in yo #playlist &amp; #smokeit
#RIZOTHEMESSENGER #NoRegulations
 now #StreamingLive #NoRegulations 1 &amp; 2‚Ä¶ https://t.co/bzJl3dVJvk"
2018-03-31 23:45:31,"Stick thisüî•in yo #playlist &amp; #smokeit
#RIZOTHEMESSENGER #NoRegulations

now #StreamingLive  #NoRegulations 1 &amp; 2‚Ä¶ https://t.co/pdR2tguahi"
2018-03-31 23:45:18,"In order to be irreplaceable, one must always be different... ~ Coco Chanel #Authenticity #Irreplaceable‚Ä¶ https://t.co/jgyyxgILBy"
2018-03-31 23:43:50,"Stick thisüî•in yo #playlist &amp; #smokeit
#RIZOTHEMESSENGER #NoRegulations

now #StreamingLive #NoRegulations 1 &amp; 2‚Ä¶ https://t.co/zLpYsQewBJ"
2018-03-31 23:43:43,@Desirees_Club We Have The Babes U Crave! Get Your Weekend Hot! W Us! Full Bar - Private Dances‚Ä¶ https://t.co/YUQKYZwYkP
2018-03-31 23:42:59,"Stick thisüî•in yo #playlist &amp; #smokeit
 #RIZOTHEMESSENGER #NoRegulations

now #StreamingLive #NoRegulations 1 &amp; 2‚Ä¶ https://t.co/8nptW2wfO0"
2018-03-31 23:42:47,"Stick thisüî•in yo #playlist &amp; #smokeit
#RIZOTHEMESSENGER #NoRegulations

now #StreamingLive #NoRegulations 1 &amp; 2‚Ä¶ https://t.co/CLsv5bEs6i"
2018-03-31 23:42:35,"Vlog Ep 2 will be a Q&amp;A send questions and they will be answered tomorrow!

#SaturdayNightTakeaway‚Ä¶ https://t.co/48lQRQ3SSY"
2018-03-31 23:41:40,Working each day to build something based around mental health and the wellness of the mind. Something I care deepl‚Ä¶ https://t.co/pfELQqOtov
2018-03-31 23:40:57,"When your favorite self-tanner is so amazing you give it a kiss! üòÇ

Shoutout to the beautiful @tigerlilybogrt who l‚Ä¶ https://t.co/tyyx2jtIkA"
2018-03-31 23:40:21,"I saw a man dressed as Superman earlier, now my kitchen sink is clogged...
Coincidence?
Leave your conspiracy theor‚Ä¶ https://t.co/jsK1Gu4Kb7"
2018-03-31 23:40:06,If you want a new hybrid car that won‚Äôt plunge in value during its first year then the one to go for is the Toyota‚Ä¶ https://t.co/JEAlbK7oex
2018-03-31 23:39:42,"Southern Comfort Luncheon C/O ‚Äò89 edition sponsored by PHAT Girls, Inc #SaturdayMotivation #friends #southerncharm‚Ä¶ https://t.co/fsWnfdsyzS"
2018-03-31 23:39:09,All the hard work you do will paid off in the And! So never get discourage and believe in yourself!‚Ä¶ https://t.co/fojuQ3CrW4
2018-03-31 23:36:00,"The best medicine is no medicine.

#tyler #TeamTyler #SaturdayMotivation https://t.co/Otz2bEXTD5"
2018-03-31 23:34:04,"üçëPEACH TREE OOLONG Teaüçë
Lovely aroma,smooth,sweet &amp; juiceüçëIt's Peachy to drink https://t.co/qZhTKrDZvK
#tea‚Ä¶ https://t.co/UC5a2vw7G7"
2018-03-31 23:32:48,It‚Äôs Saturday who wants some play time? üëÖ #cum #cumtribute  #slut #teen #ass #girls #hot #dirty #real #horny‚Ä¶ https://t.co/OyyFVvOiS8
2018-03-31 23:30:28,An actual Parkland survivor @KyleKashuv and another classmate David Hogg have a Face-Off! Hero vs Zero! üëäüèª‚Ä¶ https://t.co/L8Jr03bfdn
2018-03-31 23:30:07,"üé∞ $200 Free and 100 Free Spins 

üí∞ Easter Special 

üëâ https://t.co/ggnAjbeod3 

#News #SaturdayMotivation‚Ä¶ https://t.co/N2NTwfVCZ3"
2018-03-31 23:28:01,Robotics Under $100 via @STEMfinity #Robots #Robotics #STEM #STEAM #Classroom #TEACHers #Administrators‚Ä¶ https://t.co/HGh4btUpCT
2018-03-31 23:23:05,"üí• Another awesome #ALDem candidate to Follow/Support!

‚û°Ô∏è@webforAL 
‚û°Ô∏èWeb Whiting - AL #HD96 
üí∞‚Ä¶ https://t.co/KnaxHRDYs5"
2018-03-31 23:22:15,MY BF SURPRISED ME FOR MY BDAY!! New video up now! https://t.co/DifOmi7uIh #SaturdayMorning #video #SassuoloNapoli‚Ä¶ https://t.co/S9Xk5XRzGJ
2018-03-31 23:21:54,"‚ÄúHappiness does not depend on what you have or who you are, it something relies on what you think‚Äù - Buddha‚Ä¶ https://t.co/ZpTXwZbfkr"
2018-03-31 23:21:34,"#SabadoDeGloria #Salud #SaturdayMotivation #FitnessModel #FelizSabado 
Dedication...üí™üëë
@reynavernica2 üëëüíó https://t.co/T4N1HcR3ko"
2018-03-31 23:21:24,üíó spending my #Saturdays on the fields #baseball #soccer #BaseballisBack #SoccerSaturday #weekendvibes #SaturdayMotivation #sports
2018-03-31 23:20:30,I dipped my grape in caramel and this is what happened #SaturdayMotivation üôÇ https://t.co/lyz4hpGetB
2018-03-31 23:11:27,"They say dogs are smarter than cats... Right!!!lol

#CatsOfTwitter 
#SaturdayMotivation 
#cute 
#cats_of_instagram‚Ä¶ https://t.co/x6BpTaU0iQ"
2018-03-31 23:09:17,"""...Impossible is not a fact. It‚Äôs an opinion. Impossible is not a declaration. It‚Äôs a dare. Impossible is potentia‚Ä¶ https://t.co/ZYTP4Zppt1"
2018-03-31 23:09:09,@SenTedCruz Hold Facebook accountable for abusing our data and censoring our voice. Vote no on the CRA.‚Ä¶ https://t.co/Wl3JFW3SQf
2018-03-31 23:04:38,"Stick thisüî•in yo #playlist &amp; #smokeit
#RIZOTHEMESSENGER #NoRegulations 1 &amp; 2

 now #StreamingLive #Mile8 #Djlife‚Ä¶ https://t.co/YEo47buutl"
2018-03-31 23:04:23,"Stick thisüî•in yo #playlist &amp; #smokeit
#RIZOTHEMESSENGER #NoRegulations 1 &amp; 2

now #StreamingLive #Mile8 #Djlife‚Ä¶ https://t.co/hRbg2fmKXn"
2018-03-31 23:04:15,"Stick thisüî•in yo #playlist &amp; #smokeit
#RIZOTHEMESSENGER #NoRegulations 1 &amp; 2

now #StreamingLive #Mile8 #Djlife‚Ä¶ https://t.co/M72UByan0Z"
2018-03-31 23:03:23,"Stick thisüî•in yo #playlist &amp; #smokeit
#RIZOTHEMESSENGER #NoRegulations 1 &amp; 2

now #StreamingLive #Mile8 #Djlife‚Ä¶ https://t.co/FJUHU8J9sC"
2018-03-31 23:01:13,"Stick thisüî•in yo #playlist &amp; #smokeit
#RIZOTHEMESSENGER #NoRegulations 1 &amp; 2

now #StreamingLive #Mile8 #Djlife‚Ä¶ https://t.co/AULbnon8ns"
2018-03-31 23:01:05,"Stick thisüî•in yo #playlist &amp; #smokeit
#RIZOTHEMESSENGER #NoRegulations 1 &amp; 2

now #StreamingLive #Mile8 #Djlife‚Ä¶ https://t.co/Sy9TcQIMBl"
2018-03-31 23:00:12,"Just a quick reminder. While it‚Äôs fun to post online, we must commit to ‚ÄúBe the change we want to see in the world.‚Ä¶ https://t.co/HbxhfCVzdZ"
2018-03-31 23:00:02,The whole system of society tells you what to do. #Barry #White #society #motivation #quotes #Saturday #SaturdayMotivation
2018-03-31 23:00:01,"You say, ""I am in trouble."" Scripture says pray. - James 5:13 #SaturdayMotivation https://t.co/VSvg9WKp92"
2018-03-31 23:00:00,"‚ÄúManipulation, fueled with good intent, can be a blessing. But when used wickedly, it is the beginning of a magicia‚Ä¶ https://t.co/QRP3CI79Yy"
2018-03-31 22:58:47,"Stick thisüî•in yo #playlist &amp; #smokeit
#RIZOTHEMESSENGER #NoRegulations

now #StreamingLive #NoRegulations 1 &amp; 2‚Ä¶ https://t.co/fPYcp6n31x"
2018-03-31 22:58:44,#SaturdayMotivation #SanctuaryCity #Chicago #Demoncrats üëπ and the losers will still vote #Democrats even knowing Ch‚Ä¶ https://t.co/Beq0LwtM40
2018-03-31 22:57:42,"Stick thisüî•in yo #playlist &amp; #smokeit
#RIZOTHEMESSENGER #NoRegulations

now #StreamingLive #NoRegulations 1 &amp; 2‚Ä¶ https://t.co/lSdEyIcvaa"
2018-03-31 22:57:32,"Retweeted ¬©Lady Wise (@LadyWiseWorld):

#GetWise #inspirational 
#ThinkBIGSundayWithMarsha
#Life #JoyTrain‚Ä¶ https://t.co/Q4oQ7TBz2X"
2018-03-31 22:57:22,"Stick thisüî•in yo #playlist &amp; #smokeit
#RIZOTHEMESSENGER #NoRegulations

now #StreamingLive #NoRegulations 1 &amp; 2‚Ä¶ https://t.co/32OqHMAYPd"
2018-03-31 22:57:12,"Stick thisüî•in yo #playlist &amp; #smokeit
#RIZOTHEMESSENGER #NoRegulations

now #StreamingLive #NoRegulations 1 &amp; 2‚Ä¶ https://t.co/g3lsBgyjmr"
2018-03-31 22:56:43,@realDonaldTrump So I was driving &amp; saw this. #Trump #donaldtrump #presidenttrump #america #republican #democrat‚Ä¶ https://t.co/Sk8SKoaFax
2018-03-31 22:55:49,"#SaturdayMotivation 
DON'T LET YOU DOWN"
2018-03-31 22:55:13,"Happy Saturday I accomplished tings. Finished this w ip

#SaturdayMotivation #painter #HarleyQuinn #Saturday‚Ä¶ https://t.co/2KWfIOEZHQ"
2018-03-31 22:55:09,@realDonaldTrump So I was driving &amp; saw this. #Trump #donaldtrump #presidenttrump #america #republican #democrat‚Ä¶ https://t.co/mhDK43Qw0D
2018-03-31 22:53:12,"""No matter how tough it gets, just keep pushing."" - Amber Brown 
#perserverance #justkeepswimming #motivation‚Ä¶ https://t.co/FHgVR9jMDi"
2018-03-31 22:52:07,#SaturdayMorning oatmeal bowl! @365byWholeFoods @NavitasOrganics @ArtisanaFoods @WholeFoods @iamwellandgood @goop‚Ä¶ https://t.co/njl7TCXjHx
2018-03-31 22:51:27,"#SFS #Fanduel #draftkings #nba #profit #SaturdayMorning #SaturdayMotivation 

üçª let‚Äôs make this money! like if using https://t.co/M3uvGAkgoF"
2018-03-31 22:50:43,A great day to enjoy üòä besides staring at Binance all day #baby shower #Babyboy #SaturdayMotivation #babyshower https://t.co/AeDzfaYf1a
2018-03-31 22:50:06,"Last year more than a quarter of all drivers changed their car insurance provider, according to new figures from co‚Ä¶ https://t.co/pttPYhAHQ0"
2018-03-31 22:50:04,"Exploring the history of the most successful commercial vehicle of all time. https://t.co/RweNytSt02

#Ford‚Ä¶ https://t.co/FCGgTqCl1d"
2018-03-31 22:50:02,"‚û° Happiness is drinking the chilled beer with friends...!!!
Shop with us at Saver's Club LIQUOR LOCKER‚Ä¶ https://t.co/QKu5hhBDbK"
2018-03-31 22:49:55,"Stick thisüî•in yo #playlist &amp; #smokeit
#RIZOTHEMESSENGER #NoRegulations

now #StreamingLive #NoRegulations 1 &amp; 2‚Ä¶ https://t.co/a5Mum0Z1G8"
2018-03-31 22:49:45,"Stick thisüî•in yo #playlist &amp; #smokeit
#RIZOTHEMESSENGER #NoRegulations

now #StreamingLive #NoRegulations 1 &amp; 2‚Ä¶ https://t.co/462YTLWMVr"
2018-03-31 22:48:59,"Stick thisüî•in yo #playlist &amp; #smokeit
#RIZOTHEMESSENGER #NoRegulations

now #StreamingLive #NoRegulations 1 &amp; 2‚Ä¶ https://t.co/ElxNcWCpGO"
2018-03-31 22:48:38,"Stick thisüî•in yo #playlist &amp; #smokeit
#RIZOTHEMESSENGER #NoRegulations

now #StreamingLive #NoRegulations 1 &amp; 2‚Ä¶ https://t.co/uVtO7HQeyo"
2018-03-31 22:47:14,Did it Got it Done !! Day 50 of 80 Days. Phase 2 Done and Phase 3 begins on Monday ! Crushing it !! Making awesome‚Ä¶ https://t.co/se1Js3n7Cq
2018-03-31 22:46:31,"Stick thisüî•in yo #playlist &amp; #smokeit
#RIZOTHEMESSENGER #NoRegulations

now #StreamingLive #NoRegulations 1 &amp; 2‚Ä¶ https://t.co/9Lwb8arjFu"
2018-03-31 22:46:19,"Stick thisüî•in yo #playlist &amp; #smokeit
#RIZOTHEMESSENGER #NoRegulations

 now #StreamingLive #NoRegulations 1 &amp; 2‚Ä¶ https://t.co/MQItpdK457"
2018-03-31 22:46:15,"#SaturdayMOTIVATION:

Appreciation Is A Wonderful Thing; It Makes What Is Excellent In Others‚Ä¶ https://t.co/dunHP42t7I"
2018-03-31 22:46:06,"Stick thisüî•in yo #playlist &amp; #smokeit
#RIZOTHEMESSENGER #NoRegulations

   now #StreamingLive #NoRegulations 1 &amp; 2‚Ä¶ https://t.co/nLWXvPGw5m"
2018-03-31 22:46:00,"‚û° Happiness is drinking the chilled beer with friends...!!!1
Shop with us at Saver's Club LIQUOR LOCKER‚Ä¶ https://t.co/OmFiSY1veC"
2018-03-31 22:45:59,"Via @LOLBOOKcomüëç ""COME AT ME BRO I DARE YOU"" #dogs #reaction #funny #SaturdayMotivation https://t.co/7R3NDcCfQT¬†‚Ä¶ https://t.co/yANAWniBwO"
2018-03-31 22:45:16,"Stick thisüî•in yo #playlist &amp; #smokeit
#RIZOTHEMESSENGER #NoRegulations

  now #StreamingLive #NoRegulations 1 &amp; 2‚Ä¶ https://t.co/0FOmsvHzox"
2018-03-31 22:44:38,"Stick thisüî•in yo #playlist &amp; #smokeit
#RIZOTHEMESSENGER  #NoRegulations

now #StreamingLive #NoRegulations 1 &amp; 2‚Ä¶ https://t.co/KUsdtP4ySW"
2018-03-31 22:44:27,"Stick thisüî•in yo #playlist &amp; #smokeit
#RIZOTHEMESSENGER #NoRegulations

now #StreamingLive #NoRegulations 1 &amp; 2‚Ä¶ https://t.co/XvgPRfqgor"
2018-03-31 22:44:16,"Stick thisüî•in yo #playlist &amp; #smokeit
#RIZOTHEMESSENGER #NoRegulations

 now #StreamingLive #NoRegulations 1 &amp; 2‚Ä¶ https://t.co/S0d1P1lyOV"
2018-03-31 22:44:03,"Stick thisüî•in yo #playlist &amp; #smokeit
 #RIZOTHEMESSENGER #NoRegulations

now #StreamingLive #NoRegulations 1 &amp; 2‚Ä¶ https://t.co/yvTEJ7NsXj"
2018-03-31 22:43:53,"Stick thisüî•in yo #playlist &amp; #smokeit
#RIZOTHEMESSENGER #NoRegulations

now #StreamingLive #NoRegulations 1 &amp; 2‚Ä¶ https://t.co/70AeHZ5nxh"
2018-03-31 22:43:36,"There are no obstacles in life, only #opportunities!
#inspiration #motivation #MotivationalQuotes‚Ä¶ https://t.co/FZ8NX27DZ2"
2018-03-31 22:42:47,"Stick thisüî•in yo #playlist &amp; #smokeit
#RIZOTHEMESSENGER #NoRegulations

now #StreamingLive #NoRegulations 1 &amp; 2‚Ä¶ https://t.co/pxIKIbVsy7"
2018-03-31 22:42:45,"Are U Ready To Make Your Saturday Hot!? @silhouettestrip Make Sure U See Us! 
 $5.00 Long Island Ice Teas Till Midn‚Ä¶ https://t.co/4f68oLtmwD"
2018-03-31 22:42:39,"Stick thisüî•in yo #playlist &amp; #smokeit
#RIZOTHEMESSENGER #NoRegulations

now #StreamingLive #NoRegulations 1 &amp; 2‚Ä¶ https://t.co/TZ0iirFYjC"
2018-03-31 22:42:30,Happy Easter Weekend! What are your plans? Hop on over &amp; spend it with us. Fun &amp; Excitement awaits...‚Ä¶ https://t.co/Bzq2mcfW1N
2018-03-31 22:42:14,"Stick thisüî•in yo #playlist &amp; #smokeit
#RIZOTHEMESSENGER #NoRegulations

now #StreamingLive #NoRegulations 1 &amp; 2‚Ä¶ https://t.co/WfO5eOQZKU"
2018-03-31 22:41:59,"Stick thisüî•in yo #playlist &amp; #smokeit
#RIZOTHEMESSENGER #NoRegulations

now #StreamingLive #NoRegulations 1 &amp; 2‚Ä¶ https://t.co/yDvRF8WwJf"
2018-03-31 22:41:46,"Stick thisüî•in yo #playlist &amp; #smokeit
#RIZOTHEMESSENGER #NoRegulations

now #StreamingLive #NoRegulations 1 &amp; 2‚Ä¶ https://t.co/QrflDeZ93c"
2018-03-31 22:41:36,"Stick thisüî•in yo #playlist &amp; #smokeit
#RIZOTHEMESSENGER #NoRegulations

 now #StreamingLive #NoRegulations 1 &amp; 2‚Ä¶ https://t.co/JWVva51uVk"
2018-03-31 22:41:22,"Stick thisüî•in yo #playlist &amp; #smokeit
#RIZOTHEMESSENGER #NoRegulations

now #StreamingLive #NoRegulations 1 &amp; 2‚Ä¶ https://t.co/SwT4yLc83x"
2018-03-31 22:41:15,"Stick thisüî•in yo #playlist &amp; #smokeit
#RIZOTHEMESSENGER #NoRegulations

 now #StreamingLive #NoRegulations 1 &amp; 2‚Ä¶ https://t.co/D0itZAd1DP"
2018-03-31 22:41:05,"Stick thisüî•in yo #playlist &amp; #smokeit
#RIZOTHEMESSENGER #NoRegulations

now #StreamingLive #NoRegulations 1 &amp; 2‚Ä¶ https://t.co/JyHYRkp3mh"
2018-03-31 22:40:30,@RideOrDieTags @kristenRN202 @MrsSaint2You @stlsaint @DarthFlaves @HashtagRoundup Life is the FIRST right.‚Ä¶ https://t.co/meSu7H2jv8
2018-03-31 22:40:27,"Get Your Weekend party On @babydollsstrip Full BAR!  Kitchen Open Late - Private Dances 
#SaturdayMotivation‚Ä¶ https://t.co/FZyt4oGgno"
2018-03-31 22:40:03,"Sunny. Breezy. 
Picture Perfect. Dog Walk. 
The Funky Bunch and Me.
#SaturdayMotivation https://t.co/9d3RQBum6l"
2018-03-31 22:39:25,#saturdaymotivation is completing an internship application to procrastinate doing your actual homework
2018-03-31 22:37:01,"Saturday‚Äôs are for the boys! And there‚Äôs nothing more that I love than an afternoon with my boys, who inspire me to‚Ä¶ https://t.co/rCOLJcpkk4"
2018-03-31 22:36:34,Keep the listens coming and keep introducing us to new listeners. We appreciate all the support.‚Ä¶ https://t.co/C95GNxTP72
2018-03-31 22:35:00,"""COME AT ME BRO I DARE YOU"" #dogs #reaction #funny #SaturdayMotivation https://t.co/sox0PsaSHI https://t.co/UdDjxpKp1T"
2018-03-31 22:34:12,"In 1Ô∏è‚É£ week, join us for a shred event AND a ‚òïÔ∏è with a üëÆ‚Äç‚ôÄÔ∏èüëÆ‚Äç‚ôÇÔ∏è

We‚Äôll host neighbors for a ‚òïÔ∏è or ‚òïÔ∏è‚òïÔ∏è + even shred‚Ä¶ https://t.co/LB4JtyEL37"
2018-03-31 22:33:20,no better saturday' #SaturdayMotivation  #kayaking https://t.co/INj68NKRGz
2018-03-31 22:33:19,"Shout out to the Kings reppin their Queens, not just playin house. üíØ
#SaturdayMotivation"
2018-03-31 22:31:06,"#JeffSessions is enemy number 1 as you should already see by the overwhelming crimes going unpunished, unchallenged‚Ä¶ https://t.co/ErpuiLjPbh"
2018-03-31 22:30:56,Work through your challenges with your BEST ACTION‚Ä¶ instead of your WORST FEELINGS. #SaturdayMotivation #makeyourownlane #defstar5
2018-03-31 22:30:48,"When I 'go the #extramile' today, I eliminate regrets tomorrow. #SaturdayMotivation #SuccessCoach #makeyourownlane #defstar5 #inspire"
2018-03-31 22:30:17,"‚û° Celebrate LOVE.....
With your loved ones ‚ù§Ô∏è‚ù§Ô∏è while enjoying a great meal.....
Dine with us MUGHLAI DARBAR‚Ä¶ https://t.co/kMI42xC7pm"
2018-03-31 22:30:15,Powerful Jet Wash Gun . . Use it to jet wash down any surface at work or home. Click here https://t.co/luRvKnhC9Q‚Ä¶ https://t.co/F1xyDBW6Y7
2018-03-31 22:30:00,"#EnoughIsEnough

It is time to turn things around so that the American Dream is a possibility for all, not just for‚Ä¶ https://t.co/tyzhq5PUC0"
2018-03-31 22:28:46,Dinner Goals #seafood #lobster #crablegs #oysters #clams #shrimp #finedining #dinnergoals #goals‚Ä¶ https://t.co/xKv7bCW8qC
2018-03-31 22:26:29,#SaturdayMotivation The only #motivation that a #Saturday brings with it is the expectation of a #drunk #night and‚Ä¶ https://t.co/fLasDILUrh
2018-03-31 22:19:15,"David Hogg can dish out insults and vile rhetoric. If you push back, his inner child will come out whining. ""Ted Nugent"" #SaturdayMotivation"
2018-03-31 22:19:00,Carnival Cruise offers Virginia teen a luxurious trip in exchange for his #Snapchat handle | #FoxNews‚Ä¶ https://t.co/75BFmCCBKM
2018-03-31 22:17:52,"I'm so relaxed, little wistful perhaps 
Ocean next. Ocean next 
#TheHIP #MusicLovers 
#SaturdayMotivation üí´üåäüíò 
&gt;&gt;‚Ä¶ https://t.co/PVl7K42mFj"
2018-03-31 22:17:19,One good mentor can be more informative than a college education and more valuable than a decade's income.‚Ä¶ https://t.co/6RsvBcl1VX
2018-03-31 22:16:43,"I ain't got ANY üëá
#SaturdayMotivation https://t.co/IXJk0jErtt"
2018-03-31 22:16:29,"#SaturdayMotivation #Saturday 
#Guantanamera #Music #Songtimes #Liesl #Liebe 

When your girl sings Guantanamera, t‚Ä¶ https://t.co/c1b9bCKsY5"
2018-03-31 22:16:12,"Hardcore Free-For-All Pistol Only..? #TheHypeIsReal

https://t.co/lD9Oz6ldBA

#live #stream #SupportSmallStreamers‚Ä¶ https://t.co/U8hTSBr2xd"
2018-03-31 22:15:48,"I don't want bans or boycotts of anything. If YOU don't like it YOU don't have to watch, buy, or use it. End of problem. #SaturdayMotivation"
2018-03-31 22:15:02,#HappyEaster I hope you're all having a fantastic #LongWeekend #Love #PicOfTheDay #Like #SaturdayMotivation https://t.co/Vv0F0fbvu4
2018-03-31 22:14:45,"Lovely Begonia Semps basking in the sun üå±üå±‚òÄÔ∏è

#begonia #flower #plants #semp #garden #SaturdayMotivation‚Ä¶ https://t.co/WoFofDZs6B"
2018-03-31 22:14:14,"#Alabama #Limestone #Athens

@peter_joffrion is coming to town. He wants to meet ‚ûú YOU!

Come out &amp; support our‚Ä¶ https://t.co/ZfSmTU0weS"
2018-03-31 22:14:11,#FBR #SaturdayMotivation we need to fight the Kohjs and everyone like them to save our country! #resist https://t.co/cOZN50NZOH
2018-03-31 22:14:03,"Feeling low right now! 

Tomorrow though is #Easter and the day we say Thank You God for your son who died for all‚Ä¶ https://t.co/SrsXUzFQRg"
2018-03-31 22:14:02,"#SaturdayMotivation  Voting Link &gt; https://t.co/0knoDjqHUn
TODAY MARCH 31, 2018 IS THE LAST DAY TO VOTE FOR WITO RO‚Ä¶ https://t.co/L5fS9QkH33"
2018-03-31 22:13:39,Shopping on a Saturday never felt so good. @HippieHeartCass #adventure #SaturdayMotivation
2018-03-31 22:12:28,"Beautiful song, fascinating vocals and amazing production and instrumentation. #Enjoy Hollow Talk beautifully perfo‚Ä¶ https://t.co/XEFxTCfVVF"
2018-03-31 22:12:10,"My sister cat likes me more haha!

#CatsOfTwitter 
#SaturdayMotivation 
#cute 
#cats_of_instagram 
#love https://t.co/chQWS3SySz"
2018-03-31 22:11:53,"Travel, walking and street #workout on Saturday 31 March 2018 
https://t.co/ULal5pN6XG
#travel #health #Fitness‚Ä¶ https://t.co/IK04wYTBBw"
2018-03-31 22:11:52,Most times I have no clue what my kids are talking about but I like and retweet Because I know they tryna get them‚Ä¶ https://t.co/iHdhxKVRDd
2018-03-31 22:11:22,#SaturdayMotivation Using my organic structures to create movements and interact with my surroundings.
2018-03-31 22:10:16,Students at Florida high school stage walkout in support of Second Amendment via the @FoxNews App‚Ä¶ https://t.co/ZTxLtlJBFm
2018-03-31 22:09:17,"#SaturdayMotivation
if u want the finer things in lyf legitimately then u have to pour out some sweat inorder to ge‚Ä¶ https://t.co/GOggx6P5DR"
2018-03-31 22:08:44,How is your #longweekend going? #EasterWeekend #SaturdayMotivation - let‚Äôs keep moving üíó@FlyingSquirrelC thank you https://t.co/CRQx5guc0i
2018-03-31 22:08:43,If Your In the Baltimore County Area &amp; Love Strip Clubs U Must Check This One Out! @MillstreamGirls Full Bar - Grea‚Ä¶ https://t.co/Ldsy56jHBg
2018-03-31 22:08:19,The Qrunch Final Four üèÄüòù#NCAAFinalFour #FinalFour #veganfoodshare #veganism #healthy #nutrition #SaturdayMotivation‚Ä¶ https://t.co/CLL6nMcnSW
2018-03-31 22:06:55,Don't run from from hard work-Scott Golden #lifecoach #ThinkBIGSundayWithMarsha #SaturdayMotivation
2018-03-31 22:05:43,Progress lives in the moment-Scott Golden #lifecoach #ThinkBIGSundayWithMarsha #SaturdayMotivation
2018-03-31 22:05:15,Closing out the week strong @rxfitness Home of CrossFit Chantilly üí™üèΩAll we require is your best effort everyday! ‚ÄúA‚Ä¶ https://t.co/oPF1SelUIx
2018-03-31 22:05:11,"Full bloomüå∏
#HappyWeekend #photography #weekendfun #CherryBlossoms #FullBloom #SAKURA #cherryblossom2018‚Ä¶ https://t.co/BX7ikHODyo"
2018-03-31 22:05:03,"""You see things and you say, 'Why?'. But I dream things and I say, 'Why not?'."" ~ George Bernard Shaw

#Saturdaymotivation 
#positivity"
2018-03-31 22:04:59,"My #SaturdayMotivation
Sunday‚Äôs comin‚Äô
https://t.co/SapBW9I5Oy"
2018-03-31 22:04:48,If Your In the Baltimore County Area &amp; Love Strip Clubs U Must Check This One Out! @MillstreamGirls Full Bar - Grea‚Ä¶ https://t.co/iTjmEJnt1X
2018-03-31 22:04:33,An interesting diversion and revelation for Easter weekend. #TenCommandments #SaturdayMotivation #Christianity‚Ä¶ https://t.co/aUOIfOWANv
2018-03-31 22:03:49,Be thankful for all things-Scott Golden #lifecoach #ThinkBIGSundayWithMarsha #SaturdayMotivation
2018-03-31 22:03:10,Old School Style when You Needed to Junk Your Car!!! üí≤üöóüí≤üöó #cashforcars #SaturdayMotivation #picoftheday #junkcars‚Ä¶ https://t.co/MidQGXchLd
2018-03-31 22:02:41,I have spent like... 4-5 hours cleaning the kitchen today. I'm pretty darn proud of myself and will continue after‚Ä¶ https://t.co/Opce4ePDgf
2018-03-31 22:02:17,"What are you waiting for? Life isn't perfect, so why are you waiting for those perfect moments? NOW is the time. ‚úå‚Ä¶ https://t.co/bz0YZTDX4R"
2018-03-31 22:01:47,Ensuring that #artificialintelligence is ethical? It's everyone‚Äôs responsibility - https://t.co/RIvj3katzJ‚Ä¶ https://t.co/LX2WfiPUyX
2018-03-31 22:01:06,"Most deadlines can be met without compromising qualityüëå. Don't worry about missing a deadline, we've got you covere‚Ä¶ https://t.co/2X8KTRGtTD"
2018-03-31 22:00:47,"@gournakisp https://t.co/vz3tqZwNnw
giVe thAt giFt to gEt bilioNs of loVes mAn

beTh haRt -CLOSE TO MY #FIRE -‚Ä¶ https://t.co/9Ug60xaPbt"
2018-03-31 22:00:36,"Did you get Friday's cash code yet? If not, c'mon! Retweet and redeem! https://t.co/6cSdASrFA0 #saturdaymotivation‚Ä¶ https://t.co/uiIphksFJ3"
2018-03-31 22:00:35,"Vauxhall has introduced its electronic IntelliGrip traction control system on the new Grandland X SUV, which was no‚Ä¶ https://t.co/55iMnDbWYO"
2018-03-31 22:00:22,"#chatbots : hype or the next big thing?"" https://t.co/mfRQU8q7Gp   
#social #OnlineMarketing #branding‚Ä¶ https://t.co/741D0kdYKw"
2018-03-31 22:00:01,The CUSHNIE ET OCHS Spring/Summer 2018 Bella Dress in White. Shop yours: https://t.co/ufNFqnrvTg‚Ä¶ https://t.co/IhppdcQ8xs
2018-03-31 22:00:01,‚ÄúLove doesn't need reason. It speaks from the irrational wisdom of the heart.‚Äù ‚Äï Deepak Chopra #spirituality‚Ä¶ https://t.co/Gcvi26cqre
2018-03-31 21:59:47,"BECOMING AS GODS: The Murder of Desdemona by Othello, Abortion and Communion in the Hand 

#Saturday‚Ä¶ https://t.co/Loi34fdlIu"
2018-03-31 21:58:38,"When things go wrong, it is far more productive to see if you can learn. #SaturdayMotivation #Motivation #MotivationalQuotes"
2018-03-31 21:58:07,"just finished typing a four page paper and a two page paper in like, an hour or something. holy shit im a fucking g‚Ä¶ https://t.co/a7VmoImto7"
2018-03-31 21:57:21,Do not try to hide your talents-Scott Golden #lifecoach #ThinkBIGSundayWithMarsha #SaturdayMotivation
2018-03-31 21:56:28,"""He who has a why can endure any how."" 
- Friedrich Nietzsche 

#SaturdayMotivation #Saturday #philosophy"
2018-03-31 21:55:50,"#SaturdayMotivation
#Reality_Of_Vedas
Only true God can cure people from deadliest diseases
Must watch : Sadhna Tv‚Ä¶ https://t.co/p8L7iTRiz5"
2018-03-31 21:55:04,"‚û° Celebrate LOVE.....
With your loved ones while enjoying a great meal.......
Dine with us at Bridge TURKISH &amp; MEDI‚Ä¶ https://t.co/f0tVikzUPA"
2018-03-31 21:55:02,"To Hillary And The #FakeNews Media~17 Intelligence Agencies  Never Claimed Russia Meddled In The 2016 Election 

BU‚Ä¶ https://t.co/ysKLmrT3BA"
2018-03-31 21:55:02,You have a light within you-Scott Golden #lifecoach #ThinkBIGSundayWithMarsha #SaturdayMotivation
2018-03-31 21:54:41,Closing out the week strong @rxfitness Home of CrossFit Chantilly üí™üèΩAll we require is your best effort everyday! ‚ÄúA‚Ä¶ https://t.co/j6HsVyikZ6
2018-03-31 21:53:37,"You have failed only when you quit trying. Until then, you're still in the act of progression. So, never quit tryin‚Ä¶ https://t.co/3fyVOSy9qA"
2018-03-31 21:53:26,"A wise woman once said, 
fuck this shit and lived happily ever after.

#SaturdayMotivation 
#snapchat
#fuckthisshit‚Ä¶ https://t.co/8Ne84r2UJY"
2018-03-31 21:53:14,You can finish the dreams you started-Scott Golden #lifecoach #ThinkBIGSundayWithMarsha #SaturdayMotivation
2018-03-31 21:51:46,#EASTEREGG ü•öI HAVE DISCOUNT CODESüêáBUT IM TOO HIGH TO REMEMBER. . . START HUNTINGüåøüòπüåø #Findomme #Femdomme‚Ä¶ https://t.co/udL7VvQsnC
2018-03-31 21:51:10,#WorkFromAnywhere #workfromhome #workathome is whats happenin' #Subscribe to https://t.co/wTzCr8b7UR  view for #NEW‚Ä¶ https://t.co/RGq3ZHdvDD
2018-03-31 21:51:07,What you do not know how to express is that you do not know (Friedrich Engels)üòç #theatre #believeinyourself‚Ä¶ https://t.co/OZNLFni5Io
2018-03-31 21:50:05,"Five years after a fatal coach crash on the A3 in Surrey, the danger posed by ageing bus and coach tyres continues‚Ä¶ https://t.co/4FSy49Wbwv"
2018-03-31 21:50:04,"""You will never truly know yourself or the #strength of your #relationships until both have been tested by‚Ä¶ https://t.co/wEmN6SpcdT"
2018-03-31 21:50:00,"hmmm, interesting, they do find ways to get around things, don't they.  #FBR #SaturdayMotivation https://t.co/ihEZnVdGdg"
2018-03-31 21:49:41,Feds need to charge Jerry Brown with sedition and subversion now. #MAGA #LIBTARDS #SaturdayMotivation
2018-03-31 21:49:03,Set 2 #Solar appointments today! 2 leads as well. #renewables #renewable #RenewableEnergy #cleanenergy #solarpower‚Ä¶ https://t.co/W6jOoPQR79
2018-03-31 21:48:57,You must know you are great-Scott Golden #lifecoach #ThinkBIGSundayWithMarsha #SaturdayMotivation
2018-03-31 21:48:28,My favorite story of the week. To see a kid so excited about learning is truly special. Congratulations to you!‚Ä¶ https://t.co/sw73rsOwAb
2018-03-31 21:47:38,"Liberal teacher in Nebraska posts hateful rhetoric, equating conservatives with Nazis, 

Refuses to take it down, a‚Ä¶ https://t.co/WekArQ8uUi"
2018-03-31 21:47:00,You are powerful-Scott Golden #lifecoach #ThinkBIGSundayWithMarsha #SaturdayMotivation
2018-03-31 21:45:07,"‚û° Happiness is drinking the chilled beer with friends...!!!
Shop with us at Saver's Club LIQUOR LOCKER‚Ä¶ https://t.co/yVfiTdYWU8"
2018-03-31 21:44:52,Sometimes your rough edges smooth out the toughest obstacles. #SaturdayMotivation
2018-03-31 21:44:17,"#SaturdayMotivation #SabadoSanto 
  For the preaching of the cross is to them that perish foolishness; but unto us‚Ä¶ https://t.co/dDVbJrdOXE"
2018-03-31 21:43:00,"The secrets to parking for free in Barcelona...

#Barcelona #Spain #Catalonia #SaturdayMotivation #Parking #Free‚Ä¶ https://t.co/qtku2jejaD"
2018-03-31 21:42:52,$5.00 DONATIONS ADD UP! PLEASE HELP! #GoFundMe #help #charity #desperate #indiegogo #crowdfunding‚Ä¶ https://t.co/mZeCGXoX0x
2018-03-31 21:42:21,Healthy can be beautiful! Smoothie Tour serves beautiful fresh handmade #smoothies at your party or event!‚Ä¶ https://t.co/KaWQz1bOaM
2018-03-31 21:41:48,The pagan origins of Roman Catholicism can be traced back all the way to ancient Egyptian and Babylonian cultures.‚Ä¶ https://t.co/xdwnut859T
2018-03-31 21:41:47,The madness of March is almost over! Enjoy a cold cocktail Watch ALL the @marchmadness games with us! #SaturdayMotivation
2018-03-31 21:41:40,"Girl,
You got this
You got this
You got this
You got this!
#girl #SaturdayMotivation"
2018-03-31 21:41:17,"Hindi Zahra - #Stand Up
Given this finding, cancer patients who smoke would clearly benefit if  GPs became more act‚Ä¶ https://t.co/SuC6548pET"
2018-03-31 21:41:04,"""A new political science is needed for a  new world if the human potential of democratic societies is to be realize‚Ä¶ https://t.co/T1rK3Za4iv"
2018-03-31 21:40:00,Dont miss out on today's 40% discount for the Easter holidays!! https://t.co/SMLuXxzMem  #SaturdayMotivation https://t.co/HSyBKQMDzD
2018-03-31 21:39:49,"NO HELL BELOW US? (Staying Catholic Despite Pope Francis)

#Catholicism #Faith #Testing #Perseverance  
#Saturday‚Ä¶ https://t.co/apirD1yzKy"
2018-03-31 21:39:21,Time to circumvaculate the living room rug. #sniglets #1980s #circumvaculate #SaturdayMotivation https://t.co/Jd8Mz3t9gR
2018-03-31 21:37:49,Are you eating enough! Join me on a healthier journey. https://t.co/PHbvmisVrl can help you #SaturdayMotivation‚Ä¶ https://t.co/P9zX3moQRA
2018-03-31 21:37:35,"1 Peter 5: 8 (KJV)

8 Be sober, be attentive; for your adversary the devil, as a roaring lion, walketh about, seeki‚Ä¶ https://t.co/mMlpjzz8FK"
2018-03-31 21:37:25,Thought for today: Life always offers  you a second chance. It‚Äôs called tomorrow. #SaturdayMotivation https://t.co/k7N3V6f331
2018-03-31 21:37:21,"#WakeUpWords: If you're not your #1 cheerleader you may as well quit the game. üí™üèºüíØ
#SaturdayMotivation‚Ä¶ https://t.co/gxOWEDH2GW"
2018-03-31 21:36:56,"@Whoa_Really64 Thank you friend, wishing you and your lovely family a peaceful Easter weekend üôåüê∂ü§óüê£üê•üê§üê∞üå∑‚Ä¶ https://t.co/vJt427DWzI"
2018-03-31 21:34:24,"Sometimes being alone in a busy hotel with a blues band, is all you need. #reflection #livemusic #Blues‚Ä¶ https://t.co/1qtM7lkq7i"
2018-03-31 21:34:20,#SaturdayMotivation #resist #Resistance This man should not be anywhere near the West Wing! https://t.co/YNuCqQUTde
2018-03-31 21:34:14,@realDonaldTrump #SaturdayMotivation ironic that the #orangenightmare is crying about anybody paying taxes! Where's‚Ä¶ https://t.co/GAop71D2nG
2018-03-31 21:34:06,The ultimate progress picture #SaturdayMotivation  https://t.co/PwWu3jMb6B
2018-03-31 21:33:46,Watch @EJLunaOfficial's broadcast: Can I Has Coffee this Afternoon? #talk #SaturdayMotivation #EasterWeekend2018 https://t.co/G3EdaCQWfh
2018-03-31 21:32:26,#SaturdayMotivation #resist #FBR We can only hope! https://t.co/bNQ17kiT9n
2018-03-31 21:31:11,Sometimes you just can‚Äôt decide a need a little bit more definition to help you choose. ü§îüëåüèª‚òïÔ∏è #rockofcoffee‚Ä¶ https://t.co/hFEOMHhdgH
2018-03-31 21:31:03,"Favorite sounds:
1. Feline purring
2. Elephant rumble
3. Whale exhale

#SaturdayMotivation https://t.co/Ujjn5wAqrG"
2018-03-31 21:30:41,"‚ÄúYou may say I'm a dreamer, but I'm not the only one. I hope someday you'll join us. And the world will live as one‚Ä¶ https://t.co/biGwHdFj92"
2018-03-31 21:30:31,That time where your try to successfully kill that #annoying #Mosquito. We have a solution https://t.co/Ys8dGFwY20‚Ä¶ https://t.co/P2ev0oPECt
2018-03-31 21:30:16,Will be posting a new ring tomorrow. If I have the time I will put up the new banner as well. More simplistic style‚Ä¶ https://t.co/0yUIqHDiE7
2018-03-31 21:30:07,Volkswagen Commercial Vehicles has launched a clever interactive finance calculator on its website.‚Ä¶ https://t.co/yBFQGvdnu3
2018-03-31 21:29:50,"‚ÄúThe desire to reach for the stars is ambitious. The desire to reach hearts is wise.‚Äù   ‚Äï  @DrMayaAngelou 

#quote #SaturdayMotivation"
2018-03-31 21:29:47,Wally is ready to bounce! #hiking the #AppalachianTrail #Maryland #SaturdayMotivation #dogslife https://t.co/n4zOYPFDwf
2018-03-31 21:29:19,"#SaturdayMotivation 
Obviously the @BBCSport presenter on The news tonight is a @WestBromFC_ fan!!!! https://t.co/1U9oKpB2z1"
2018-03-31 21:27:28,"Her smile was a treasure and even her tears told tales . 

#amwriting #WomensHistoryMonth #WomensDay‚Ä¶ https://t.co/8amfPIJTZI"
2018-03-31 21:26:23,"Struggle is struggle. It ain‚Äôt a competition. We are all built differently. 

‚ÄúWhining‚Äù during a period of time whe‚Ä¶ https://t.co/eUQQactsYH"
2018-03-31 21:25:04,"If you come to Cabo, you should eat with us: https://t.co/lDKLxpoEe2 #SolmarResorts #LosCabos #Cabo‚Ä¶ https://t.co/etghadYKUU"
2018-03-31 21:24:46,This is good advice for every day. And that watch is amazing! #AprilFoolsDay @Tesla #SaturdayMotivation https://t.co/x7JcZExTP4
2018-03-31 21:22:56,I need to do the dishes. #saturdaymotivation
2018-03-31 21:20:20,My blog and Youtube videos talk about the death and resurrection of Jesus! They also have music and other forms of‚Ä¶ https://t.co/pZaXKtralF
2018-03-31 21:20:17,Facts #SaturdayMotivation #SaturdayThoughts via @DiggTheKicks IG https://t.co/Z6mJ1swkA7
2018-03-31 21:20:02,"‚û° Celebrate LOVE.....
With your loved ones ‚ù§Ô∏è‚ù§Ô∏è while enjoying a great meal at 
CRAZY 4 FALAFEL
Dine with us at 456‚Ä¶ https://t.co/V1EhWT5U4X"
2018-03-31 21:19:23,"#SaturdayMotivation
#McCabe
The $500,000 GoFundMe charity campaign for wealthy ex-FBI official Andrew McCabe is obs‚Ä¶ https://t.co/0PofJ8deIr"
2018-03-31 21:18:21,"Hey everyone...make sure to follow KEN SHAMROCK THE WORLDS MOST DANGEROUS MAN AND TV ACTOR ... @ShamrockKen

‚òÜ EXPE‚Ä¶ https://t.co/WvOUAUZL7e"
2018-03-31 21:18:05,"What you Give
Is What you Get.

#SaturdayMotivation
#Inspiration
#Believe https://t.co/j8Ifg5ZBZ6"
2018-03-31 21:17:13,"‚Äú Some stories don't require a end even when you think they do , all it needs is closure and acceptance about it .‚Äù‚Ä¶ https://t.co/FkrkBBjj6J"
2018-03-31 21:15:45,Today‚Äôs philosopher fuel is Wolf Pup IPA from @goldenroadbrew. #CraftBeer #SaturdayMotivation #bitterisbetter‚Ä¶ https://t.co/6jArKtbwnQ
