2018-03-05 23:59:57,"b""@jhopesgalaxy @BTS_twt But that's the point. Not trying to please anyones  taste  or to break records, but honest t\xe2\x80\xa6 https://t.co/HYZ7XxIrov"""
2018-03-05 23:56:32,b'Me listining to #hixtape #HopeWorld @BTS_twt https://t.co/AOEHMzziKn'
2018-03-05 23:55:36,"b""I normally don't do fan art, but this song inspired me to do a fun little drawing. \xe2\x9b\x85\xef\xb8\x8f and having this album to list\xe2\x80\xa6 https://t.co/Eg6GtPNYmE"""
2018-03-05 23:55:30,"b'@SpecialReport Why is #FoxNewsUS always pushing sympathy for fake ""dreamers""?\n\nThis is just part of the policy of W\xe2\x80\xa6 https://t.co/yYPRGnOsVG'"
2018-03-05 23:55:20,b'MY NEW FAVORITE REMIX HONESTLY THIS IS SO GOOD WOW MY MOUTH WAS GAPING WIDE OPEN IN SHOCK\nhttps://t.co/dU5KaNtgOG\xe2\x80\xa6 https://t.co/Q6agbKXbjY'
2018-03-05 23:52:17,"b'Another day out, another day to make #HopeWorld my background OST. \xf0\x9f\x98\x8e'"
2018-03-05 23:51:19,b'I wish I could be a piece of peace.\n#HopeWorld #PieceOfPeace https://t.co/D3BggRqSGN'
2018-03-05 23:49:11,b'woaaa... jayhoppppeee power!!!\n#HopeWorld \n#BTSARMY #iHeartAwards #BestFanArmy @BTS_twt https://t.co/bXYxbR8I68'
2018-03-05 23:46:56,b'Also make sure you stream #HopeWorld hobi is outselling bts https://t.co/YXsFdWuKsJ'
2018-03-05 23:43:30,b'go go go iHeart!!\n#BestFanArmy #iHeartAwards #BTSARMY @BTS_twt \n#Daydream #HopeWorld https://t.co/k2mZ7M90dv'
2018-03-05 23:43:01,b'#BestFanArmy #BTSARMY #iHeartAwards @BTS_twt \nBASE LINE #HopeWorld'
2018-03-05 23:41:11,b'Ok but Airplane is the biggest bop on #HopeWorld https://t.co/vdlHGqI9F7'
2018-03-05 23:41:09,b'I still haven\xe2\x80\x99t found my wigs after #HopeWorld when they all went flying \xf0\x9f\x98\xb3\n\n#iHeartAwards\n#BestFanArmy\n#BTSARMY\xe2\x80\xa6 https://t.co/L6rdwxCjam'
2018-03-05 23:40:20,"b'\xcb\x9a\xe2\x9c\xa7\xe2\x81\x8e\xe2\x81\xba\xcb\xb3\xe2\x9c\xa7\xe0\xbc\x9a I took a picture, thought it was cute\xcb\x9a\xe2\x9c\xa7\xe2\x81\x8e\xe2\x81\xba\xcb\xb3\xe2\x9c\xa7\xe0\xbc\x9a       #ArmySelcaDay #myhope   #myangel #HopeWorld https://t.co/W01a8NOlhz'"
2018-03-05 23:40:06,b'Stream #HopeWorld please. We have a big probability for charting on Hot 100 but we have to work to make the probabl\xe2\x80\xa6 https://t.co/Qz19tBCmZk'
2018-03-05 23:38:12,"b'\xf0\x9d\x93\xb1\xf0\x9d\x93\xae\xe2\x80\x99\xf0\x9d\x93\xbc \xf0\x9d\x93\xb6\xf0\x9d\x94\x82 \xf0\x9d\x93\xad\xf0\x9d\x93\xaa\xf0\x9d\x94\x82 \xf0\x9d\x93\xad\xf0\x9d\x93\xbb\xf0\x9d\x93\xae\xf0\x9d\x93\xaa\xf0\x9d\x93\xb6, \xf0\x9d\x93\xad\xf0\x9d\x93\xaa\xf0\x9d\x94\x82 \xf0\x9d\x93\xad\xf0\x9d\x93\xbb\xf0\x9d\x93\xae\xf0\x9d\x93\xaa\xf0\x9d\x93\xb6 \xf0\x9d\x94\x82\xf0\x9d\x93\xae\xf0\x9d\x93\xaa\xf0\x9d\x93\xb1\xe2\x81\xba\xcb\xb3\xe2\x9c\xa7\xe0\xbc\x9a \xe2\x99\xa1 #ArmySeIcaDay #ARMYSeIcaDay #BestFanArmy #HIXTAPE #HopeWorld https://t.co/0RRFRtQCSA'"
2018-03-05 23:36:38,"b'""The base line of my music\nThe base line of my movement\nThe base line of my success\nBase line\nFrom now it\'s base ti\xe2\x80\xa6 https://t.co/g91vlLs5bu'"
2018-03-05 23:35:57,b'#Hixtape is so gooooood. Find myself singing or humming to Daydream and Hope World a lot. #JHope #HopeWorld #BTS @BTS_twt'
2018-03-05 23:33:38,b'Airplane is the best song ever written. Facts. #HopeWorld\n\n#iHeartAwards #BestFanARMY #BTS @BTS_twt'
2018-03-05 23:32:07,b'@Shazam @btschartdata #ShazamJHOPE #HopeWorld my phone is dying but still streaming and shazaming \xf0\x9f\x98\x82 #iheartAwards\xe2\x80\xa6 https://t.co/GU6MaDnd5F'
2018-03-05 23:31:10,b'Apparently I love Hope World and Day Dream so much that I spent a good amount of time putting it on my white board.\xe2\x80\xa6 https://t.co/Vb4vuxt51g'
2018-03-05 23:28:13,b'@Shazam I may or may not have spent the last 5 days Shazaming #HopeWorld non-stop \xf0\x9f\x98\xac\xf0\x9f\x98\x82. @Shazam @bryanherz @BTS_twt\xe2\x80\xa6 https://t.co/lz8nfloYJy'
2018-03-05 23:26:13,b'#HopeWorld is #16 on US pure album sales chart: a free mixtape tracking only 14 fucking hours i\xe2\x80\x99m bawling \xf0\x9f\x98\xad\xf0\x9f\x98\xad\xf0\x9f\x98\xad\xf0\x9f\x98\xad\xf0\x9f\x98\xad my\xe2\x80\xa6 https://t.co/gaz4h7mUhl'
2018-03-05 23:25:49,b'#blueside from #hopeworld #hixtape @BTS_twt became my favorite. This minute and half long outro had shaken my emoti\xe2\x80\xa6 https://t.co/7boZqAS9oh'
2018-03-05 23:25:45,b'@Shazam #ShazamJHOPE \xf0\x9f\x98\x89 We LOVE #Hopeworld in Canada! \n\n#BTSARMY #BestFanArmy #iHeartAwards @BTS_twt https://t.co/t5wuyjJu6F'
2018-03-05 23:24:53,"b""I swear I can't get enough of #jhope pure talent I been jammin #HopeWorld all weekend and all day today. Thank you\xe2\x80\xa6 https://t.co/hB1kKFnMj0"""
2018-03-05 23:24:48,b'@Shazam Same! \xf0\x9f\x92\x96 listening and #ShazamJHOPE\n#HopeWorld \n#Shazam https://t.co/Ir7YYqOCVf'
2018-03-05 23:22:43,"b'@LOVEYOUJOONIE @BTS_twt P.O.P, Hangsang, Hope World, Daydream...aaaaaaahhhhh! Amo todas! \xf0\x9f\x98\x8d\xf0\x9f\x98\x8d\xf0\x9f\x98\x8d\xf0\x9f\x98\x8d\xf0\x9f\x98\x8d\xf0\x9f\x98\x8d\n#hopeworld https://t.co/uBZ5XW3nzV'"
2018-03-05 23:20:52,b'Retweeted Shazam (@Shazam):\n\nI may or may not have spent the last hour Shazaming #HopeWorld (my fav track tbh)... https://t.co/RBMiAyi6ZS'
2018-03-05 23:19:13,"b'@Shazam #ShazamJHope It has to be #hangsang, baby! \xe2\x9d\xa4\xef\xb8\x8f #Hopeworld https://t.co/MwKpwPypfI'"
2018-03-05 23:16:43,b'Base line \xf0\x9f\x8e\xb6\xf0\x9f\x94\xa5\xf0\x9f\x98\x8d\n\n#HopeWorld\n\n#iHeartAwards #BestFanArmy #BTSARMY @BTS_twt'
2018-03-05 23:14:44,b'I may or may not have spent the last hour Shazaming #HopeWorld (my fav track tbh) \xf0\x9f\x98\xac\xf0\x9f\xa4\xa3\n\n#Shazam your favorite &amp; send\xe2\x80\xa6 https://t.co/JA91Xgs4vP'
2018-03-05 23:13:34,"b'Even though we don\xe2\x80\x99t know the date yet, we\xe2\x80\x99re already hyped for their comeback!!! \xf0\x9f\x98\x82 @BTS_twt @iHeartRadio\xe2\x80\xa6 https://t.co/1DoofTrCu3'"
2018-03-05 23:12:35,b'Blue Side is a masterpiece \xf0\x9f\x92\x99\xe2\x9c\xa8\n\n#Hixtape #HopeWorld\n#jhopeMixtape https://t.co/ZrDq5n0m8T'
2018-03-05 23:08:56,b'@BTS_twt Jungkook I haven\xe2\x80\x99t forgotten about that \xe2\x80\x9csoon\xe2\x80\x9d cover \xf0\x9f\x98\x89 I am looking forward to it. Also I\xe2\x80\x99ve been listenin\xe2\x80\xa6 https://t.co/cA3aXRxMtQ'
2018-03-05 23:08:22,b'Who needs models when they can have BTS\xf0\x9f\x98\x82 #iHeartAwards #BestFanArmy #BTSARMY @BTS_twt #THOSFansBTS5M #HopeWorld https://t.co/8CRG13WQgd'
2018-03-05 23:07:12,b'Daydream #HopeWorld #JHOPE \xe2\x98\x80\xef\xb8\x8f\xf0\x9f\x8c\xbb\xf0\x9f\x90\xa0 https://t.co/hW9ABDNRhe'
2018-03-05 23:06:51,b'The dance video we deserve #DayDream #HopeWorld https://t.co/ulhWn0uplp'
2018-03-05 23:05:49,b'@Jin_Butterfly @BTS_twt Well done ARMY we have been No1 in Top 50 Social charts for 64 weeks now!\xf0\x9f\x8e\x89\xf0\x9f\x91\x8f #iHeartAwards\xe2\x80\xa6 https://t.co/Iovh9LoIsi'
2018-03-05 23:04:45,b'@VirginRadioVan @kendricklamar @sza @lauvsongs @DUALIPA @bulow #DAYDREAMMV by @BTS_twt \xe2\x80\x98s J-Hope!\n#BTSARMY\xe2\x80\xa6 https://t.co/S56vjAvKAZ'
2018-03-05 23:03:57,"b'@anghami @AnghamiCare can we have #HopeWorld (JHope mixtape), Agust D (Agust D mixtape) and Rap monster (Rm mixtape\xe2\x80\xa6 https://t.co/9AAwpC9iLT'"
2018-03-05 23:02:26,"b""[D5-180306] 08:00 AM KST\nJ-Hope 'Daydream' MV\n{https://t.co/dJbRWnFMXk}\n\n\xf0\x9f\x93\x88Views: 22,614,687\n\xe2\x8f\xb3Next Goal: 30M\n\xf0\x9f\x91\x8dLikes:\xe2\x80\xa6 https://t.co/OsYuXLDsxi"""
2018-03-05 23:00:59,b'I love this boy \n#HopeWorld \n\n[ @BTS_twt ]\n#iHeartAwards #BestFanArmy #BTSARMY https://t.co/87pLts54c1'
2018-03-05 23:00:40,b'@BTS_twt @bts_bighit on a break from class eating healthy as well as macaroons whilst enjoying this sick album!! Be\xe2\x80\xa6 https://t.co/f1mNPPH9mU'
2018-03-05 22:57:28,"b'@MTV @BTS_twt In reality, who has really stopped listening? #iHeartAwards #BestFanArmy #BTSARMY #BTS #HopeWorld #JHOPE'"
2018-03-05 22:56:43,"b""It's1am here and I have school tomorrow\n\nI just wanted to say that #HopeWorld outro:Blue Side is so beautiful and i\xe2\x80\xa6 https://t.co/dzFEVkUlW3"""
2018-03-05 22:56:23,b'\xe2\x80\x9cIf there\xe2\x80\x99s the sun\n    I\xe2\x80\x99d want to dream\n       Wishing on a sky\n    Wishing on a scar\nIf there\xe2\x80\x99s the moonlight\xe2\x80\xa6 https://t.co/0DiC38wYlu'
2018-03-05 22:52:16,"b""my afternoon fix @Starbucks before I start my @BTS_twt J-Hope's #HopeWorld playlist on repeat\n\n#iHeartAwards\xe2\x80\xa6 https://t.co/54es3zPBsM"""
2018-03-05 22:45:20,"b'anyways, have a half smiling hobi #HopeWorld https://t.co/XmEM8QsEEu'"
2018-03-05 22:45:02,b'@twitrartexhibit @PegasusRDA_ACT Woohoo it has arrived \xf0\x9f\x98\x83 #HopeWorld'
2018-03-05 22:43:15,b'WAKING UP TO #jhopeMixtape\n\n#GoodThingsForLife #HopeWorld #iHeartAwards #BTSARMY #BestFanArmy @BTS_twt https://t.co/g2Ui8olRkL'
2018-03-05 22:41:27,b'A mood \xf0\x9f\xa4\xa3\xf0\x9f\xa4\xa3\xf0\x9f\xa4\xa3 #HANGSANG #HopeWorld \xe2\x9c\x8c\xef\xb8\x8f https://t.co/sYfz51gYeS'
2018-03-05 22:41:06,"b'In honor of the masterpiece #HopeWorld,\n\n{ #ARMYSelcaDay }\n\nCredz: @jinveats https://t.co/zDYKgEzvMb'"
2018-03-05 22:40:48,"b'Not to be controversial or anything, but Jhope\xe2\x80\x99s mixtape is an anthem. #HopeWorld #jhopeMixtape'"
2018-03-05 22:39:49,"b""Like i said apart from hoseok's mixtape dropping and yoongi's bday, #HopeWorld murdering LY:Her in cold blood will\xe2\x80\xa6 https://t.co/3fQodkXDtw"""
2018-03-05 22:36:30,b'Blue side outro is such a tease. So wavey but no where near long enough \xf0\x9f\x98\xad\xf0\x9f\x98\xad\xf0\x9f\x98\xad #HopeWorld'
2018-03-05 22:34:08,"b""[D5-180306] 04:00 AM KST\nJ-Hope 'Daydream' MV\n{https://t.co/IPxMvy7Ci3}\n\n\xf0\x9f\x93\x88Views: 22,175,241\n\xe2\x8f\xb3Next Goal: 30M\n\xf0\x9f\x91\x8dLikes:\xe2\x80\xa6 https://t.co/UbsnxP0ehZ"""
2018-03-05 22:31:44,"b""you're my beary own piece of peace \xf0\x9f\x90\xbb\xf0\x9f\x92\x9e\n#ARMYSeIcaDay #HopeWorld https://t.co/kdM9CFBBLZ"""
2018-03-05 22:31:12,b'excited for a new day \xf0\x9f\x92\x93\n#KCA #FavGlobalMusicBTS #HopeWorld'
2018-03-05 22:29:32,b'@Radio2M @BTS_twt @bts_bighit Thank you a lot for your support \xf0\x9f\x92\x96\xf0\x9f\x92\x96\xf0\x9f\x92\x96\n#HopeWorld #DayDream #iHeartAwards #BestFanArmy\xe2\x80\xa6 https://t.co/hAYYLM9Umg'
2018-03-05 22:28:23,"b""mang's in #HopeWorld \xf0\x9f\x92\x9a\xe2\x9d\xa4\xef\xb8\x8f #Draw_BT21 https://t.co/TgQXnSIz5d"""
2018-03-05 22:28:17,"b'""Knowing myself is Step 1.\nFinding my dream is Step 2.\nMaking it come true is Step 3."" \n- #HopeWorld P.O.P \xf0\x9f\x8e\xb6 \xe2\x9d\xa4\xe2\x9d\xa4\xe2\x9d\xa4'"
2018-03-05 22:27:25,b'\xf0\x9f\x98\x82\xf0\x9f\x98\x82\xf0\x9f\x98\x82 This is so me! \n#HopeWorld struggle bus! \n@BTS_twt  #BTSARMY #BestFanArmy #iHeartAwards https://t.co/AxHq3NvhFt'
2018-03-05 22:25:06,b'Daydream #HopeWorld https://t.co/xvz7gXw8ve'
2018-03-05 22:25:00,b'Mood. #HopeWorld https://t.co/ez4oPJiEJk'
2018-03-05 22:24:33,"b'My theory, at the end of Daydream an airplane flies by in the window and you see the shadow, so the next MV will be\xe2\x80\xa6 https://t.co/dlUdhjGDcV'"
2018-03-05 22:24:11,"b""[D5-180306] 04:00 AM KST\nJ-Hope 'Daydream' MV\n{https://t.co/wDjoWRRbix}\n\n\xf0\x9f\x93\x88Views: 22,175,241\n\xe2\x8f\xb3Next Goal: 30M\n\xf0\x9f\x91\x8dLikes:\xe2\x80\xa6 https://t.co/61jJ3wr8Hl"""
2018-03-05 22:23:43,"b""Hoseokie have been dissing since debut days. But he's still the most gentle rapper among the our holytrinity. \xf0\x9f\x98\x87\xe2\x80\xa6 https://t.co/MKkLIlX7jS"""
2018-03-05 22:20:02,b'red and yellow; yoonseok \xe2\x9d\xa4\xf0\x9f\x92\x9b\n\n#iHeartAwards #BTSARMY #BestFanArmy #yoonseok #sopeweek #HopeWorld https://t.co/yG9u6NmqNk'
2018-03-05 22:18:43,b'Honestly I wake up and go to sleep with #HopeWorld and \xeb\x95\xa1\xeb\x95\xa1\xeb\x95\xa1 by Suran\n#iHeartAwards #BestFanArmy #BTSARMY @BTS_twt'
2018-03-05 22:18:40,b'JHHHHHOOOOOOPPPEEE DUDE! #HopeWorld is awesome! #HIXTAPEISOUT and I can\xe2\x80\x99t even handle it @BTS_twt always makes me p\xe2\x80\xa6 https://t.co/NNG2ee6wAC'
2018-03-05 22:17:29,"b""still can't get over #HopeWorld \xf0\x9f\x98\x82 @BTS_twt \xf0\x9f\x92\x9c"""
2018-03-05 22:16:46,"b'After listening to it everyday since release, I finally got my #HopeWorld pref list:\n\n1. Blue Side\n2. Hangsang\n3. B\xe2\x80\xa6 https://t.co/bmeP5ah0PH'"
2018-03-05 22:13:11,"b""In honor of #hopeworld because I'm still bopping to this entire mixtape! \xf0\x9f\x92\x9a\xf0\x9f\x92\xab https://t.co/HfhXeUY1iS"""
2018-03-05 22:12:01,b'Goooooooood day\xf0\x9f\x92\x99 \xe2\x80\x93 Listen to 1. Hope World by #BTS #np on #SoundCloud #HopeWorld\nhttps://t.co/ADvIMQ5fKs'
2018-03-05 22:11:07,"b""wishing on a sky, wishing on a scar \nif there's the sun i'd want to dream, if there's the moonlight i wouldn't want\xe2\x80\xa6 https://t.co/aa7Q4XIzim"""
2018-03-05 22:09:51,"b'But honestly, this is me... #HopeWorld #DayDream #JHOPE https://t.co/0hqXjuALYr'"
2018-03-05 22:07:22,"b""Now that the biology test is over: LET'S PLAY HOPE WORLD ON REPEAT \n#JHOPEWORLD #HopeWorld #DayDream #BTS #BTSARMY"""
2018-03-05 22:05:25,b'also support both #straykids mixtape and #HopeWorld !!! ok that\xe2\x80\x99s all'
2018-03-05 22:05:13,"b""What's great about #No_StreamingParty is that we got our anger out in a positive. It must be because we are now living in a #HopeWorld"""
2018-03-05 22:04:59,"b'@BTS_twt \xf0\x9f\x8c\xb9 Congratulations \xf0\x9f\x8c\xb9\n\nAnd two million more, until Hobi has his solo concert in the United States?\xe2\x80\xa6 https://t.co/pjXpYJjgXM'"
2018-03-05 22:02:36,"b'Hey fam,\n\nIf you\xe2\x80\x99re in the US please continue to stream #HopeWorld to help with the Billboard 200 rather than strea\xe2\x80\xa6 https://t.co/SjVtG76fOO'"
2018-03-05 22:00:44,b'\xe2\x86\xa0 i wish i could be your piece of peace \xe2\x86\x9e\n\n#ARMYSeIcaDay \xf0\x9f\x92\x96 #HopeWorld https://t.co/J4u3gMh6fj'
2018-03-05 22:00:19,"b""[D5-180306] 04:00 AM KST\nJ-Hope 'Daydream' MV\n{https://t.co/CavIBUWNSI}\n\n\xf0\x9f\x93\x88Views: 22,175,241\n\xe2\x8f\xb3Next Goal: 30M\n\xf0\x9f\x91\x8dLikes:\xe2\x80\xa6 https://t.co/NIIgUDI3k2"""
2018-03-05 22:00:14,"b""[D5-180306] 04:00 AM KST\nJ-Hope 'Daydream' MV\n{https://t.co/bjdlce7bxi}\n\n\xf0\x9f\x93\x88Views: 22,175,241\n\xe2\x8f\xb3Next Goal: 30M\n\xf0\x9f\x91\x8dLikes:\xe2\x80\xa6 https://t.co/66045E37aN"""
2018-03-05 21:58:47,"b'""Inside my blue dream\nI want to contain you\nEven if you say no\nInside my eyes"" \xf0\x9f\x92\xab\n\n#ARMYSelcaDay\n#HopeWorld\xe2\x80\xa6 https://t.co/00RfDkuFR3'"
2018-03-05 21:56:43,b'I was wrong. #baseline is a bop but #hangsang literally murdered me. #HOPEWORLDMixtapeOUTNOW #HopeWorld\xe2\x80\xa6 https://t.co/wJwufmBzge'
2018-03-05 21:55:08,b'@BTS__Europe @BTS_twt #iHeartAwards #BestFanArmy #BTSARMY #HOPEWORLD @BTS_twt fighting aRmy'
2018-03-05 21:52:26,b'Listening to #HopeWorld cant get enough! \xf0\x9f\x98\xb2\xf0\x9f\x98\x98 #iHeartAwards #BestFanArmy #BTSARMY @BTS_twt'
2018-03-05 21:50:04,"b""It's official, I can't go a day without Hope World. This album has stolen me and I'm happy with this.\n\n#HopeWorld\xe2\x80\xa6 https://t.co/mS9vjU2X1E"""
2018-03-05 21:44:52,b'Hate is unnecessary. Riffing off a similar theme is not going to automatically make someone else equally popular. G\xe2\x80\xa6 https://t.co/4Jr2S33Uek'
2018-03-05 21:44:18,"b""[D5-180306] 04:00 AM KST\nJ-Hope 'Daydream' MV\n{https://t.co/vgayVPQX6a}\n\n\xf0\x9f\x93\x88Views: 22,175,241\n\xe2\x8f\xb3Next Goal: 30M\n\xf0\x9f\x91\x8dLikes:\xe2\x80\xa6 https://t.co/3tApVg3JEI"""
2018-03-05 21:43:46,"b""I know I'm a bit late and there are way more talented people than me but I kinda liked that so...\n\xf0\x9f\x92\x9c\xf0\x9f\x92\x9c\xf0\x9f\x92\x9c\xf0\x9f\x92\x9c\xf0\x9f\x92\x9c\xf0\x9f\x92\x9c\xf0\x9f\x92\x9c\xf0\x9f\x92\x9c\xf0\x9f\x92\x9c\xf0\x9f\x92\x9c\xf0\x9f\x92\x9c\xf0\x9f\x92\x9c\xe2\x80\xa6 https://t.co/lpxY8wamZt"""
2018-03-05 21:41:13,b'daydream daydream #hopeworld #jhope https://t.co/XECQgVH39B'
2018-03-05 21:40:30,"b""[D5-180306] 04:00 AM KST\nJ-Hope 'Daydream' MV\n{https://t.co/AsxHQrJKc0}\n\n\xf0\x9f\x93\x88Views: 22,175,241\n\xe2\x8f\xb3Next Goal: 30M\n\xf0\x9f\x91\x8dLikes:\xe2\x80\xa6 https://t.co/KFUOQ45egP"""
2018-03-05 21:36:29,b'Well at least I tried... \xf0\x9f\xa7\xa1#ARMYSelcaDay #hobi #HopeWorld #oursunshine https://t.co/bvJgn3b8lt'
2018-03-05 21:36:24,b'Please remember to keep Shazaming daydream. We know after DNA and MIC drop how necessary it is for radio play to ch\xe2\x80\xa6 https://t.co/Wi8rC9oRUh'
2018-03-05 21:33:39,"b'Millions of hearts, \nmillions of people.\nAnd under these masses -\nmy face\nFrom these hearts, \nNo ones love you\nas m\xe2\x80\xa6 https://t.co/vONLio3Ujq'"
2018-03-05 21:33:33,"b""I'll just leave these here... @BTS_twt #HopeWorld #JHOPE https://t.co/PeE5sBx5OY"""
2018-03-05 21:33:31,b'Jamming to #HopeWorld #DayDream on my commute home \xf0\x9f\x8c\x9e\xf0\x9f\x8c\x9e\xf0\x9f\x8c\x9e\xf0\x9f\x8c\x9e\xf0\x9f\x8c\x9e\xf0\x9f\x8c\x9e\xf0\x9f\x8c\x9e https://t.co/TcrUR7er5j'
2018-03-05 21:33:08,b'When hope world has already snatched your weave but trying to stay positive #BTS #HOPEWORLDMixtapeOUTNOW #HopeWorld https://t.co/qsLCrGaSpU'
2018-03-05 21:32:59,b'Okay wait you KNOW it\xe2\x80\x99s Hobi\xe2\x80\x99s month when even my desk calendar has the color scheme of #HOPEWORLD \xf0\x9f\x98\x8d\xf0\x9f\x99\x8c\xf0\x9f\x8f\xbc\n\n(Excuse my\xe2\x80\xa6 https://t.co/x6SB177HnA'
2018-03-05 21:31:58,"b""Bitch I'm gonna hype about Hope World till the day I die!! The lyrics have touched me in a spiritual level!! I feel\xe2\x80\xa6 https://t.co/IyRcbsji6h"""
2018-03-05 21:27:15,b'#HopeWorld is definitely the \xf0\x9f\x94\x8c lately! I\xe2\x80\x99ve been in a mood of feeling lost; &amp; just listening and spacing out \xf0\x9f\x8c\x8c\xf0\x9f\x9b\xb8help\xe2\x80\xa6 https://t.co/9vaDeBkWDI'
2018-03-05 21:27:08,"b'""my Daydream Daydream"" \xf0\x9f\x8c\x9f\n#DayDream #JHOPE #HopeWorld #fanart #btsfanart https://t.co/KNtAYq8Egi'"
2018-03-05 21:26:20,"b""Real talk! Hobi's Hope World has to be the saddest and happiest shit ever!Like he talks abt how a person wants to b\xe2\x80\xa6 https://t.co/aPpyZuiKml"""
2018-03-05 21:24:34,"b""[D5-180306] 04:00 AM KST\nJ-Hope 'Daydream' MV\n{https://t.co/Qwiv0xDxbL}\n\n\xf0\x9f\x93\x88Views: 22,175,241\n\xe2\x8f\xb3Next Goal: 30M\n\xf0\x9f\x91\x8dLikes:\xe2\x80\xa6 https://t.co/FM9Hqcy9uU"""
2018-03-05 21:24:32,"b""[D5-180306] 04:00 AM KST\nJ-Hope 'Daydream' MV\n{https://t.co/mimsAu8fWw}\n\n\xf0\x9f\x93\x88Views: 22,175,241\n\xe2\x8f\xb3Next Goal: 30M\n\xf0\x9f\x91\x8dLikes:\xe2\x80\xa6 https://t.co/L5dLhHxifO"""
2018-03-05 21:22:30,"b""[D5-180306] 04:00 AM KST\nJ-Hope 'Daydream' MV\n{https://t.co/xIc1gK0hIz}\n\n\xf0\x9f\x93\x88Views: 22,175,241\n\xe2\x8f\xb3Next Goal: 30M\n\xf0\x9f\x91\x8dLikes:\xe2\x80\xa6 https://t.co/ECW1LDbHtP"""
2018-03-05 21:20:23,b'@BTS_jp_official Yes yes yes  \xf0\x9f\x92\x99\xf0\x9f\x92\x99\xf0\x9f\x92\x99 #jhopeMixtape #HopeWorld #iHeartAwards #BTSARMY #BestFanArmy #iHeartAwards #BestBoyBand #BTSARMY'
2018-03-05 21:20:16,"b""j-hope 'Daydream (\xeb\xb0\xb1\xec\x9d\xbc\xeb\xaa\xbd)' Music Video Out Now \n(https://t.co/WQxE1W3J8x)\n\n#jhope #HopeWorld #Daydream #\xeb\xb0\xb1\xec\x9d\xbc\xeb\xaa\xbd by #ARMYFOREVER_vk via @c0nvey"""
2018-03-05 21:18:58,"b""[D5-180306] 04:00 AM KST\nJ-Hope 'Daydream' MV\n{https://t.co/6VcoXUC9CK}\n\n\xf0\x9f\x93\x88Views: 22,175,241\n\xe2\x8f\xb3Next Goal: 30M\n\xf0\x9f\x91\x8dLikes:\xe2\x80\xa6 https://t.co/fzgcD4Bfu8"""
2018-03-05 21:18:43,b'\xf0\x9f\x8f\x86\xf0\x9f\x92\xaf\xf0\x9f\x99\x8f\xf0\x9f\x8f\xbd\xe2\x9c\xa8Blessings! @BTS_twt @BTS_ARMY @bts_bighit #JHOPEMIXTAPE I hope you are proud of how successful #HopeWorld has\xe2\x80\xa6 https://t.co/pmOHSTXuEB'
2018-03-05 21:12:23,b'The depth of the pit which each person digs while striving to satisfy their need for the Righteousness of God varie\xe2\x80\xa6 https://t.co/wFOr4p8ytr'
2018-03-05 21:12:21,b'J-hope babe you\xe2\x80\x99re getting what you deserve and im so satisfied with it #hopeworld https://t.co/z9oUPQaiPI'
2018-03-05 21:11:09,"b""[D5-180306] 06:00 AM KST\nJ-Hope 'Daydream' MV\n{https://t.co/dJbRWnFMXk}\n\n\xf0\x9f\x93\x88Views: 22,427,779\n\xe2\x8f\xb3Next Goal: 30M\n\xf0\x9f\x91\x8dLikes:\xe2\x80\xa6 https://t.co/LKBItHZ5PI"""
2018-03-05 21:11:02,"b'When J-Hope says ""I enjoy cursing and vulgar words but I don\'t use them in my music"" in #HopeWorld \n#BestFanArmy\xe2\x80\xa6 https://t.co/a9zb3p2uAf'"
2018-03-05 21:10:28,"b""[D5-180306] 04:00 AM KST\nJ-Hope 'Daydream' MV\n{https://t.co/d8elopUWRz}\n\n\xf0\x9f\x93\x88Views: 22,175,241\n\xe2\x8f\xb3Next Goal: 30M\n\xf0\x9f\x91\x8dLikes:\xe2\x80\xa6 https://t.co/6MhlN8vNhl"""
2018-03-05 21:10:09,"b""[D5-180306] 04:00 AM KST\nJ-Hope 'Daydream' MV\n{https://t.co/nrhhJRUQ2g}\n\n\xf0\x9f\x93\x88Views: 22,175,241\n\xe2\x8f\xb3Next Goal: 30M\n\xf0\x9f\x91\x8dLikes:\xe2\x80\xa6 https://t.co/wanYTSBKCs"""
2018-03-05 21:08:18,b'\xf0\x9f\x92\x93SUNSHINE\xf0\x9f\x92\x93\n\n#BTS #JHOPE #jhopeMixtape #HopeWorld #HOPEWORLDMixtapeOUTNOW #jhope #hoseok #BTSWALLPAPER https://t.co/dWXYnAKAf3'
2018-03-05 21:07:26,"b""*sigh* Guess it's time for this noona to log-off-twt, &amp; hit up the other platforms for iHeart. \xf0\x9f\x99\x84\n\n(Suggestion: Try\xe2\x80\xa6 https://t.co/vUccbArSmm"""
2018-03-05 21:06:32,b'Hope world is going to be the bop of the summer #BestBoyBand #BTS #iHeartAwards #hopeworld'
2018-03-05 21:02:02,b'Hoseok outsold his own group. This is what i call legendary. \n\n#HOPEWORLD #iHeartAwards #BestFanArmy #BTSARMY @BTS_twt'
2018-03-05 21:00:51,b'#HopeWorld #J-Hope  #iHeartAwards #BTSARMY'
2018-03-05 20:59:51,"b""@a_estrela_bts @BTS_twt I'm so happy for him cuz #HopeWorld is sooo good :) @BTS_twt \n\n#BTSARMY #BestFanArmy #iHeartAwards"""
2018-03-05 20:59:46,"b'Wow, J-Hope really infires me!\n#HopeWorld \n#BTSARMY #BestFanArmy #iHeartAwards @BTS_twt https://t.co/vpbdDfFhKj'"
2018-03-05 20:58:03,b'sO MUCH CONCEPT OMG \n\n#HopeWorld @BTS_twt https://t.co/yfBiCihd19'
2018-03-05 20:57:37,b'@frecklixs @tastyjeon @BTS_twt I may be #BTSARMY but this is the truest thing on earth. I may live in #HopeWorld bu\xe2\x80\xa6 https://t.co/HtlztZiMw5'
2018-03-05 20:56:54,"b""Honestly, #HOPEWORLD mixtape was not good, the effects were horrible and the lyrics were mumbled. It didn't sound a\xe2\x80\xa6 https://t.co/iLzmDWHzVQ"""
2018-03-05 20:56:50,b'@PhooArmy @BTS_twt Hello \xe2\x99\xa5\n #BTSARMY #BestFanArmy #iHeartAwards  @Bts_twt \xe2\x99\xa5 #HopeWorld #Daydream #ARMY #ARMYSelcaDay #DNA300M \xe2\x99\xa5'
2018-03-05 20:56:24,"b'Yep, our man did that with his free mixtape #HopeWorld @BTS_twt \nThank you Hobi! We love it\xf0\x9f\x92\x9c\n#iHeartAwards\xe2\x80\xa6 https://t.co/2gNUJai36v'"
2018-03-05 20:55:54,b'Legitimately my dance mood when I hear Base Line \xf0\x9f\x98\x82\xf0\x9f\x98\x82\xf0\x9f\x98\x82 #HopeWorld https://t.co/90lRUGHp6p'
2018-03-05 20:54:45,"b""@BTSxCanada @BTS_twt #BTSARMY #BestFanArmy #iHeartAwards Thank you I'm have a lot of studies but I still try to fin\xe2\x80\xa6 https://t.co/R2bvTpAjfO"""
2018-03-05 20:54:26,"b""[D5-180306] 04:00 AM KST\nJ-Hope 'Daydream' MV\n{https://t.co/MHbe6PuVIl}\n\n\xf0\x9f\x93\x88Views: 22,175,241\n\xe2\x8f\xb3Next Goal: 30M\n\xf0\x9f\x91\x8dLikes:\xe2\x80\xa6 https://t.co/VLsvFUSScq"""
2018-03-05 20:52:24,"b""[D5-180306] 04:00 AM KST\nJ-Hope 'Daydream' MV\n{https://t.co/nSBTKVS5yH}\n\n\xf0\x9f\x93\x88Views: 22,175,241\n\xe2\x8f\xb3Next Goal: 30M\n\xf0\x9f\x91\x8dLikes:\xe2\x80\xa6 https://t.co/JBsUngKj7w"""
2018-03-05 20:49:23,b'still ain\xe2\x80\x99t over #HopeWorld \xf0\x9f\x98\xad\xf0\x9f\xa4\xa7\xf0\x9f\x98\x8d'
2018-03-05 20:47:34,b'So proud of my sunshine J-hope\xe2\x9d\xa4\xef\xb8\x8f https://t.co/HQcuZdNiLu \xe2\x9d\xa4\xef\xb8\x8f Please come to the Netherlands sometime\xf0\x9f\x99\x8f #HopeWorld #BestFanArmy @BTS_twt'
2018-03-05 20:46:29,"b""[D5-180306] 04:00 AM KST\nJ-Hope 'Daydream' MV\n{https://t.co/Da9JeaEYZE}\n\n\xf0\x9f\x93\x88Views: 22,175,241\n\xe2\x8f\xb3Next Goal: 30M\n\xf0\x9f\x91\x8dLikes:\xe2\x80\xa6 https://t.co/w5LYQJnigg"""
2018-03-05 20:46:20,b'All of this unabashed love Hoseok is receiving for his beloved mixtape makes me so happy I could cry.\n\n#hopeworld\xe2\x80\xa6 https://t.co/7cNNHuaKDs'
2018-03-05 20:45:28,b'The wholeass #HopeWorld has been my anthem these past few days. Cant stop listening wow. \n\n#iHeartAwards #BestFanArmy #BTSARMY'
2018-03-05 20:45:03,b'Soooo how high charted #HopeWorld on BB charts? \n\n#iHeartAwards #BTSARMY @BTS_twt #BestFanArmy'
2018-03-05 20:41:46,"b""It's been a while since my last drawing, and I know it's late, but here's my little contribution \xf0\x9f\x92\x9c #DayDream\xe2\x80\xa6 https://t.co/rEuwrw7qhV"""
2018-03-05 20:41:39,b'@BTSxCanada @BTS_twt Do You #iHeartAwards #BestFanArmy #BTSARMY @BTS_twt #ARMY \xe2\x99\xa5 #BestBoyband #HopeWorld #Daydream\xe2\x80\xa6 https://t.co/IOsaiIW64r'
2018-03-05 20:40:53,"b'In celebration of the hixtape #HopeWorld i wanna dedicate this #ARMYSelcaDay to my man, Jhope \n\n#iHeartAwards\xe2\x80\xa6 https://t.co/i2PQ9gXoyi'"
2018-03-05 20:39:14,b'Mood\n#HopeWorld https://t.co/8Dfkr4uFEN'
2018-03-05 20:37:05,"b'First post!! Made a Hope World inspired fanart!! #JHOPE, #HopeWorld, #btsfanart https://t.co/KhjAjJJLPM'"
2018-03-05 20:36:31,b'J-Hope debuts everywhere... World recognizing the #HopeWorld \nI love this! #BestFanArmy #BTSARMY #iHeartAwards\xe2\x80\xa6 https://t.co/7eArPQkjXY'
2018-03-05 20:30:29,"b""[D5-180306] 04:00 AM KST\nJ-Hope 'Daydream' MV\n{https://t.co/g2xewC1h5Q}\n\n\xf0\x9f\x93\x88Views: 22,175,241\n\xe2\x8f\xb3Next Goal: 30M\n\xf0\x9f\x91\x8dLikes:\xe2\x80\xa6 https://t.co/YyZ3EDwwNX"""
2018-03-05 20:30:20,b'@BTSxCanada @BTS_twt Awake by Jin @Bts_twt #iHeartAwards #BTSARMY #BestFanArmy #BestBoyband #BESTFAN \xe2\x99\xa5 \xe2\x99\xa5 #Jhope\xe2\x80\xa6 https://t.co/QpDl4XvLIu'
2018-03-05 20:30:07,b'Such a great album it ALMOST made the treadmill fun. Almost. #HopeWorld by j-hope https://t.co/8qigsZT4bf #NowPlaying'
2018-03-05 20:29:57,"b'// if there\xe2\x80\x99s the sun, I\xe2\x80\x99d want to dream. \xf0\x9f\x92\x9b\n#ARMYSelcaDay #HopeWorld https://t.co/xTljgE8XwZ'"
2018-03-05 20:28:28,"b""Would highly recommend JHope's mixtape #HopeWorld and #LoveYourself_HER by @BTS_twt  \n \n#MusicMonday #iHeartAwards\xe2\x80\xa6 https://t.co/Nnybu4bqAT"""
2018-03-05 20:27:59,b'@Radio2M @BTS_twt @bts_bighit @btsanalytics @BTS_Billboard @BTS_twt \nThank you #HopeWorld \xf0\x9f\x92\x9a\n#iHeartAwards #BestFanArmy #BTSARMY'
2018-03-05 20:27:43,"b'\xf0\x9f\x8d\x80I want you to cry in peace,\n                      You know\n          I want you to party like crazy,\xe2\x80\xa6 https://t.co/9PwfZ6Y2Ny'"
2018-03-05 20:27:35,b'ARMY CELEBRATING HIXTAPE \xf0\x9f\x8e\xa4\xf0\x9f\x8e\xb6\xe2\x99\xa5\xef\xb8\x8f\xf0\x9f\x8c\x8f\n\n#HOPEWORLD \n#HIXTAPE \n#JHOPE \n\n@BTS_twt https://t.co/92y81Qwezo'
2018-03-05 20:26:29,"b""\xf0\x9f\x8c\x8eiTunes WW:\n\n#1 J-hope - Hope World [=] *5ta vez #1*\n\n'Hope World' con el m\xc3\xa1s largo registro de #1 en iTunes Worldw\xe2\x80\xa6 https://t.co/VXk3VCZoyU"""
2018-03-05 20:26:08,b'@steveaoki @LifeOfDesiigner @BTS_twt Love #BTSARMY #BestFanArmy #iHeartAwards #HopeWorld'
2018-03-05 20:25:16,b'#HopeWorld  #4 album in dutch itunes.  \xe2\x80\xa2 #iHeartAwards #BestFanArmy #BTSARMY @BTS_twt  JHOOPPEEEEEEE~ https://t.co/WFpJ48Xgb3'
2018-03-05 20:24:54,b'it\xe2\x80\x99s cute but i\xe2\x80\x99m sure someone could do much better! i wish i had a blue ;( inspo from @ggukreum #HopeWorld\xe2\x80\xa6 https://t.co/nCyLol1Tqc'
2018-03-05 20:24:29,"b'\xe3\x80\x8e\xef\xb8\x8f    When I close my eyes,\n                 I can hear\n         your heart singing \xf0\x9f\x8c\xb9    \xe3\x80\x8f\xef\xb8\x8f\n\n\xe2\x86\xaa\xef\xb8\x8f #HopeWorld\xe2\x80\xa6 https://t.co/nseqfMEQWx'"
2018-03-05 20:21:36,"b""[D5-180306] 04:00 AM KST\nJ-Hope 'Daydream' MV\n{https://t.co/vxKszlscDz}\n\n\xf0\x9f\x93\x88Views: 22,175,241\n\xe2\x8f\xb3Next Goal: 30M\n\xf0\x9f\x91\x8dLikes:\xe2\x80\xa6 https://t.co/eHkmSop9rR"""
2018-03-05 20:21:17,b'Well since I said I\xe2\x80\x99m an editor in my bio I might as well post some of my stuff lol. I think a bit of Hope World wo\xe2\x80\xa6 https://t.co/xZhqMJEmuj'
2018-03-05 20:21:10,b'Kookie in a Uniform.. gosh~\xf0\x9f\x98\x8d\n\xe2\x9c\xa8\n\xf0\x9f\x8c\x99\n\xe2\x9c\xa8\n#jk #jungkook #kookie #jeonjungkook #\xeb\xb0\xa9\xed\x83\x84\xec\x86\x8c\xeb\x85\x84\xeb\x8b\xa8 #BTS @BTS_twt #HopeWorld #\xec\xa0\x95\xea\xb5\xad #BTSARMY\xe2\x80\xa6 https://t.co/0VVJuB3xT1'
2018-03-05 20:21:04,"b'Here we go, finally listening to Hobi\xe2\x80\x99s mixtape #HopeWorld \xf0\x9f\xa4\xa9'"
2018-03-05 20:21:03,"b""No wonder @BTS_twt follows John Cena. \xf0\x9f\x98\x8a\nEventhough they can't see him. \xf0\x9f\x98\x81 Nah. Seriously. \xf0\x9f\x92\x9c\xf0\x9f\x92\x9c\xf0\x9f\x92\x9c\xe2\x80\xa6 https://t.co/kZSeeeXMq7"""
2018-03-05 20:20:48,"b""Let's stream\n#iHeartAwards\n#BTSARMY\n#BestFanArmy\n#HopeWorld\n@BTS_twt\n\nHere\xe2\x80\x99s a playlist for you\xe2\x80\xa6 *jhope screaming*\xe2\x80\xa6 https://t.co/G1v0s8CVZ6"""
2018-03-05 20:20:48,b'@BTS_ARMY @BTS_twt @Twitter @BigHitEnt CHIM CHIM @BTS_twt #bts #BestBoyBand #iHeartAwards #HopeWorld'
2018-03-05 20:20:22,b'@Jin_Butterfly @BTS_twt #iHeartAwards #BTSARMY #BestFanArmy #HopeWorld @BTS_twt Give'
2018-03-05 20:20:19,b'@Jin_Butterfly @BTS_twt #iHeartAwards #BTSARMY #BestFanArmy #HopeWorld @BTS_twt \nHarder'
2018-03-05 20:20:10,b'@Jin_Butterfly @BTS_twt #iHeartAwards #BTSARMY #BestFanArmy #HopeWorld @BTS_twt \nARMY\nBASE LINE'
2018-03-05 20:19:58,b'it\xe2\x80\x98s #HopeWorld we\xe2\x80\x98re just living in it\n\n#ARMYSeIcaDay \xf0\x9f\xa5\x80 https://t.co/JFWGxsLRuD'
2018-03-05 20:19:54,b'@Jin_Butterfly @BTS_twt #iHeartAwards #BTSARMY #BestFanArmy #HopeWorld @BTS_twt \nARMY'
2018-03-05 20:19:53,"b""\xe3\x80\x8c\xef\xb8\x8f           You're right \xe2\x9d\xa4\xef\xb8\x8f\n       Your music makes me\n          look happy even in\n         the darkest nights \xf0\x9f\x8c\xb9\xe2\x80\xa6 https://t.co/GeN9YYZigi"""
2018-03-05 20:19:51,"b'#HopeWorld surpassed @BTS_twt and is now the longest charting at #1 on iTunes Worldwide for a Korean album, surpass\xe2\x80\xa6 https://t.co/gehCKSqS6R'"
2018-03-05 20:18:23,b'@pjmbieber @BTS_twt Chim chim #iHeartAwards #BTSARMY #BestFanArmy #HopeWorld @BTS_twt'
2018-03-05 20:17:02,b'\xe2\x98\x80\xef\xb8\x8fJ-HOPE Daydream wallpaper/lockscreen\n#Jhope #HopeWorld\n#DaydreamMV https://t.co/eD2NMfd4Kg'
2018-03-05 20:16:09,b'#iHeartAwards #BestFanArmy #BTSARMY @BTS_twt \nJUST IMAGINE HOW HAPPY HE IS OMG #HopeWorld  OUT CHARTED A LEGEND'
2018-03-05 20:14:46,"b""[D5-180306] 02:03 AM KST\nJ-Hope 'Daydream' MV\n{https://t.co/P8x1nsgcfV}\n\n\xf0\x9f\x93\x88Views: 21,888,973\n\xe2\x8f\xb3Next Goal: 30M\n\xf0\x9f\x91\x8dLikes:\xe2\x80\xa6 https://t.co/a6FPCjjLhC"""
2018-03-05 20:14:45,b'@btschartdata @BTS_twt Fave outsold my faves \n#HopeWorld \n#iHeartAwards #BestFanArmy #BTSARMY'
2018-03-05 20:13:28,"b'\xe3\x80\x8e\xef\xb8\x8f  When you start dancing,\n       my heart beats faster~\n      When you start singing,\n          my world stops fo\xe2\x80\xa6 https://t.co/wRUm3x3CSS'"
2018-03-05 20:13:02,"b""#HopeWorld #DaydreamMV ends with J-Hope waking up is because he's envisioning the life that he can't have. He CAN'T\xe2\x80\xa6 https://t.co/4UE4FGRtR1"""
2018-03-05 20:12:24,b'Ok but... #HopeWorld is so freakin LIT !!!!'
2018-03-05 20:12:18,b'@chartdata Our king we knew \xf0\x9f\x98\x8e\n@BTS_twt #BestFanArmy #BTSARMY #iHeartAwards #HOPEWORLD'
2018-03-05 20:11:33,b'I drew this when i was waiting for hixtape lol #HopeWorld #HIXTAPE #jhope #btsart https://t.co/lSQizHGx5m'
2018-03-05 20:11:27,"b""[D5-180306] 05:00 AM KST\nJ-Hope 'Daydream' MV\n{https://t.co/dJbRWnFMXk}\n\n\xf0\x9f\x93\x88Views: 22,283,074\n\xe2\x8f\xb3Next Goal: 30M\n\xf0\x9f\x91\x8dLikes:\xe2\x80\xa6 https://t.co/TUWVzaG0Al"""
2018-03-05 20:11:18,"b""@chartdata It's what he deserves #JHope #HopeWorld \n@BTS_twt #BTSARMY #BestFanArmy #iHeartAwards https://t.co/ZQBZNqmkgP"""
2018-03-05 20:10:51,b'When the bass drops in BASE LINE...\n\n#BTSARMY #BestFanArmy @BTS_twt #iHeartAwards #HopeWorld https://t.co/icGC7tlDiI'
2018-03-05 20:10:22,b'**POPULAR*!* Have you heard #MicDropRemix feat. Desiigner [Steve Aoki Remix] by ME on @SoundCloud | @iHeartRadio\xe2\x80\xa6 https://t.co/QdrYvmgdGD'
2018-03-05 20:08:34,b'@iHeartRadio Hope world #iHeartAwards #BTSARMY #BestFanArmy #HopeWorld'
2018-03-05 20:07:29,"b'@chartdata Stan #JHope, stan talent #HopeWorld \n@BTS_twt #BTSARMY #BestFanArmy #iHeartAwards https://t.co/HVIs8ku5jt'"
2018-03-05 20:07:14,b'I might uhhh be slightly obsessed with Blue Side \n\n#HopeWorld #jhope #bts #jhopefanart #hoseok https://t.co/ieR1fd3BSQ'
2018-03-05 20:04:48,"b'Every time I listen to blue side, I hear Busan. My ghad. Am I the only one?! #HopeWorld #iHeartAwards #ARMYSelcaDay\xe2\x80\xa6 https://t.co/u4SCCbcCDz'"
2018-03-05 20:04:29,b'Ok but the fact that @BTS_twt did the \xe2\x80\x9cairplane\xe2\x80\x9c shout together is still making my heart hurt so much it\xe2\x80\x98s no fun a\xe2\x80\xa6 https://t.co/H29qAmjEce'
2018-03-05 20:02:27,"b'Get to know @BTS_twt\'s J-Hope in his first solo mixtape release \'#HopeWorld\' and its single ""Daydream"":\xe2\x80\xa6 https://t.co/u34GG8lHvB'"
2018-03-05 20:00:02,b'Spent 30 mins on the phone talking to @jhoseokoutsold about #HopeWorld\n\nI said what do you want from a video about\xe2\x80\xa6 https://t.co/kHpZYJutFH'
2018-03-05 19:57:24,b'reminds me of myself on LSD \n#HopeWorld #BTSARMY\xef\xb8\x8f #BestFanArmy\xef\xb8\x8f https://t.co/nRC0mM20FQ'
2018-03-05 19:56:50,b'Wings sold 11K pure albums in the U.S in 1 week. Hoseok and #HopeWorld sold 8K pure albums in 14 hours. This fandom\xe2\x80\xa6 https://t.co/bTIsJnZGiF'
2018-03-05 19:54:59,b'#HopeWorld #Daydream #iHeartAwards #BestFanArmy #BTSARMY @BTS_twt #THOSFansBTS5M Please check it out!!! https://t.co/La5FcWaILG'
2018-03-05 19:54:13,"b""J Hope mixtape is amazing and his video Daydream is spectacular, I love it.. I'm so proud of him. #BTSARMY #Jhope\xe2\x80\xa6 https://t.co/K2s0GboAUz"""
2018-03-05 19:53:07,b'All of hixtape was playing at school today!!! \xf0\x9f\x98\xad\xf0\x9f\x98\xad\xf0\x9f\x98\xad\xf0\x9f\x92\x93 I was internally screaming!!! #Jhope #Hixtape #HopeWorld #BTS\xe2\x80\xa6 https://t.co/axHheEFZaE'
2018-03-05 19:49:00,b'wake up \xf0\x9f\x90\x8b\n\n#iHeartAwards #BestFanArmy #BTSARMY @BTS_twt \n\n#HopeWorld #DayDream fanart https://t.co/owXogWacwU'
2018-03-05 19:46:29,b'I need a live version of this. @BTS_twt #HopeWorld #BTS #HOPEWORLDMixtapeOUTNOW https://t.co/k6dwJTBxmj'
2018-03-05 19:46:22,b'@MeddysonYT any chance of you reacting to the rest of #HopeWorld??'
2018-03-05 19:46:19,b'Hoseok going to bed after knowing #HopeWorld is a worldwide success uwu\xf0\x9f\x92\x95\ncr. guwoljk\n\n#iHeartAwards #BestFanArmy\xe2\x80\xa6 https://t.co/9PqG3466AW'
2018-03-05 19:42:49,b'Happy 13M \xf0\x9f\x91\x8f\xe2\x9c\xa8@BTS_twt \n#BTS13M \xf0\x9f\x8c\xb8\n#HopeWorld \xe2\x9d\xa4\n#iHeartAwards #BTS #BestFanArmy #BTSARMY https://t.co/i87qW4LCPn'
2018-03-05 19:41:52,"b""Words can't express how much I love #HopeWorld. I haven't listened to anything else since its release. https://t.co/ciBDy7rBfJ"""
2018-03-05 19:32:37,"b""[D5-180306] 04:00 AM KST\nJ-Hope 'Daydream' MV\n{https://t.co/dJbRWnFMXk}\n\n\xf0\x9f\x93\x88Views: 22,175,241\n\xe2\x8f\xb3Next Goal: 30M\n\xf0\x9f\x91\x8dLikes:\xe2\x80\xa6 https://t.co/k68FfWgfXP"""
2018-03-05 19:28:24,b'@BTS_twt I love Hixtape #HopeWorld #DayDream \nLike the hole Alice fell into\nLike roads that leads to Hogwarts \xf0\x9f\x98\x8d\xf0\x9f\x98\x8d\xf0\x9f\x98\x8d\xf0\x9f\x98\x8d\xf0\x9f\x98\x8d\nMy Daydream Daydream'
2018-03-05 19:27:39,"b""I'm watching reaction videos to #HOPEWORLD from people who don't react to kpop. Its amazing to see how it is so lit\xe2\x80\xa6 https://t.co/xvtEgqzSGB"""
2018-03-05 19:25:42,b'@its_hoope @ErEl02181994 @BTS_twt Agree with you! Sexiest sound \xf0\x9f\x92\xa3\xf0\x9f\x92\xa5 I thought that nobody noticed it \n\nBASE LINE\xe2\x80\xa6 https://t.co/TfwJC0nHkD'
2018-03-05 19:25:27,b'Day 5 of #HopeWorld and it is STILL THAT MF MIXTAPE! God said this is NOT up for debate. https://t.co/wRRRi7nBD6'
2018-03-05 19:23:13,b'More hearts from Jaseok \xf0\x9f\x92\x9e\n#ARMYSelcaDay \n#BTS #BTSARMY #HopeWorld #hoseok https://t.co/ESkofn9WxJ'
2018-03-05 19:22:43,b'@samuelj41944686 @gjruddms262 @BTS_ARMY_I @Bts_firstt @BTS_twt @BTS Hoseok is real Legend \xf0\x9f\x92\xa3\xf0\x9f\x94\xa5 congratulations babe\xe2\x80\xa6 https://t.co/DlhNPflTQ0'
2018-03-05 19:20:14,b'\xf0\x9f\x8c\xbbY\nE \n\xf0\x9f\x8c\xbbL\nL\n\xf0\x9f\x8c\xbbO\nW \n\nLooks amazing in him\xf0\x9f\x92\x9b\n \n#ARMYSelcaDay #HopeWorld https://t.co/s5nSXI1hVM'
2018-03-05 19:12:44,b'#HopeWorld is so beautiful and badass I\xe2\x80\x99m so proud of our #hoseok\xf0\x9f\x92\x8d\xf0\x9f\x92\x9ebless him https://t.co/joeX5sclYe'
2018-03-05 19:10:58,b'Blue side on loop #HopeWorld'
2018-03-05 19:10:26,"b'\xe2\x80\x94 i live for this, look at that colors, jhope in blue is my religion\n\n#iHeartAwards #BestFanArmy #BTSARMY #HopeWorld https://t.co/7bwluyT2kZ'"
2018-03-05 19:09:33,b'@Spotify @bts_bighit @BTS_twt Like it very much actually \xf0\x9f\x91\x8c #HopeWorld'
2018-03-05 19:08:39,b'How non-kpop-fans think J-Hope is like aften hearing baseline/HANSANG vs how he really is:\n\n#iHeartAwards\xe2\x80\xa6 https://t.co/vLjcqEvAzy'
2018-03-05 19:07:17,b'#iHeartAwards #BestFanArmy #BTSARMY #HopeWorld #HIXTAPEisComing #jhopeMixtape #HOPEWORLDMixtapeOUTNOW\xe2\x80\xa6 https://t.co/b68Y7s2XTD'
2018-03-05 19:06:58,b'J-hope-Blue side {some thoughts} #Hixtape #Blueside #HopeWorld\nhttps://t.co/P0nmUD539i https://t.co/GVBt2tZiWR'
2018-03-05 19:06:21,b'That moment in which you have a @BTS_twt and #HopeWorld share session after your #sxswedu panel We\xe2\x80\x99re having a meet\xe2\x80\xa6 https://t.co/RADLTE43f5'
2018-03-05 18:57:54,b'[#ARMYSelcaday]\n\nMY ULT AND I ROCING OUR PINK TINY SUNGLASSES\xf0\x9f\x98\x8e\n\n#DAYDREAM #YOUNGWILDFREE #JHOPE #HOPEWORLD #HIXTAPE https://t.co/051JLePwyv'
2018-03-05 18:54:04,b'My Angel~ My Hope~ #ARMYSelcaDay #Hoseok #Hobi #J-Hope #HopeWorld https://t.co/QSUJnSel1V'
2018-03-05 18:51:45,b'Love this selca brought a smile to my face! \xf0\x9f\x92\x9c #BTSARMY the #BestFanArmy of @BTS_twt \n\xf0\x9f\x94\xa5\xf0\x9f\x94\xa5\xf0\x9f\x94\xa5BASELINE\xf0\x9f\x94\xa5\xf0\x9f\x94\xa5\xf0\x9f\x94\xa5\n#HopeWorld\xe2\x80\xa6 https://t.co/CismI9RutK'
2018-03-05 18:51:37,b'Hope World still on repeat like #PieceOfPeace #BaseLine #Daydream #BlueSide #HopeWorld #Hangsang #Airplane https://t.co/i53thtk7Bs'
2018-03-05 18:51:35,b'#HopeWorld \n\xf0\x9f\x92\x95 You are.......\xf0\x9f\x8c\x88\n                    \n                       \xf0\x9f\x8c\xb8my everthing\xf0\x9f\x8d\x83\xf0\x9f\x8d\x83\xf0\x9f\x8d\x83\n\n     ~JanGi\xf0\x9f\x8c\x99SuNeth~\xe2\x80\xa6 https://t.co/dxmcyrKtWW'
2018-03-05 18:51:34,b'Your mind controls the but the spirit can move it elevate change its perception.....#StartYourImpossible #SupportBlackBusiness #HopeWorld'
2018-03-05 18:47:58,b'Hope World still on repeat like #PieceOfPeace #BaseLine #Daydream #BlueSide #HopeWorld #Hangsang #Airplane https://t.co/CJbxyMoHv2'
2018-03-05 18:47:00,b'#HopeWorld at 3am??Bring it on!!! \xf0\x9f\x92\x83\xf0\x9f\x92\x83\xf0\x9f\x92\x83\n\n#iHeartAwards #BestFanArmy #BTSARMY @BTS_twt'
2018-03-05 18:45:30,b'Today\xe2\x80\x99s song obsessions are #Pieceofpeace and #\xed\x95\xad\xec\x83\x81 By #jhope \n@BTS_twt    #OnRepeat #lit #fire #hixtape #HopeWorld #\xe2\x9d\xa4\xef\xb8\x8f'
2018-03-05 18:37:38,b'If I..\nCould be a piece of peace..\n\n#HopeWorld'
2018-03-05 18:34:58,b'@ktrsngofficial it looks like your style of art \xf0\x9f\x98\x8a\xf0\x9f\x92\x95\xf0\x9f\x92\x9a\xe2\x9c\x88\xef\xb8\x8f\nColorful pop art is Shingo-style! \n#HopeWorld \xf0\x9f\x8c\x8e\xe2\x80\xa6 https://t.co/pBgW8AD0XL'
2018-03-05 18:32:57,b'Give me the look that says : just say till we are alone. #armyselcaday #jhope #hopeworld #iHeartAwards #BestFanArmy\xe2\x80\xa6 https://t.co/0AnRxK9qQM'
2018-03-05 18:32:50,"b""[D5-180306] 02:03 AM KST\nJ-Hope 'Daydream' MV\n{https://t.co/DfsWvBcSly}\n\n\xf0\x9f\x93\x88Views: 21,888,973\n\xe2\x8f\xb3Next Goal: 30M\n\xf0\x9f\x91\x8dLikes:\xe2\x80\xa6 https://t.co/7w12CU2sJO"""
2018-03-05 18:31:26,b'Babe \xf0\x9f\x98\x8d #JHope\n\nBASE LINE \n\n@BTS_twt\n#DayDream\n#HopeWorld https://t.co/pwzv7tBjGm'
2018-03-05 18:30:30,"b'hangsang w my boy, right\n\n#iHeartAwards\xef\xb8\x8f #BestFanArmy #BTSARMY @BTS_twt || #HopeWorld https://t.co/7TUVfDiz5y'"
2018-03-05 18:30:13,b'King of my heart \xf0\x9f\x96\xa4\xf0\x9f\x94\xa5  #JHope\n\nBASE LINE \n\n@BTS_twt\n#DayDream\n#HopeWorld https://t.co/A1DBKLipXF'
2018-03-05 18:29:44,b'i got this card because it looked like hope world #HopeWorld https://t.co/76JAMX5QyF'
2018-03-05 18:29:08,b'\xf0\x9f\x92\x9e\xe3\x85\x87You Are My Piece Of Peace\xe3\x85\x87\xf0\x9f\x92\x9e\nP.O.P #HopeWorld\n\n\xe2\x80\xa2 #ARMYSelcaDay \xe2\x80\xa2 https://t.co/P7OANVQALb'
2018-03-05 18:29:01,b'My sweetheart \xf0\x9f\xa4\xa9  #JHope\n\nBASE LINE \n\n@BTS_twt\n#DayDream\n#HopeWorld https://t.co/JvEEIALeFm'
2018-03-05 18:25:21,b'My love \xe2\x9d\xa4\xef\xb8\x8f #JHope\n\nBASE LINE \n\n@BTS_twt\n#DayDream\n#HopeWorld https://t.co/b5vjjSD0xo'
2018-03-05 18:21:00,b'I just wanted to post this on Twitter as well in case @BTS_twt creeps on me randomly and Jhope acknowledges my en V\xe2\x80\xa6 https://t.co/xmiKlYzXC8'
2018-03-05 18:17:53,b'@XTRARADIO Totally agree. We waited 2 years but J-HOPE delivered a mixtape he can be proud of. Each tracks are a pi\xe2\x80\xa6 https://t.co/jPz6WHcqPn'
2018-03-05 18:14:44,b'\xf0\x9f\x90\xb6\xf0\x9f\x90\xb6\xf0\x9f\x90\xb6\nCutest thing ever! #Jhope #jhopeMixtape #HopeWorld https://t.co/caVe48He9C'
2018-03-05 18:13:57,b'\xe2\x80\x9cMy standard of happiness is you\xe2\x80\x9d - piece of peace \xe2\x9c\xa8\xf0\x9f\x92\x99\n\n#ARMYSelcaDay #jhope #HopeWorld https://t.co/XbJYkp3ZtQ'
2018-03-05 18:13:49,"b""@BBCR1 Please play 'Daydream' from j-hope's new mixtape #HopeWorld \xf0\x9f\x92\x9c Thank you \xf0\x9f\x92\x95\n\n #BestFanArmy #BTSARMY #iHeartAwards @BTS_twt"""
2018-03-05 18:13:15,b'@BBCR1 Daydream from j-hope @BTS_twt from his new mixtape #HopeWorld \n\n#iHeartAwards #BTSARMY #BestFanArmy #TenMinuteTakeover'
2018-03-05 18:12:34,"b'The Official Chart Update has been released and #HopeWorld is not on it.\n\nIf you want to get it charting, please ke\xe2\x80\xa6 https://t.co/jtYUx1rAcm'"
2018-03-05 18:10:04,"b'@BBCR1 @BBCR1 Please play @BTS_twt\xe2\x80\x99 j-hope\xe2\x80\x99s new track \xe2\x80\x98daydream\xe2\x80\x99 from his mixtape, #HopeWorld!\n#iHeartAwards\xe2\x80\xa6 https://t.co/k6FUIoKIkd'"
2018-03-05 18:08:16,"b'@BBCR1 @BBCR1 Please play @BTS_twt\xe2\x80\x99 j-hope\xe2\x80\x99s new track \xe2\x80\x98daydream\xe2\x80\x99 from his mixtape, #HopeWorld! \xe2\x9d\xa4\xef\xb8\x8f\n\n#iHeartAwards\xe2\x80\xa6 https://t.co/zMzikrQZbW'"
2018-03-05 18:07:52,"b'The Hixtape is good but....... Airplane is the best song . The beat, his flow and the overall tone of the song ! #Hixtape #Hopeworld'"
2018-03-05 18:07:32,b'Wishing on a sky Wishing on a scar \xf0\x9f\x8c\x9f #hixtape #HopeWorld #DaydreamMVoutNow https://t.co/8AQ0DoqCiI'
2018-03-05 18:06:54,"b'Cheer for my sister please, ARMY... There where she lives now is -20 C. \xf0\x9f\x98\xa8\n\n#ARMYSeIcaDay\n\n#HOPEWORLD\n #iHeartAwards\xe2\x80\xa6 https://t.co/L0lLVc8wJk'"
2018-03-05 18:04:40,b'Red Hair Hoseok is such a blessing!! #ARMYSeIcaDay #HopeWorld \xf0\x9f\x92\x95\xe2\x99\xa5\xef\xb8\x8f https://t.co/j2vAAqSsY3'
2018-03-05 18:03:32,"b""[D5-180306] 03:00 AM KST\nJ-Hope 'Daydream' MV\n{https://t.co/dJbRWnFMXk}\n\n\xf0\x9f\x93\x88Views: 22,040,023\n\xe2\x8f\xb3Next Goal: 30M\n\xf0\x9f\x91\x8dLikes:\xe2\x80\xa6 https://t.co/7RGf0x6TQ2"""
2018-03-05 17:56:29,"b""If I could be another person's strength, another person's light... \n\n#HopeWorld #PieceOfPeace \n#iHeartAwards\xe2\x80\xa6 https://t.co/gMaKKY8WcE"""
2018-03-05 17:55:57,b'@921thebeat Please play #Daydream by #JHOPE!\nMV: https://t.co/JC8LwBYPMo\n\n#HopeWorld #DaydreamMVoutNow\xe2\x80\xa6 https://t.co/gp5vY1VfT3'
2018-03-05 17:55:02,b'i want to live in hope world\nwhere can i buy a ticket\n#HopeWorld'
2018-03-05 17:45:28,b'hyping #HopeWorld ~ you are doing amazing sweetie https://t.co/raXo7GFIvW'
2018-03-05 17:45:18,"b'Good night oppa. Sleep well and get some rest, you listen good, beautiful Oppa is me. I love you guys... #BTSARMY\xe2\x80\xa6 https://t.co/uKzHRWZPd6'"
2018-03-05 17:44:40,"b'""Outfit for the day, bub.""\n""Lookin\' bomb as always. Go slay them all. See you at home tonight, I\'ll bring the popco\xe2\x80\xa6 https://t.co/LQyw2twjQ7'"
2018-03-05 17:43:17,"b'A looping animation I did a while back an never uploaded, so here tis! \nAlthough me listening to #HopeWorld  much?\xe2\x80\xa6 https://t.co/lfceMU9lWc'"
2018-03-05 17:41:51,"b'Night thinking, day dreaming~~~\xf0\x9f\x8c\xa0\n\n#ArmySelcaDay #iHeartAwards #BestFanArmy #BTSARMY #HopeWorld #DayDream https://t.co/2xao3ZzLqW'"
2018-03-05 17:40:11,"b""[D5-180306] 02:03 AM KST\nJ-Hope 'Daydream' MV\n{https://t.co/og5QB2YqbA}\n\n\xf0\x9f\x93\x88Views: 21,888,973\n\xe2\x8f\xb3Next Goal: 30M\n\xf0\x9f\x91\x8dLikes:\xe2\x80\xa6 https://t.co/DtvbMdfrTw"""
2018-03-05 17:39:21,b'\xf0\x9f\x90\xa1\xf0\x9f\xa6\x91I remember being captivated by Jules Verne\xe2\x80\x99s 20000 Leagues Under the Sea when I read it as a kid...I invite you t\xe2\x80\xa6 https://t.co/ddDLmlg5zt'
2018-03-05 17:39:00,"b""Each flower represents a different emotion, for me, I'd give you all colors of the Lilac flower \xf0\x9f\x8c\xbb\n#ARMYSelcaDay\xe2\x80\xa6 https://t.co/lggSg50oCQ"""
2018-03-05 17:37:37,"b""I 'hope' selfie with you someday become reality.. \xf0\x9f\x99\x8fShout out to my Hope World..\xf0\x9f\x99\x86\xf0\x9f\x99\x8c\n#ARMYSelcaDay #HopeWorld\xe2\x80\xa6 https://t.co/NaNwmC8DBY"""
2018-03-05 17:37:03,b'Say hello to my Hope World\n#ArmySelcaDay #HopeWorld https://t.co/f1MxA1jfjB'
2018-03-05 17:37:00,b'I would love to live in Hope World!!!\n#DayDream #jhopeMixtape #HopeWorld'
2018-03-05 17:36:06,b'@BTS_twt  Love this boyyy #HopeWorld Hop #iHeartAwards #BTSLoveMyself'
2018-03-05 17:35:58,b'j-hope even breaking records while ppl sleeping wow kings\n\nwhile me at 1:34 AM:\n\n#BTSARMY #BestFanArmy\xe2\x80\xa6 https://t.co/1eXd264yW8'
2018-03-05 17:33:24,b'[TIME] j-hope of K-Pop Sensation BTS Has His Own Story to Tell\n\nhd: https://t.co/eYoAJD0jD9 #HopeWorld https://t.co/DzUvlEBCvf'
2018-03-05 17:30:19,b'- say hello to my HOPE WORLD -\n\xf0\x9f\x92\x9a #JHOPE #JUNGHOSEOK #HOPEWORLD #HIXTAPE \xf0\x9f\x92\x99 https://t.co/VBT7jAET8v'
2018-03-05 17:28:39,b'This is the most lit mixtape I\xe2\x80\x99ve ever had on repeat. \xf0\x9f\x98\xad\xf0\x9f\x94\xa5\xf0\x9f\x94\xa5\n#HopeWorld\xe2\x80\xa6 https://t.co/3GgSF1baxk'
2018-03-05 17:25:15,b'#NP #HopeWorld de j-hope\nhttps://t.co/Zr3xZsXJNN\n@BTS_twt #iHeartAwards #BTSARMY #BestFanArmy \n\nBASE LINE \xf0\x9f\x92\x9a'
2018-03-05 17:25:13,b'@snowberrytae @BTS_twt The  Man more wordwide hansome! Love you Very Much ! Love my babyboy!\n\n#JUNGKOOK \n\n#BTSARMY\xe2\x80\xa6 https://t.co/uM5BzwO9sW'
2018-03-05 17:25:01,"b'[VIEWS UPDATE] J-hope \xe2\x80\x98Daydream\xe2\x80\x99 MV has now reached over 21,448,035M+ views\n#DaydreamMV #HopeWorld\n\nNext goal: 22M\xf0\x9f\x94\xa5\xe2\x80\xa6 https://t.co/ttMdOVfKbm'"
2018-03-05 17:21:39,"b""Made a mock art of Hope World, yes it's crappy but...eh\xe2\x9d\xa4\xf0\x9f\x92\x9b\xf0\x9f\x92\x9a\xf0\x9f\x92\x99\xf0\x9f\x92\x9c #HopeWorld #btsfanart #iHeartAwards #BTSARMY\xe2\x80\xa6 https://t.co/LgkyUy09co"""
2018-03-05 17:16:58,b'#HOPEWorld 6. Airplane by BTS #np on #SoundCloud\nhttps://t.co/MZL3a5MGyq'
2018-03-05 17:16:34,"b""[D5-180306] 02:03 AM KST\nJ-Hope 'Daydream' MV\n{https://t.co/NenOhh9zZY}\n\n\xf0\x9f\x93\x88Views: 21,888,973\n\xe2\x8f\xb3Next Goal: 30M\n\xf0\x9f\x91\x8dLikes:\xe2\x80\xa6 https://t.co/JWBsttQYvd"""
2018-03-05 17:14:41,b'#HOPEWorld 7. Blue Side (Outro) by BTS #np on #SoundCloud\nhttps://t.co/u5QxMs4ZWf'
2018-03-05 17:10:51,b'@BTS_twt Seriously...can somebody tell what app he and the members use or what they use for taking those pictures.\xe2\x80\xa6 https://t.co/x3gKAiVcZs'
2018-03-05 17:08:10,b'Base Line #HopeWorld https://t.co/e6ejC2ZscP'
2018-03-05 17:07:33,b'@flirtsjeon @BTS_twt \xf0\x9f\x92\x80\xf0\x9f\x92\x80\xf0\x9f\x92\x80 i feel Attacked!!! \xf0\x9f\x98\xb2\xf0\x9f\x98\xb2\xf0\x9f\x98\xb2\n\n\xf0\x9f\x92\x9a BASE LINE \xf0\x9f\x92\x9a\n\n#HopeWorld \n#DayDream \n#BTSARMY \n#BestFanArmy\n#iHeartAwards \n@BTS_twt'
2018-03-05 17:06:47,"b""[D5-180306] 02:03 AM KST\nJ-Hope 'Daydream' MV\n{https://t.co/dJbRWnFMXk}\n\n\xf0\x9f\x93\x88Views: 21,888,973\n\xe2\x8f\xb3Next Goal: 30M\n\xf0\x9f\x91\x8dLikes:\xe2\x80\xa6 https://t.co/wClN3SAtcc"""
2018-03-05 17:01:38,"b'#hopeworld \nHope World expresa tanto, es tan #JHope \xf0\x9f\x98\x82 #Hope \n\n#KCA #EstrellaGlobalBTS #BTS @BTS_twt'"
2018-03-05 17:00:21,b'J-Hope\xe2\x80\x99s Daydream but he\xe2\x80\x99s a squid kid from #Splatoon2 #HIXTAPE #HopeWorld #Daydream https://t.co/90UjAnXYQV'
2018-03-05 16:59:18,"b'""Whishing a Sky\nWhishing a Scar""\n\n#HopeWorld #\xed\x99\x89\xec\x9d\xb4\n\nEsta frase me encanta!!\n\n#KCA #kpop #EstrellaGlobalBTS #BTS @BTS_twt'"
2018-03-05 16:58:10,b'Your my Hope World \xe2\x98\x80\xef\xb8\x8f \nThat has me day dreaming \xf0\x9f\x92\xad \n#ARMYSelcaDay #HopeWorld #JungHoseok #GoldenHyung #BTSARMY\xe2\x80\xa6 https://t.co/iNcWKCtsx2'
2018-03-05 16:57:41,b'\xe2\x80\x9cseriously... give me back my straw\xe2\x80\x9d \n\xe2\x80\x9cnot until you close these notes...\xe2\x80\x9d \n\n&gt;AU where hoseok \xe2\x80\x9cstole\xe2\x80\x9d his girlfrien\xe2\x80\xa6 https://t.co/oWEmSRYSc6'
2018-03-05 16:57:20,b'@vegetable_852 Sucess for Got7 . Jackson is very Beautiful! Kisses \n\n#EyesOnGOT7 \n\n#BTSARMY #BestFanArmy\xe2\x80\xa6 https://t.co/EOw9GJjkzH'
2018-03-05 16:53:01,b'BASE LINE\n\n#iHeartAwards #BestFanArmy #BTSArmy @BTS_twt \n-----------------------------------------------------\xe2\x80\xa6 https://t.co/H7nXGcB1Bn'
2018-03-05 16:50:33,b'I love this. I love Hobi. You always feel warm in the presence of the sun. #JHOPE #HopeWorld #HOBI #ILOVEHIMSOMUCH\n\nhttps://t.co/52u7fXdIOE'
2018-03-05 16:47:17,"b""&lt;Inside my blue dream\nI want to hold you\nEven if you say we can't\nInside my embrace&gt;\n\n#ArmySelcaDay #hoseok\xe2\x80\xa6 https://t.co/qugBDvyZZC"""
2018-03-05 16:45:19,"b""Me rn because I'm a late ass bitch and Hope World was filled with bops and I love him so much. \n#BTSARMY #HopeWorld\xe2\x80\xa6 https://t.co/RjyoGJTF1K"""
2018-03-05 16:42:50,"b""I didn't paint for ages but there it is #Hixtape #HopeWorld https://t.co/suYWK5zxpB"""
2018-03-05 16:37:17,b'@BTS_KR_VOTE @BTS_twt BASE LINE\n\n#iHeartAwards #BestFanArmy #BTSArmy @BTS_twt \n------------------------------------\xe2\x80\xa6 https://t.co/vqilbeqm3S'
2018-03-05 16:35:22,b'Guys! Im listening to Day Dream and Im jaming so much at work today! \xf0\x9f\x91\x8f\xf0\x9f\x8f\xbb\xf0\x9f\x94\xa5 \n\n#HopeWorld #DayDream https://t.co/rCGmzVEf5C'
2018-03-05 16:35:11,b'@for_ARMYs @BTS_twt Is it today?\n\n#iHeartAwards #BestFanArmy #BTSArmy @BTS_twt \n-----------------------------------\xe2\x80\xa6 https://t.co/i54NFu33Jx'
2018-03-05 16:34:43,b'Give your goal some hope\nIt needs your attention\nNot your doubt \n\n#StayStrong #HopeWorld #focus #MakeItHappen\xe2\x80\xa6 https://t.co/Rlns8Yq4Es'
2018-03-05 16:33:41,b'Coffee is out passion and our off guard game strongggg :) \n.\n#ArmySelcaDay \n#HopeWorld https://t.co/ZVcOZpGs69'
2018-03-05 16:33:22,b'Bruh!!! Base Line Is so dope \xf0\x9f\xa4\xa9\xe2\x9d\xa4\xef\xb8\x8f\xe2\x9d\xa4\xef\xb8\x8f\xe2\x9d\xa4\xef\xb8\x8f \n#HopeWorld \n\n#iHeartAwards #BestFanArmy #BTSARMY @BTS_twt'
2018-03-05 16:32:40,"b""Me: Plays Day Dream for the millionth time\nMom: It's just a phase\nMe:\n\n#HopeWorld #DayDream \n#iHeartAwards\xe2\x80\xa6 https://t.co/tHsuJ2OJzg"""
2018-03-05 16:32:01,b'Listening to Airplane in the middle of the night make me emo af suddenly miss something and want to cry \xf0\x9f\x98\xad\xe2\x80\xa6 https://t.co/IVtNGJe2TY'
2018-03-05 16:27:30,"b""You're my HOPE and I'm in your #HOPEWORLD not ready to wake up from this #DayDream\n. \n#ARMYSelcaDay \xf0\x9f\x93\xb8 \n.\n.\xe2\x80\xa6 https://t.co/4Qj0RwGxdl"""
2018-03-05 16:27:20,b'Thank you for being a source of happiness for me\nThank you for being my hope\nThank you for being my angel\xe2\x80\xa6 https://t.co/7U1TbsndRe'
2018-03-05 16:27:07,b'A PROUD ARMY\n#BTSARMY #BestFanArmy #iHeartAwards \xf0\x9f\x92\x9b\xe2\x98\x89\xf0\x9f\x92\x9b\xe2\x98\x89\nBASE LINE #HopeWorld'
2018-03-05 16:26:28,b'im using this one again since im not feeling really pretty today \xf0\x9f\x8e\x90\n\n#ARMYSeIcaDay \xf0\x9f\x8c\xbf\n#HopeWorld \xf0\x9f\x92\x9a https://t.co/zz1NWy9OGp'
2018-03-05 16:26:17,"b""#HopeWorld Mixtape,,, It's Awesome i love it \xe2\x9d\xa4\xe2\x9d\xa4\xe2\x9d\xa4 @BTS_twt"""
2018-03-05 16:24:24,b'@pjmbieber @BTS_twt Base Line \n#iHeartAwards #BestFanArmy \n#BTSARMY @BTS_twt \n#THOSFansBTS1M #HopeWorld'
2018-03-05 16:24:20,b'\xe2\x80\x9cYoung Wild and Free\xe2\x80\x9d\n\xe2\x80\x94JHope aka Jung Hoseok\n\n#JHOPE #Hixtape #HopeWorld #DayDream #ARMYSelcaDay https://t.co/ME9cbr168e'
2018-03-05 16:23:42,b'ignore my character errday #HopeWorld #JHOPE #iHeartAwards #BestFanArmy #BTSARMY @BTS_twt https://t.co/wy5nWgkPai'
2018-03-05 16:22:34,b'Guys look wtf haha \xf0\x9f\x98\x82\xf0\x9f\x98\x82 @BTS_twt \n#BTSARMY #iHeartAwards\xef\xb8\x8f #BestFanArmy #HopeWorld https://t.co/lp2bAc2TeU'
2018-03-05 16:21:19,"b""@jebhq @YouTube - https://t.co/0IKLQ4JCem: It's #HopeWorld; we're just living in the ass? \xe2\x80\x94 lowkey\xe2\x80\xa6"""
2018-03-05 16:19:20,"b'our ball of sunshine, Jung Hoseok came in at top 3 for the category Top Albums in iTunes \xf0\x9f\x92\x96\xf0\x9f\x98\xad my heart is so full!\n\nI\xe2\x80\xa6 https://t.co/J8ZLWMlfdC'"
2018-03-05 16:17:51,"b""\xe2\x9c\xb4 If there\xe2\x80\x99s the sun\nI\xe2\x80\x99d want to dream , \nYou're my Daydream \xe2\x9c\xb4\n\n#ARMYSelcaDay \n#HopeWorld #DayDream https://t.co/OCp3yWM6gh"""
2018-03-05 16:17:23,b'ON REPEAT \xf0\x9f\x98\x9a\xf0\x9f\x98\xa2\xf0\x9f\x98\xad\xf0\x9f\x92\x96 #BTSARMY #HopeWorld https://t.co/aMUgDvOqVT'
2018-03-05 16:16:32,"b'I\xe2\x80\x99m so proud of Hoseok, he\xe2\x80\x99s on the MAIN PAGE of @iTunes \xf0\x9f\x98\xad\xf0\x9f\x99\x8c\xf0\x9f\x8f\xbb\xf0\x9f\x99\x8f\xf0\x9f\x8f\xbb\n\n#HopeWorld #JHope #JungHoseok #Hobi #DayDream\xe2\x80\xa6 https://t.co/JkIpSLTDZ0'"
2018-03-05 16:16:12,"b'jimin @ hoseoks studio:\n\n""hobi hyung? were you saying ""blue side"" or ""busan"" ?""\n\n#iHeartAwards #BTSARMY\xe2\x80\xa6 https://t.co/s154C3vlaJ'"
2018-03-05 16:15:45,b'@KevanKenney @billboard Piece of Peace by #JHope #HopeWorld #BTS @BTS_twt'
2018-03-05 16:15:41,b'#ArmySelcaDay #BTSARMY #BestFanArmy #iHeartAwards #HopeWorld #jhopeMixtape #RM #cosplay SP-ARMY \xf0\x9f\x87\xaa\xf0\x9f\x87\xb8 https://t.co/2nY4UBzTCI'
2018-03-05 16:14:08,b'Startin my day with a smile...\xf0\x9f\x98\x81\n#Jhope #hopeworld #JHoPEDAY\n#smile #BTS #RM #SUGA #JHOPE #JIMIN #V #JIN #JUNGKOOK https://t.co/ZVdaylnvwM'
2018-03-05 16:14:02,b'Mic drop kids... https://t.co/IfLbWySMIr Kids&lt;&lt;.... MIC DROP #BestFanArmy #iHeartAwards.#BTSARMY @BTS_twt #DayDream #Hopeworld'
2018-03-05 16:13:59,"b'Never give up, we are always doing well.  No matter the results are good or bad. Plz just remember, we have tried o\xe2\x80\xa6 https://t.co/TedU9XfivJ'"
2018-03-05 16:10:24,"b""So,, who else have the habit of playing songs while on \xf0\x9f\x9a\xbf\xf0\x9f\x9b\x81 \n\nI've been on BTS songs for 2months now until #HopeWorld\xe2\x80\xa6 https://t.co/m7476LmpHh"""
2018-03-05 16:05:19,"b""[D5-180306] 01:00 AM KST\nJ-Hope 'Daydream' MV\n{https://t.co/dJbRWnFMXk}\n\n\xf0\x9f\x93\x88Views: 21,827,836\n\xe2\x8f\xb3Next Goal: 30M\n\xf0\x9f\x91\x8dLikes:\xe2\x80\xa6 https://t.co/EhLWK20qus"""
2018-03-05 16:04:06,b'@BTS_x_PUMA SOPE!!! \xf0\x9f\x94\xa5\xf0\x9f\x94\xa5\xf0\x9f\x94\xa5\xf0\x9f\x92\x95\n\n#BTSARMY #BestFanArmy #iHeartAwards @BTS_twt \n\n#HOPEWORLD'
2018-03-05 16:03:41,"b""#HopeWorld was released, I'm back alive just to be dead again by RM's upcoming mixtape. I'm not ready for RM pt. 2\xe2\x80\xa6 https://t.co/bvnR59hKZ9"""
2018-03-05 16:00:40,b'Hoseok is so attractive.. #HopeWorld is all straight fire...\n#iHeartAwards #BestFanArmy #BTSARMY @BTS_twt https://t.co/XU4AAqMuLC'
2018-03-05 16:00:23,b'Baby is now the cover of KPop Daebak \xf0\x9f\x94\xa5\xf0\x9f\x94\xa5\n#JHOPE #DayDream #HopeWorld @BTS_twt \n#iHeartAwards #BestFanArmy #BTSARMY https://t.co/UNroalKxPJ'
2018-03-05 16:00:04,"b'@BTS_twt JK... I AM the Girl Perfect for You ! Is so U wish! Love you, Make love  with me !?\n      JEON JUNG KOOK I\xe2\x80\xa6 https://t.co/9jpt646AQS'"
2018-03-05 16:00:01,b'My fav place to be is in a blank room with you.\n #BestFanArmy #BTSARMY #iHeartAwards #BTS @BTS_twt \n\n#ARMYSelcaDay\xe2\x80\xa6 https://t.co/dQ5A2qak6y'
2018-03-05 15:56:48,"b'\xf0\x9f\x8e\xb6Wishing on a sky, wishing on a scar\nIf there\xe2\x80\x99s the sun, I\xe2\x80\x99d want to dream\xf0\x9f\x8e\xb6\n\n#ARMYSelcaDay #BTS #BTSARMY\xe2\x80\xa6 https://t.co/w19I9UVSjl'"
2018-03-05 15:55:41,b'Like this\xe2\x99\xa1\n\n#HIXTAPEisComing #HOPEWORLDMixtapeOUTNOW #DayDream #HopeWorld  #iHeartAwards #BestFanArmy #BTSARMY\xe2\x80\xa6 https://t.co/Uwx5zxrwAR'
2018-03-05 15:52:55,b'Oh yeah I was in the car and was thinking blue side really gives me feeder vibes idk it just does. Ahhh why is this\xe2\x80\xa6 https://t.co/uX1v7hZErG'
2018-03-05 15:50:38,b'#ARMYSelcaDay #BTSLoveMyself #HIXTAPE #HopeWorld J-Hope can\xe2\x80\x99t do anything but breathe through his mouth'
2018-03-05 15:49:40,b'@cutechimchim_ @BTS_twt That laaaauuughhhhhh \xf0\x9f\x98\xb2\xf0\x9f\x98\xa9\xf0\x9f\x98\xa9\xf0\x9f\x98\xa9\xf0\x9f\x98\xa9\xf0\x9f\x98\xa9\n\n\xf0\x9f\x92\x9a BASE LINE \xf0\x9f\x92\x9a\n\n#HopeWorld \n#DayDream \n#BTSARMY \n#BestFanArmy\xe2\x80\xa6 https://t.co/CPCfzeaSlf'
2018-03-05 15:49:32,"b'To make it to Spotify viral, please share #HopeWorld or #MicDropRemix on your social media, especially here in Twit\xe2\x80\xa6 https://t.co/tqQgRJeyAn'"
2018-03-05 15:49:09,"b'@BTS_twt KOOKIE...I LOVE U MUCH ,MUCH. MY HEART IS YOUR. ALL YOUR! YOUR VOICE IS THE SYMPHONY PERFECT FOR Mine tymp\xe2\x80\xa6 https://t.co/1fZaP2BAh2'"
2018-03-05 15:48:59,b'GN\xf0\x9f\x98\x8d  Baby\xe2\x80\x8b\n#Love\xe2\x80\x8byou\xe2\x80\x8bso\xe2\x80\x8bmuch\xe2\x80\x8b   #jhope\xe2\x80\x8b #HopeWorld #jhopeMixtape\xe2\x80\x8b  #Daydream  @BTS_twt https://t.co/Pyg9Vo6Mig'
2018-03-05 15:48:44,b'K-diamonds for korean army\nI-lovelies for international army\n\n#iHeartAwards #BTSARMY #BestFanArmy #ARMYSeIcaDay #HopeWorld'
2018-03-05 15:47:23,b'I \xf0\x9f\x92\x96 this \xf0\x9f\x90\x8d\xf0\x9f\x8c\x88\xf0\x9f\x8c\x9e\n#ARMYSelcaDay\n@BTS_twt #JHOPE #HopeWorld #jhopeMixtape https://t.co/cqiZfwuyks'
2018-03-05 15:47:06,"b""you spread hope with your music \nand I with my pen\n\nboth of us dance in a different way\nthat's a daydream\n\n\xf0\x9f\x96\x8b\xef\xb8\x8f\xe2\x99\xa5\xef\xb8\x8f\xf0\x9f\x95\xba\n\n\xe2\x80\x94\xe2\x80\xa6 https://t.co/Akl62A2n40"""
2018-03-05 15:45:45,"b""It's been a long day!!! Unwinding and recharging to #HopeWorld \xe2\x9c\xa8\xe2\x9c\xa8\xe2\x9c\xa8\n\n#iHeartAwards #BTSARMY #BestFanArmy @BTS_twt"""
2018-03-05 15:44:49,"b'Towers of gold are still too little, These hands could hold the world but it\xe2\x80\x99ll never be enough. *  .   \xe2\x80\xa2\xe2\x80\xa6 https://t.co/IfLZVR9e6G'"
2018-03-05 15:42:35,b'@cutechimchim_ @BTS_twt \xf0\x9f\x92\x9a BASE LINE \xf0\x9f\x92\x9a\n\n#HopeWorld \n#DayDream \n#BTSARMY \n#BestFanArmy\n#iHeartAwards \n@BTS_twt https://t.co/ODI034Tdu7'
2018-03-05 15:41:21,b'Daydream \n\n#HopeWorld #Daydream #bts #jhope #btsfanart https://t.co/ymtKJemIDD'
2018-03-05 15:39:51,"b""I don't know what yall being listening too but I legit haven't listened to anything other than the #HopeWorld for t\xe2\x80\xa6 https://t.co/eqKG4FPK4U"""
2018-03-05 15:39:47,b'@cutechimchim_ @BTS_twt A very cute and gorgeous Egg!! \xe2\x9d\xa4\xe2\x9d\xa4\xe2\x9d\xa4\n\n\xf0\x9f\x92\x9a BASE LINE \xf0\x9f\x92\x9a\n\n#HopeWorld \n#DayDream \n#BTSARMY\xe2\x80\xa6 https://t.co/DAkQ0nccS7'
2018-03-05 15:37:51,"b""@cutechimchim_ @BTS_twt IS THAT YOU??? YOU'RE FREAKING GORGEOUS!!! \xf0\x9f\x98\xb2\xf0\x9f\x98\xb2\xf0\x9f\x98\xb2\n\n\xf0\x9f\x92\x9a BASE LINE \xf0\x9f\x92\x9a\n\n#HopeWorld \n#DayDream\xe2\x80\xa6 https://t.co/tBELOzUlWI"""
2018-03-05 15:36:55,b'You touch my heart #HopeWorld'
2018-03-05 15:35:54,"b""Oml my alma mater is doing stories on my bias wrecker's mixtape ok calm down breathe \xf0\x9f\x98\xa4\xf0\x9f\x98\xa5 ok now talk about\xe2\x80\xa6 https://t.co/QgNoOlEDyK"""
2018-03-05 15:35:08,b'soooo i\xe2\x80\x99m still talking about Hope World while ppl think they can move on... um no #HopeWorld https://t.co/6T3gDKnDrN'
2018-03-05 15:32:36,b'SAY HELLO TO MY HOPE WORLD\xf0\x9f\x8c\x8f#HopeWorld\n\nHala dinlemediyseniz; \xf0\x9f\x98\x81\n\n\xe2\x96\xb6\xef\xb8\x8fhttps://t.co/iPlZYxe33p'
2018-03-05 15:31:33,b'Everytime I listen to the Hopeworld mixtape it makes me want to steal a free sample #HopeWorld https://t.co/Sv90JPHKNy'
2018-03-05 15:30:06,b'There is no real connection between our selcas but today is the perfect weather to listen to #HopeWorld \xf0\x9f\x98\x8a\xf0\x9f\x92\x95\n\nNo make\xe2\x80\xa6 https://t.co/ElIOZWaJyF'
2018-03-05 15:29:22,"b""I know that a mixtape is a passion project. But, it's really too bad that Hoseok's mixtape won't get awards recogni\xe2\x80\xa6 https://t.co/qtMPIFxXXO"""
2018-03-05 15:27:32,b'I made a Jhope background! Because.. HOPE WOOOOOORLD *screaming suga* Feel free to use it! \xf0\x9f\x90\xa0\xf0\x9f\x8c\x8a\n#BTS #Jhope\xe2\x80\xa6 https://t.co/DSTCUBfgBW'
2018-03-05 15:25:30,b'Sorta the same colours lol\n\n#ARMYSelcaDay #HopeWorld #BestFanArmy #BTSArmy #iHeartAwards https://t.co/y9yUBOE2Oy'
2018-03-05 15:25:08,b'#iHeartAwards #BTSARMY #BestFanArmy BASE LINE #HopeWorld https://t.co/c6IOvAEATA'
2018-03-05 15:23:54,"b""Can't stop listening to #HopeWorld #Airplane #JHOPE #iHeartAwards #BestBoyBand #BTS @bts_twt https://t.co/BmBqF32Hfc"""
2018-03-05 15:23:31,"b'I am familiar with the ""airplane"" lyrics yet I still hear ""gay okay"" instead of ""\xea\xb0\x9c \xec\x9a\x95\xed\x95\xb4"" #HopeWorld'"
