2018-03-25 23:53:19,A loving heart is the truest wisdom. - Charles Dickens #quote #FridayFeeling https://t.co/lgFAW9xdrC
2018-03-25 23:25:03,We hope you all are enjoying your well-deserved weekend to the fullest! Have a wonderful time and come back recharg‚Ä¶ https://t.co/kPWDDSdaZt
2018-03-25 23:18:54,@RealCrackling #FreebieFriday #FridayFeeling nom nom nom #win what a treat this would be https://t.co/IpRcs4n0Eq
2018-03-25 23:18:31,"Don't tell me.

#communication #Inspiration #Motivation 
#FridayFeeling
#Compassion
#Believe"
2018-03-25 23:15:04,#brand #dimensions #matter for #great #strategy - https://t.co/yQYLOKn5Qu #wallstreet #livetweet $tgt $snap $lly #FridayFeeling #CES2019
2018-03-25 23:15:04,#brand #dimensions #matter for #great #strategy - https://t.co/zIec9tsBsn #wallstreet #livetweet $tgt $snap $lly #FridayFeeling #CES2019
2018-03-25 23:10:03,#brand #dimensions #matter for #great #strategy - https://t.co/Yycairc0fy #wallstreet #livetweet $tgt $snap $lly #FridayFeeling #CES2019
2018-03-25 23:05:03,#brand #dimensions #matter for #great #strategy - https://t.co/vT9HmoiNbp #wallstreet #livetweet $tgt $snap $lly #FridayFeeling #CES2019
2018-03-25 23:00:22,#brand #dimensions #matter for #great #strategy - https://t.co/SOm8rjvuBZ #wallstreet #livetweet $tgt $snap $lly #FridayFeeling #CES2019
2018-03-25 23:00:11,"Remodeling your home, whether it is a basement, attic, or garage, is one of best home improvement decisions you cou‚Ä¶ https://t.co/hI2Ea36XkY"
2018-03-25 22:56:02,Anyone else already look forward to Friday again on a Sunday night or???ü§∑üèª‚Äç‚ôÄÔ∏è #FridayFeeling
2018-03-25 22:47:43,#RETWEET to Gain üíØ #FlyingHigh #TeamCaramac üïä#ieFun #FamilyOfLoyals #bullygrampitt #ReckleSiumsGAINium #QuinnDrive‚Ä¶ https://t.co/amoA1h8VHE
2018-03-25 22:43:10,@MickeyFinnLqr #FridayFeeling lush yes please ‚ò∫Ô∏è üç∏üç∏ @annalb83 @Dianawill12
2018-03-25 22:38:03,"It's Friday, of course it will be fabulous :)
#TGIF #FridayFeeling #weekend"
2018-03-25 22:38:02,"It's Friday, of course it will be fabulous :)
#TGIF #FridayFeeling #weekend"
2018-03-25 22:17:16,@Shade_Group @GUESS Gorgeous watches! #FreebieFriday #FridayFeeling
2018-03-25 22:14:55,@MickeyFinnLqr Sounds goooood! @caz50062 #FridayFeeling
2018-03-25 21:57:39,@hippychick_com @nattoubaby #FridayFeeling oh My!!!! SO Cute!!! #NationalPuppyDay
2018-03-25 21:56:33,@carewell_living #FridayFeeling These would come in handy!
2018-03-25 21:39:36,"@SpongeCakesLtd #FreebieFriday #FridayFeeling #Easter #EasterCake #Competition #Win #Giveaway 

Yummyy"
2018-03-25 21:25:08,"Reposting @egtours:
Take an #egtgolftour  To #nyc #newyork #ny #manhattan #empirestatebuilding #freedomtower‚Ä¶ https://t.co/5hGvwq6A55"
2018-03-25 21:17:36,"@FruityGiftUK #Win this fabulous Fruit Bouquet
To participate, please Follow our page and Retweet this post‚Ä¶ https://t.co/N3WEhjpad6"
2018-03-25 21:13:51,"Retweeted Victory ServicesClub (@VictoryServices):

Some of the new delicious dishes appearing on the Club Dining R‚Ä¶ https://t.co/KVaqTIIECJ"
2018-03-25 21:12:49,@Shade_Group @GUESS üëâüèΩ I would LOVE to wear that watch on my wrist üòçüëåüèΩ I ‚ù§Ô∏è watches and these @GUESS watches are am‚Ä¶ https://t.co/WAyZFXIVeo
2018-03-25 20:53:36,"The BEST way to attract better is by becoming BETTER. Develop habits that help you GROW mentally, financially, and‚Ä¶ https://t.co/aYA5ufj9Su"
2018-03-25 20:49:39,#DisappointmentIn4Words  Fear Fear Fear Fear #garyvee #hustle #Believe #yolo #dream #empowered #FridayFeeling‚Ä¶ https://t.co/A59ajx22ru
2018-03-25 20:46:46,@HollandsPies yes pleaseeee üòçüòçü§ûü§û#FridayFeeling
2018-03-25 20:44:54,"@RealCrackling Get that #FridayFeeling with our #FreebieFriday!

Just RETWEET and FOLLOW our page to enter our Jala‚Ä¶ https://t.co/qu1Bj8GAvb"
2018-03-25 20:40:35,@MickeyFinnLqr #FridayFeeling #Takethemickey awesome #GIVEAWAY #win yes please count me in @EmmaChoonage @gwright82 üç∏üçπüç∏üçπüç∏üçπüç∏üçπ
2018-03-25 20:34:02,"""I paint the surface of things. My ego is pure surface. That's my self-portrait."" https://t.co/im0o4Qs5Yt‚Ä¶ https://t.co/IJ01AQIc6m"
2018-03-25 20:34:02,#wheretobuy Adidas NMD R1 Gum Pack Off-White https://t.co/kelM41eLUd #adidas #NMD #UltraBOOST #offwhite #classic‚Ä¶ https://t.co/2LPcWiiLud
2018-03-25 20:32:05,"@TEGmagazine Happy #FreebieFriday 

For #NationalPuppyDay get your paws on this beautiful dachshund towel set from‚Ä¶ https://t.co/HRuLILe6Ig"
2018-03-25 20:24:43,@carewell_living #win #FridayFeeling lovely giveaway fingers crossed xx
2018-03-25 20:15:09,"free psychic colour readings

https://t.co/Z6gpP2PR5Q

#nationalpuppyday #iwd2018 #fridayfeeling #flashbackfriday‚Ä¶ https://t.co/xGOnH0yB2E"
2018-03-25 20:05:03,"Hosting your own #radio session could not be easier! https://t.co/NkmIyWiE1M 

#playlist #diymusic #fridayfeeling https://t.co/5r28HPKF1O"
2018-03-25 20:03:32,@optiat @SmoothSkinIPL What a great team....I bet you make skin magic! Retweeted #freebiefriday #comp #giveaway‚Ä¶ https://t.co/xZWY7kpNCb
2018-03-25 20:00:10,If you are going to walk a mile in my shoes....Can you please pick me up some beer in your way back? #LifeThoughts‚Ä¶ https://t.co/6xpjUGhp5I
2018-03-25 19:56:40,Soul Caf√© has given quite a few of us that Friday Feeling and it's lasted into Sunday. Praise God for amazing event‚Ä¶ https://t.co/uyFkX28k1R
2018-03-25 19:40:56,"üé∂‚ù§Ô∏èIf #music be the food of #love,play on‚ù§Ô∏èhttps://t.co/7hO5JjL4OJ

#pop #popmusic #song #USA #UK #JPN #singer‚Ä¶ https://t.co/QfkCtitFZT"
2018-03-25 19:40:07,"@TEGmagazine Happy #FreebieFriday 

For #NationalPuppyDay get your paws on this beautiful dachshund towel set from‚Ä¶ https://t.co/ExOv8lnXLP"
2018-03-25 19:31:25,#bestptactices are just a starting point. Don‚Äôt stop there. #fridayfeeling‚Ä¶ https://t.co/5OoQ1m455E
2018-03-25 19:24:09,@carewell_living Cheers for super #FridayFeeling chance
2018-03-25 19:15:51,"Partial AMPUTEE, NEED SHOE PROSTHETICS. #United #UnitedWeWin #Union #USA #NorthCarolina #HereToCreate #Health‚Ä¶ https://t.co/S3rQOQrrf4"
2018-03-25 19:14:00,"5 MUST HAVE Techwear Sneakers | The Casual x THIS IS ANTWON https://t.co/GpCxoXUncu
#nike #adidas #techwear‚Ä¶ https://t.co/DEH9XGDwGB"
2018-03-25 19:13:13,@TheEsselWorld @india4contests @contestboard @contestindia123 @contestindia Weekends be like #FridayFeeling‚Ä¶ https://t.co/8jPB0nXaSl
2018-03-25 19:06:51,The brilliant effect of #hashtags has presented itself to me recently #truth #BLESSED #hashtag #lit #legit #cola‚Ä¶ https://t.co/ruPVbmEnqz
2018-03-25 19:00:49,@Shade_Group @GUESS they look stunning :) #FridayFeeling
2018-03-25 19:00:03,"I'll do best Amazon keyword research for  you
#keyword_research
#Amazon_Keyword_Research
#SEO_service‚Ä¶ https://t.co/2Ko5AgUVA0"
2018-03-25 18:58:20,"I'll do best Amazon keyword research for  you
#keyword_research
#Amazon_Keyword_Research
#SEO_service‚Ä¶ https://t.co/KGLzSpwU3N"
2018-03-25 18:56:38,"I'll do best Amazon keyword research for  you
#keyword_research
#Amazon_Keyword_Research
#SEO_service‚Ä¶ https://t.co/ZEvwzwPzsq"
2018-03-25 18:55:51,"I'll do best Amazon keyword research for  you
#keyword_research
#Amazon_Keyword_Research
#SEO_service‚Ä¶ https://t.co/rg0vgxFr2D"
2018-03-25 18:43:41,@LaRedouteUK Love these boots https://t.co/7NHy7g5Fnd‚Ä¶ #FridayFeeling https://t.co/wEPkGvRbj6
2018-03-25 18:40:47,"I'll do best keyword research for  you
#keyword_research
#Amazon_Keyword_Research
#SEO_service
#Google_analysis‚Ä¶ https://t.co/yW3omYPAHA"
2018-03-25 18:36:03,‚ÄúSocial Decay‚Äù by Artist Andrei Lacatusu https://t.co/DZ2AOkcg1h showcased on @booooooom  #art #illustration‚Ä¶ https://t.co/u5lpMUSAlv
2018-03-25 18:32:34,Friday night at Mojo's #entertaining #FridayFeeling #weekend #Michigan https://t.co/zTEQpWDrwi
2018-03-25 18:32:12,"I'll do best keyword research for  you
#keyword_research
#Amazon_Keyword_Research
#SEO_service
#Google_analysis‚Ä¶ https://t.co/XLYgvi7bVd"
2018-03-25 18:31:51,"I'll do best keyword research for  you
#keyword_research
#Amazon_Keyword_Research
#SEO_service
#Google_analysis‚Ä¶ https://t.co/3i0lmSrTXv"
2018-03-25 18:28:23,@carewell_living #FridayFeeling Thanks very much for the chance üçÄüôÇ
2018-03-25 18:23:47,"@lifestyle_fit HAPPY FRIDAY EVERYONE ü§∏‚Äç‚ôÄÔ∏èü§∏‚Äç‚ôÄÔ∏è

To celebrate we're offering you the chance to WIN a Lifestyle Fitnes‚Ä¶ https://t.co/9A4aizYob4"
2018-03-25 18:21:27,@simplysafes #Follow us and #RETWEET to be in with the chance of #winning a @BulldogSecure1 wheel clamp‚Ä¶ https://t.co/AzpoZlL91f
2018-03-25 18:13:41,"Be selfish, give most your self to yourself! #FixMyLife #ChangeForProgress #FridayFeeling"
2018-03-25 17:55:50,"@GtechSocial #WIN

We have won the Best Garden Product category in the #YourHomeAwards 2018 for our cordless Hedge‚Ä¶ https://t.co/tHm7iAOGai"
2018-03-25 17:54:21,I had that moment where I thought about uniforms and lunches and shopping for the week and then I remembered that t‚Ä¶ https://t.co/NQH0ax56Y7
2018-03-25 17:48:07,"@able2uk #win #FridayFeeling #fridayfreebie
Would love everybody to benefit from this! :)"
2018-03-25 17:21:16,When it's Friday.... #TGIF #FridayFeeling https://t.co/WE8tnXW9R7
2018-03-25 17:15:21,@hippychick_com @nattoubaby #FridayFeeling yes please just adorable ..üê∂üêïüê∂üêïüê∂üêïüê∂
2018-03-25 17:15:01,Lost the #FridayFeeling after being ripped off by @MMAApparel and @anthonyfjoshua #boxing #training
2018-03-25 17:05:28,"@TEGmagazine Happy #FreebieFriday 

For #NationalPuppyDay get your paws on this beautiful dachshund towel set from‚Ä¶ https://t.co/T81VAp6o13"
2018-03-25 17:04:00,"The North Face Black Label ‚Äì Shop now @endclothing 
https://t.co/5Z1GlFpwOf  #thenorthface #blacklabel #endclothing‚Ä¶ https://t.co/MY9Ri4tI2b"
2018-03-25 17:04:00,Do you really need an agent? https://t.co/5XaMifCc87 check out on @CreativeBloq  #art #illustration #design‚Ä¶ https://t.co/7HLxq1Olms
2018-03-25 17:00:23,"Win 2 FREE floats at Float Valley! Simply check out our Facebook page's latest post for details!
#Giveaway #win‚Ä¶ https://t.co/yccw8QiLa2"
2018-03-25 16:45:25,Are you a friday girl ? #weekend #FridayFeeling #Golden_Child #goldenfashion #newlook #oudewater #TShirt #MustHave‚Ä¶ https://t.co/kckzUrESYk
2018-03-25 16:31:01,"Mitchell Katz, CEO of NYC Health &amp; Hospitals freed $4.9 million to hire more doctors and nurses for the city:‚Ä¶ https://t.co/obzgIr7PdV"
2018-03-25 16:14:09,@Shade_Group @GUESS wow great giveaway love these watches #FridayFeeling
2018-03-25 16:00:42,@hippychick_com @nattoubaby #fridayfeeling yes please üòÄ
2018-03-25 15:59:56,@carewell_living #FridayFeeling yes please üòÄ
2018-03-25 15:56:52,@able2uk Terrific prize üíûüíû I would love a Benefit cosmetics surprise! Thank you very much for the chance üôÇ #FridayFeeling
2018-03-25 15:34:13,Always be kind #RandomActsOfKindnessDay #quotes #qotd #yoga #FridayFeeling by #yogatailor https://t.co/rDQZJM7tsP
2018-03-25 15:30:23,Do we realize the impact of our lifestyle on the environment? Do we think about the environment when asking for tha‚Ä¶ https://t.co/Rvid2y3e0P
2018-03-25 15:28:19,The hashtag #fridayfeeling took the 17th place in the Top20 of United Kingdom's Trends for Saturday 24: https://t.co/AwRHw98fS8 #trndnl
2018-03-25 15:15:07,"#aspire to be the #best company in the world, #everyday #goals - https://t.co/zIec9tsBsn $aapl $tsla $dow $gmcr #FridayFeeling #CES2019"
2018-03-25 15:14:56,A little #crime humor on this #friday morning. #truecrime #awesome #awesomeness #FridayFeeling #motherhood by‚Ä¶ https://t.co/C46Dne9OaX
2018-03-25 15:13:00,"Congrats to Grisell S. Another
Raine Miller Romance Reader giveaway winner!

Join Raine Miller ‚òîÔ∏è Readers FaceBook‚Ä¶ https://t.co/Slnkp1KGdD"
2018-03-25 15:10:06,"#aspire to be the #best company in the world, #everyday #goals - https://t.co/Yycairc0fy $aapl $tsla $dow $gmcr #FridayFeeling #CES2019"
2018-03-25 15:08:11,Theo Soca Prenty got that #FridayFeeling this week &amp; wore the Label1025 Black Baseball Cap to work. https://t.co/U9nIHCtO0p
2018-03-25 15:05:05,"#aspire to be the #best company in the world, #everyday #goals - https://t.co/vT9HmoiNbp $aapl $tsla $dow $gmcr #FridayFeeling #CES2019"
2018-03-25 15:00:45,"#aspire to be the #best company in the world, #everyday #goals - https://t.co/SOm8rjvuBZ $aapl $tsla $dow $gmcr #FridayFeeling #CES2019"
2018-03-25 14:54:02,"""Carhartt WIP drew sure strength from the musicians, artists &amp; cultural figures it has supported, exhibited &amp; colla‚Ä¶ https://t.co/o1cqBevG2W"
2018-03-25 14:43:50,#MarchForOurLives #PalmSunday #SundayMorning #FridayFeeling #JesusChrist #Islamic @FoxNews @Oprah #SOTU @WeekendExp‚Ä¶ https://t.co/12cdUdW2tv
2018-03-25 14:39:47,@SpongeCakesLtd That looks delicious üòã #FreebieFriday #FridayFeeling #Easter #EasterCake #Competition #Win #Giveaway
2018-03-25 14:32:27,"@DirectaUK I told hubby I‚Äôd win him an Easter Egg and I know he loves these so eggcite him please
#Costa #MiniEggs‚Ä¶ https://t.co/bHysM3mcHi"
2018-03-25 14:25:46,@carewell_living #FridayFeeling yes please fingers crossed üôèü§û
2018-03-25 14:20:00,"#RuinACompliment

‚ÄúGood Job today ! ....F**k Off‚Äùüñïüèª

#RockandRoll #Rock #DeleteFacebook #FridayFeeling #AynRand‚Ä¶ https://t.co/AN5vgcVWkJ"
2018-03-25 14:01:04,27% of #Americans age alone without the support of children. via @senioronline #fridayfeeling #aging #assistedliving
2018-03-25 13:29:20,"""We can‚Äôt solve problems by using the same kind of thinking we used when we created them."" ‚Äî Albert Einstein‚Ä¶ https://t.co/Gyd2ngpmN8"
2018-03-25 13:25:04,"Don't facebook your problems. Face them.
#FridayFeeling #FridayMotivation #FridayThoughts #quotes #quotestoliveby‚Ä¶ https://t.co/92zu9LjGDe"
2018-03-25 13:08:48,"@SpongeCakesLtd #FreebieFriday #FridayFeeling #Easter #EasterCake #Competition
I'd be hopping with joy to #WIN this‚Ä¶ https://t.co/fny4ItHeU6"
2018-03-25 12:34:46,"me: 

an independent street style apparel company on instagram‚Äôs social media manager: Major key alert üîë it‚Äôs Tuesd‚Ä¶ https://t.co/KlkwycKuzI"
2018-03-25 12:21:56,Shop at #etsy  https://t.co/qMeXBp1ZAS #BikiniTwitter #FridayFeeling #MiamiBeach #metoo #etsy
2018-03-25 12:21:20,A loving heart is the truest wisdom. - Charles Dickens #quotes #FridayFeeling https://t.co/cLoDFtSVzQ
2018-03-25 12:16:39,She's so pretty. üòç‚Äú@MTV: That #FridayFeeling ft. @DoveCameron üíñ https://t.co/eFCI5XkRWB‚Äù
2018-03-25 11:53:01,"With a wide cluster of livelinesss and symbols to browse that are completely adjustable, informing will never be th‚Ä¶ https://t.co/wf6Y5w9lSG"
2018-03-25 11:43:53,The latest The Hire the Delhi Escorts as Girlfriend 9810906868 Daily! https://t.co/0YCiWyFVJn #fridayfeeling #model
2018-03-25 11:39:05,@carewell_living I need the #FridayFeeling x Fingers crossed x
2018-03-25 11:26:01,"Takashi Murakami &amp; Virgil Abloh Come Together On New Artwork 
https://t.co/r1tNNibZyk #highsnobiety #virgilabloh‚Ä¶ https://t.co/N0gmr1YWDK"
2018-03-25 10:54:23,@DirectaUK #MiniEggs #Easter #Eastergiveaway #FridayFeeling eggs-ceptionally nice prize
2018-03-25 10:47:38,@Shade_Group @GUESS Lovely prize :) #FreebieFriday #FridayFeeling
2018-03-25 10:29:25,"@PEP_Network
PEP offers visually rich, engaging and personalizable content which pushes the emoji&amp;sticker industry‚Ä¶ https://t.co/GX0G0bcLwa"
2018-03-25 10:20:07,"GET YOUR NEW FREE #FOLLOWERS PER DAY
üîò https://t.co/YwAu6y60tj üîò
 #OffsetDUB #FridayFeeling #GotTalentIRL @namfah_n @Yumimi064"
2018-03-25 10:10:06,"Reposting @egtours: - via @Crowdfire 
Take an #egtgolftour  To #italy #italia #cinqueterre #nature‚Ä¶ https://t.co/BGTPyri4NE"
2018-03-25 10:07:55,"Denmark pays students $1,000 a month to go to universities
#universitychallenge 
#European 
#FridayFeeling https://t.co/bBwsaeR01E"
2018-03-25 10:00:13,I'm fucking on it today! I'm in a spectacularly good mood. It's my day off tomorrow so actual today is my Friday #FridayFeeling üíÉ
2018-03-25 09:58:38,Gain Free Followers guaranteed!  https://t.co/IhMvzdLih9  #OffsetDUB #FridayFeeling #GotTalentIRL @optymalny1 @21Units
2018-03-25 09:36:28,Very nice project with great potential to succeed! I believe this project will make waves in the Cryptocurrency wor‚Ä¶ https://t.co/PNQAmvubRB
2018-03-25 09:30:21,#FridayFeeling https://t.co/rki7PPm5b5 #forex managed accounts #fx trading #InvestmentPlan #stocks #profit #fb‚Ä¶ https://t.co/1lIneX0vu0
2018-03-25 09:23:49,@carewell_living I would love to win a set of these ‚ò∫ #FridayFeeling
2018-03-25 09:19:41,@Shade_Group @GUESS Oh wow üòç #freebiefriday #fridayfeeling
2018-03-25 09:01:00,"‚ÄúWe live in a wonderful world that is full of beauty, charm, and adventure. There is no end to the adventures we ca‚Ä¶ https://t.co/Pohvi1FVki"
2018-03-25 09:00:16,@HeartBingo #FridayFeeling Kat Slater Legend great to see her back - jillyheart
2018-03-25 08:58:14,That‚Äôs Ed Sheeran not Sheehan... predictive text damn it... #BrunoMars #FridayFeeling??? #M50 @eflow_freeflow https://t.co/Gzhu62Fi4b
2018-03-25 08:45:58,"""Britain‚Äôs pubs are a beacon. They offer something uniquely British, and are often identified as a major attraction‚Ä¶ https://t.co/Ptve3lsIts"
2018-03-25 08:45:27,"Is it Friday yet? üò£
#FridayFeeling #MondayBlues"
2018-03-25 08:44:51,Happy Friday! Who's got that #FridayFeeling? https://t.co/lgsYrHoPDC
2018-03-25 08:40:01,"Takashi Murakami &amp; Virgil Abloh Come Together On New Artwork 
https://t.co/r1tNNibZyk #highsnobiety #virgilabloh‚Ä¶ https://t.co/mqnX6MmzJ0"
2018-03-25 08:07:08,"Reposting @egtours: - via @Crowdfire 
Take an #egtgolftour  to #portugal #portugal_lovers #portuguese #travel‚Ä¶ https://t.co/i7pL1vzBFx"
2018-03-25 08:00:31,Thank you to all who have helped us raise money for @sportrelief  this week! We really appreciate your generosity!‚Ä¶ https://t.co/bZatkumhgA
2018-03-25 07:41:13,Leaving work on a Friday like... #FridayFeeling https://t.co/b48NSwImBQ
2018-03-25 07:30:00,Escape from the urban jungle and enjoy a one of a kind vacation where mud is your playground and resilience is your‚Ä¶ https://t.co/DRE0Cd2bDw
2018-03-25 07:15:03,#achieve your #goals by #setting #objectives that will #grow your #brand https://t.co/zIec9tsBsn $mo $tna $cat $aig #FridayFeeling #CES2019
2018-03-25 07:10:03,#achieve your #goals by #setting #objectives that will #grow your #brand https://t.co/Yycairc0fy $mo $tna $cat $aig #FridayFeeling #CES2019
2018-03-25 07:05:05,#achieve your #goals by #setting #objectives that will #grow your #brand https://t.co/vT9HmoiNbp $mo $tna $cat $aig #FridayFeeling #CES2019
2018-03-25 07:00:19,#achieve your #goals by #setting #objectives that will #grow your #brand https://t.co/SOm8rjvuBZ $mo $tna $cat $aig #FridayFeeling #CES2019
2018-03-25 06:49:37,"@shopkenzlaurenz Love 2 #win @shopkenzlaurenz BEAUTIFUL ""Blossom"" hair ties. #FriYay #FridayFeeling #Spring #Beauty‚Ä¶ https://t.co/pF6N30Nib6"
2018-03-25 06:13:34,@Shade_Group @GUESS Ooh yes please! #FreebieFriday #FridayFeeling
2018-03-25 06:08:12,@ChocPicMaker GIANT EASTER GIVEAWAY!! @JohnnieBowers47 @NicolesChoice1 #Easter #FridayFeeling
2018-03-25 06:08:02,"""Sketchbooks are personal musings or externalizations of thoughts &amp; ideas"" https://t.co/1vNEgPeGkc  #streetart‚Ä¶ https://t.co/5yesz7I76W"
2018-03-25 06:00:53,"The spring of honesty and virtue lie in good education.

A Harem Boy's Saga - II - UNBRIDLED; a memoir by Young‚Ä¶ https://t.co/Txutm91HfL"
2018-03-25 05:45:03,"""@jm_waste"" our new website is live and bigger and better ! take a look ... https://t.co/1p7x0usWYT #website‚Ä¶ https://t.co/RfclWR6uJT"
2018-03-25 05:18:17,"HelloüòÅFellow #Patriots,inüá∫üá∏#TrumpNation! 
@POTUS,
Tell The @GOP...üöÇ#TrumpTrain Expects To Vote For‚Ä¶ https://t.co/wseMb6NOcK"
2018-03-25 05:15:16,"I am a professional graphic designer.If you need a Background removal,Photo Editor,Image retouch,Graphic Designer?‚Ä¶ https://t.co/6vNpqTwUwv"
2018-03-25 05:04:40,"@mitchellvii @realDonaldTrump President #Trump could tweet
""The sun is yellow""
and accounts paid by Soros would rep‚Ä¶ https://t.co/XlDNImTaIK"
2018-03-25 04:17:39,You're never too old to get swept up by that #FridayFeeling https://t.co/c8j5BMlebi
2018-03-25 04:15:01,"Water Pressure Spray Gun ? 1/2 fitting included 

Take A Look At This #Offer 

""Click"" on this Link..‚Ä¶ https://t.co/f1fljnn0sU"
2018-03-25 04:02:55,"Ever go to The Grove for a day's entertainment?
..#losangeles #LA #SOCAL #fridayfeeling #weekendvibes #thingstodo‚Ä¶ https://t.co/Lt5I5Mh2sl"
2018-03-25 04:00:53,Don't forget to perform your monthly self-breast exam! #FridayFeeling #bcsm #breastcancer via @BreastAdvocate https://t.co/iP6QLcL7as
2018-03-25 03:54:37,"My New #Logo #Design.Take A Look !
Searching For A #freelance
#graphicdesigner?

DM ME at @alive_ah‚Ä¶ https://t.co/5TEua9Fnx7"
2018-03-25 03:49:17,rock art - Botswana - 4th millenium BC #Archaeology #art #dogs #friendship #Africa #Botswana #love #archmadness‚Ä¶ https://t.co/ynVx6pyhEj
2018-03-25 03:30:10,"We can provid this #wordpress #theme #PSD to #Responsive #bootstrap template or in #WordPress_site? Contact here ""‚Ä¶ https://t.co/f5cMnCH3lv"
2018-03-25 03:28:58,#amazing #Website with 100% #responsive compatibility for #mobile &amp; all sorts of #devices.  Want to have a fully re‚Ä¶ https://t.co/gOK4alVAxQ
2018-03-25 03:27:28,"Hey, I'm ready to help you, you can see what you can do here #wordpress_theme #psd _to #html  #responsive‚Ä¶ https://t.co/5Yw3mJwfow"
2018-03-25 03:15:22,A loving heart is the truest wisdom. - Charles Dickens #quote #FridayFeeling #SkyGoBuy https://t.co/bu39QBTCRs
2018-03-25 03:09:15,"I‚Äôve been eating one slice of pizza üçï for 6 hrs, it‚Äôs been #brekkie #lunch #snacks  #hungover #dontwannapuke‚Ä¶ https://t.co/SeDiG3Hsdv"
2018-03-25 03:01:25,A loving heart is the truest wisdom. - Charles Dickens #quote #FridayFeeling https://t.co/24YskVHvfl
2018-03-25 02:05:10,When you're rolling toward the end of a particularly rough week. #FridayFeeling https://t.co/GxwXachfXe
2018-03-25 01:46:21,Nothing is impossible.  Follow your dreams #FridayFeeling #positivity #NLP #themoodcards #EI https://t.co/zgUaLVowh9
2018-03-25 01:32:31,Time distribution has to be one of the top 5 relationship üîë ‚Äòs... next to communication it‚Äôs one thing that‚Äôll KILL‚Ä¶ https://t.co/W7BodLM5AO
2018-03-25 01:15:07,"The Moosh. 

#Dachshund #puppylove #puppy #ilovemydog #mydogiscutest #FridayFeeling https://t.co/9Ra72aNC1Z"
2018-03-25 00:20:15,üí•Adam Schiff Hits Panic Button Over Trump‚Äôs Incoming NatSec Advisor...John Bolton Believes Obama FBI Conspired to F‚Ä¶ https://t.co/mzeq6YuSGE
2018-03-25 00:16:08,"Judicial Watch‚Äôs Chris Farrell says Mueller‚Äôs Russia~Collusion WITCH HUNT on #Trump is Collapsing On Itself 

He al‚Ä¶ https://t.co/ruh4IgHrrW"
2018-03-24 23:36:41,@Dp01105642 @TheJordanRachel @ChrisWhite04 @POTUS ‚ÄúWe have to get rid of the Filibuster Rule‚Äù........‚ÄùI will never‚Ä¶ https://t.co/LDmCsewLLQ
2018-03-24 23:18:22,A loving heart is the truest wisdom. - Charles Dickens #quote #FridayFeeling #Motivation https://t.co/D0Ph1Up5KT
2018-03-24 23:15:05,#partners at https://t.co/zIec9tsBsn hold #degrees from #elite #private #universities $pg $cvx $mrk $cmcsa $txn #FridayFeeling #CES2019
2018-03-24 23:10:03,#partners at https://t.co/Yycairc0fy hold #degrees from #elite #private #universities $pg $cvx $mrk $cmcsa $txn #FridayFeeling #CES2019
2018-03-24 23:09:03,"Reposting @egtours:
 Plan a #EgtGolfTour #Austria  you can play  #adamstalgolf  Start Planning  #golf #golfhistory‚Ä¶ https://t.co/HPCzpJzwqL"
2018-03-24 23:05:05,#partners at https://t.co/vT9HmoiNbp hold #degrees from #elite #private #universities $pg $cvx $mrk $cmcsa $txn #FridayFeeling #CES2019
2018-03-24 23:01:24,"Reposting @thejamgoddess: - via @Crowdfire 
Sometimes the best runs come on days you didn't feel like running üí™ 
Go‚Ä¶ https://t.co/EkBziKMaoV"
2018-03-24 23:00:25,#partners at https://t.co/SOm8rjvuBZ hold #degrees from #elite #private #universities $pg $cvx $mrk $cmcsa $txn #FridayFeeling #CES2019
2018-03-24 22:53:39,"Retweeted ColoradoGirl (@ColoradoGirl2A):

Just sayin‚Äô 
#FridayFeeling https://t.co/Z8pb97yHN8 https://t.co/Uxb8JOg8tw"
2018-03-24 22:53:23,A loving heart is the truest wisdom. - Charles Dickens #quote #FridayFeeling https://t.co/EzXZOS3uEm
2018-03-24 22:46:32,"Retweeted PEANUTS (@Snoopy):

Feelin' groovy! #FridayFeeling https://t.co/sYgwGGLGg3 https://t.co/INl45iD9n3"
2018-03-24 22:45:41,@MsAbigailMac @karakru13 @SueRCT @Abifan01 @MsVeracruzXXX @billsmith1971 @ron_ron31822845 @JoshHawcowboy34 Yeah so‚Ä¶ https://t.co/iJfGC9BjAG
2018-03-24 22:40:01,our new website is live and bigger and better ! take a look ... https://t.co/vhlaS7Ags3 #website #wastemanagement‚Ä¶ https://t.co/XgX7ds4mM8
2018-03-24 22:15:15,"YOU CAN GET THOUSANDS #FOLLOWERS PER DAY
‚Üó https://t.co/gr4e1bNg6A ‚Üó
 #TavisSmiley #SESVR18 #FridayFeeling @Dvshchandra @bandforlife"
2018-03-24 22:14:02,Gotta love jazz! #jazz #FridayFeeling https://t.co/hkgbFiwXjV
2018-03-24 22:10:04,"#FridayFeeling #GunControlNow is being pushed by foreign corporations like #Gucci which donated $500,000 to‚Ä¶ https://t.co/3XwYuGFOE5"
2018-03-24 22:07:17,"#FridayFeeling #GunControlNow #MarchForOurLives is being pushed by foreign corporations like #Gucci.

Democrats onl‚Ä¶ https://t.co/ATFyjTRYez"
2018-03-24 22:00:01,It's that time of day that a dip in the infinity pool at @LosCabosGV sounds perfect. #FridayFeeling #LuxuryTravel https://t.co/LbgYRQoTRS
2018-03-24 21:54:09,Painting bedroom walls is so therapeutic üòç #FridayFeeling
2018-03-24 21:48:58,@HollandsPies Cheers for super #FridayFeeling chance
2018-03-24 21:48:36,The latest Unsigned Daily with Stephen And Anne! https://t.co/0kjI73PP41 #fridayfeeling
2018-03-24 21:39:14,@ChocPicMaker Woo what a delish prize! #giveaway #competition #Easter #FridayFeeling
2018-03-24 21:32:21,A loving heart is the truest wisdom. - Charles Dickens #quote #FridayFeeling https://t.co/NjyQRI3zN3
2018-03-24 21:16:09,"Reposting @egtours: - via @Crowdfire 
Take a #egtgolftour  to #countykerry #ireland #play #killarneygolfclub‚Ä¶ https://t.co/xTr9DiRSEV"
2018-03-24 20:45:51,#TCOB #FridayFeeling  The Heptones- Book o‚Äô Rules @DJTrevorNelson @CCfunkandsoul Making up extra beds in anticipati‚Ä¶ https://t.co/u8XvWJugBp
2018-03-24 20:45:36,@BlowfishMalibu The left ones are my fav #fridayfeeling   #springtime
2018-03-24 20:43:03,"#NationalPuppyDay
#Fridayfeeling
#MarchForOurLives LIVE
#BoatRace2018
#TheVoiceUK
#GunContolNow
#TodayIStandUpFor‚Ä¶ https://t.co/ynZSeiPXHS"
2018-03-24 20:42:08,"#NationalPuppyDay
#Fridayfeeling
#MarchForOurLives LIVE
#BoatRace2018
#TheVoiceUK
#GunContolNow
#TodayIStandUpFor‚Ä¶ https://t.co/AeJDJ4Fmrx"
2018-03-24 20:40:03,"#NationalPuppyDay
#Fridayfeeling
#MarchForOurLives LIVE
#BoatRace2018
#TheVoiceUK
#GunContolNow
#TodayIStandUpFor‚Ä¶ https://t.co/62mvDn7ch6"
2018-03-24 20:39:21,"#NationalPuppyDay
#Fridayfeeling
#MarchForOurLives LIVE
#BoatRace2018
#TheVoiceUK
#GunContolNow
#TodayIStandUpFor‚Ä¶ https://t.co/TWCEi01Pve"
2018-03-24 20:38:45,"#NationalPuppyDay
#Fridayfeeling
#MarchForOurLives LIVE
#BoatRace2018
#TheVoiceUK
#GunContolNow
#TodayIStandUpFor‚Ä¶ https://t.co/r7PexwbIZs"
2018-03-24 20:38:10,"#NationalPuppyDay
#Fridayfeeling
#MarchForOurLives LIVE
#BoatRace2018
#TheVoiceUK
#GunContolNow
#TodayIStandUpFor‚Ä¶ https://t.co/hRFc8T3mcW"
2018-03-24 20:37:19,"#NationalPuppyDay
#Fridayfeeling
#MarchForOurLives LIVE
#BoatRace2018
#TheVoiceUK
#GunContolNow
#TodayIStandUpFor‚Ä¶ https://t.co/Fs0Dio2824"
2018-03-24 20:36:35,"#NationalPuppyDay
#Fridayfeeling
#MarchForOurLives LIVE
#BoatRace2018
#TheVoiceUK
#GunContolNow
#TodayIStandUpFor‚Ä¶ https://t.co/LnUOpJbAor"
2018-03-24 20:34:47,"#NationalPuppyDay
#Fridayfeeling
#MarchForOurLives LIVE
#BoatRace2018
#TheVoiceUK
#GunContolNow
#TodayIStandUpFor‚Ä¶ https://t.co/35SwDBJMYN"
2018-03-24 20:33:54,"Ever go to The Grove for a day's entertainment?
..#losangeles #LA #SOCAL #fridayfeeling #weekendvibes #thingstodo‚Ä¶ https://t.co/n3MF8iUcmW"
2018-03-24 20:19:15,"Reposting @egtours:
Have we told you about the picture-perfect flora and fauna in Dominican Republic?

Saman√°‚Ä¶ https://t.co/qbVo0ZS92Z"
2018-03-24 20:14:02,Supreme's UNDERCOVER &amp; Public Enemy Collab Brought out London's Finest Street Style https://t.co/UUIL8QEkOi‚Ä¶ https://t.co/jT2mfang4k
2018-03-24 20:07:10,"@RealCrackling Get that #FridayFeeling with our #FreebieFriday!

Just RETWEET and FOLLOW our page to enter our Jala‚Ä¶ https://t.co/zAUXX1ohGe"
2018-03-24 20:05:08,"Reposting @egtours: - via @Crowdfire 
Take an #egtgolftour  To #italy #italia  #nature #naturephotography #travel‚Ä¶ https://t.co/t99bGc6Jvw"
2018-03-24 20:02:55,@RealCrackling Delicious #FreebieFriday  Give me the #FridayFeeling
2018-03-24 20:01:44,@MickeyFinnLqr Awesome #FridayFeeling giveaway. Thank you for the chance to #WIN. @Lisa15781 @angiecring @melmel2801 @annjann1 üéâüéâ
2018-03-24 20:01:42,@_FireplaceWorld @HotelChocolat 13 eggs. #Easter #EasterEggHunt #FridayFeeling #competition
2018-03-24 19:42:47,Let's think about how this beautiful project will swing in the near future. It has the potential to compete much fa‚Ä¶ https://t.co/dmJGQ5zMNb
2018-03-24 19:34:24,TRINNY &amp; SUSANNAH LADIES DRESS SIZE 14 WIGGLE PENCIL FORMAL STRETCH BODYCON https://t.co/g2cnlJ5ZUI‚Ä¶ https://t.co/FIZGm2RvGr
2018-03-24 19:32:30,The latest The Animal Advocacy Daily! https://t.co/0W9Irr1CVh #fridayfeeling
2018-03-24 19:30:08,"Reposting @egtours:
Take an #egtgolftour  To #italy #italia #cinqueterre #nature #naturephotography #travel‚Ä¶ https://t.co/kZ3zuHDpXZ"
2018-03-24 19:29:08,"Reposting @egtours:
Take an #egtgolftour  To #italy #italia #cinqueterre #nature #naturephotography #travel‚Ä¶ https://t.co/xwq1ghY5Cs"
2018-03-24 19:19:15,"Reposting @egtours: - via @Crowdfire 
#puglia #italy #italytrip #italiangirl #italia #italianfood #foodie #wine‚Ä¶ https://t.co/Kxe1UozA0L"
2018-03-24 19:16:33,@vitalmanagement @alstonmanchestr @VIVAEms @shayneTward Glad you had a great night @alstonmanchestr ü•ÇüòÅ‚Ä¶ https://t.co/x2bnSil3yH
2018-03-24 19:15:08,"Who do you call first when it comes to celebrating the weekend? Tag your #weekendwarrior! 

Thanks for sharing your‚Ä¶ https://t.co/OoDSOwnj3k"
2018-03-24 19:14:26,SIZE 20 LADIES JACKET COAT BY EWM KHAKI GREEN COLOUR HIP LENGTH https://t.co/FT5ThcD7uo #NationalPuppyDay #friyay‚Ä¶ https://t.co/0PzjPr7D5L
2018-03-24 19:14:26,New Marks &amp; Spencer Ladies Size 22 Charcoal Top with Faux leather trim &amp; Pockets https://t.co/3nNFqvT7EH‚Ä¶ https://t.co/SQTI8kOyQS
2018-03-24 19:14:25,River Island Ladies Dress Size 6 Black Lace Faux Leather Sexy Party Clubbing https://t.co/l5ieNSXF0M‚Ä¶ https://t.co/gsZzPUiaeU
2018-03-24 19:14:24,PINK FAUX LEATHER JACKET SIZE 16 LADIES JACKET COAT https://t.co/n9rPNkftLn #NationalPuppyDay #friyay‚Ä¶ https://t.co/bEKtrnvaV4
2018-03-24 19:08:30,"#FridayFeeling... üñ§

INXS - Mystify

https://t.co/CrwMNb51o3"
2018-03-24 19:04:37,LADIES DRESS SIZE 14 ALINE SUMMER PARTY PEACH FLORAL CHIFFON DRESS https://t.co/Ny8g5qKN56 #NationalPuppyDay‚Ä¶ https://t.co/qwi5D3EFLq
2018-03-24 18:55:04,When that #FridayFeeling gets out of hand. #Saturday #Hangover https://t.co/GPyYWu1Yxb
2018-03-24 18:32:04,https://t.co/xyKV0V4lFC :Grafiti Funnels assist you to plan the next level business moves up fast.#FridayFeeling@ask_sopit
2018-03-24 18:26:56,SEAFOOD: https://t.co/LgKSjz3uSu #YouTube #eatingshow #mukbang #Channel üç¥ #Watch #Like #Subscribe üò∂üëçüîî‚Ä¶ https://t.co/KYy4JdKDpy
2018-03-24 18:20:35,"#Learn to #love #maths #sums with #Ibbleobble!

https://t.co/GWp8yZnSfr

#Educational #games #kids #children‚Ä¶ https://t.co/62ivrI777B"
2018-03-24 18:15:01,Lost the #FridayFeeling after being ripped off by @MMAApparel and @anthonyfjoshua #boxing #training
2018-03-24 18:11:27,"Barack Obama gutted our military. 
Get up every single morning and thank the good lord that President Trump support‚Ä¶ https://t.co/5w1ligtOvZ"
2018-03-24 18:10:04,"Chandelier Bar is open again tonight from 7.30pm!
üòâ  ü•É üç∏ üçπ
#FridayFeeling #Weekend #OutOut https://t.co/2wDWoC5pwR"
2018-03-24 18:07:20,A loving heart is the truest wisdom. - Charles Dickens #quote #FridayFeeling https://t.co/950nYZtipt
2018-03-24 18:04:02,"""Music was my pass, my ticket to a world that first acquired color &amp; form through sound"" https://t.co/pe8AXMcBqf‚Ä¶ https://t.co/9hjp6cMrl2"
2018-03-24 17:50:01,"Takashi Murakami &amp; Virgil Abloh Come Together On New Artwork 
https://t.co/r1tNNibZyk #highsnobiety #virgilabloh‚Ä¶ https://t.co/N45kUbMNAS"
2018-03-24 17:48:40,The latest Unsigned Daily with Stephen And Anne! https://t.co/0kjI73PP41 Thanks to @chrisdrunkpoets @WudRecords #unsignedhour #fridayfeeling
2018-03-24 17:45:43,"Massive abuse of American taxpayer $:

Steve Mnuchin travel via military jets
$1 million

Ben Carson‚Äôs office dinin‚Ä¶ https://t.co/HTvz5PTIih"
2018-03-24 17:42:38,"OK, I know its a bit late but Fridays are so busy for at the moment :(
Hoping you all have that #FridayFeeling :)
(‚Ä¶ https://t.co/5kRK2jxdre"
2018-03-24 17:40:44,So busy I keep forgetting to post my #FridayFeeling gif :( https://t.co/4tTXLlMBOM
2018-03-24 17:40:42,@optiat @SmoothSkinIPL This would be brilliant! @optiat @SmoothSkinIPL #win #freebiefriday #comp #giveaway #fridayfeeling
2018-03-24 17:38:20,@MJC_815 Train and arm the teachers that want to carry!! Do they have to take a special class to become that stupid‚Ä¶ https://t.co/uSPSjChRXV
2018-03-24 17:34:57,The latest The Humor Daily! https://t.co/d6ok1Neiec #fridayfeeling
2018-03-24 17:32:20,@RealCrackling #FreebieFriday #FridayFeeling yes please üôèü§û
2018-03-24 17:25:00,"Retweeted Jennifer Pilates (@JenniferPilates):

#FridayFeeling ‚ÄúAsk for what you want and be prepared to get it!‚Äù -‚Ä¶ https://t.co/PlYeO2WvNO"
2018-03-24 17:24:59,"Retweeted Jennifer Pilates (@JenniferPilates):

#FridayFeeling ‚ÄúAsk for what you want and be prepared to get it!‚Äù -‚Ä¶ https://t.co/orjQendj18"
2018-03-24 17:23:29,"@HipeTheNomad x @MajinMonsuta - ""Like a Marley"" üî•üî• [Reupload]

If you haven't listened to it already, THEN CLICK HE‚Ä¶ https://t.co/bAVEVVEU3x"
2018-03-24 17:23:22,"#FridayFeeling @VictorMDuenas97 with get_repost
„Éª„Éª„Éª
Proud of my city. Ready to #SaturdayMorning‚Ä¶ https://t.co/MnUIUB5NOQ"
2018-03-24 17:16:26,https://t.co/XPqGgFlU38 #hungover #FridayFeeling #SaturdayMorning #goodmorning #allblack with my nigga @mazd3c #love #SupportLocal #music
2018-03-24 16:53:33,"Travel is the movement of people between relatively distant geographical locations, and can involve travel by foot,‚Ä¶ https://t.co/UUrjJwzNfC"
2018-03-24 16:52:08,"You are braver than you believe!!!
#Entrepreneur #Startup #Success #MakeYourOwnLane #defstar5 #mpgvip #motivation‚Ä¶ https://t.co/g0jT4fDYC6"
2018-03-24 16:51:13,#FridayFeeling for your soul https://t.co/arEGKtmmGQ Ravishing #Rachmaninoff https://t.co/xsPvmN20sZ
2018-03-24 16:41:12,Happy Friday üíö Strain: #Fire OGüî•üî•  College is crazy busy do you go to school still ? #medicalmarijuana #marijuana‚Ä¶ https://t.co/8SJL7kiwMg
2018-03-24 16:40:07,@mirtaimperatori @windowgatribble @GeoffAlexander1 @cynthia_lardner @ShiCooks @ledrew @MariaSherow @Yamashin_76‚Ä¶ https://t.co/SySLC3mbmX
2018-03-24 16:39:35,The latest Aw Yeah News!! https://t.co/ASicJgGf3p Thanks to @Doncates #fridayfeeling
2018-03-24 16:35:20,When it's Friday.... #TGIF #FridayFeeling https://t.co/86iK0ZqY4X
2018-03-24 16:25:10,"Reposting @egtours: - via @Crowdfire 
Take an #egtgolftour  To #italy #italia #cinqueterre #nature‚Ä¶ https://t.co/B2hpv0OPNm"
2018-03-24 16:22:55,"TO ALL THE STUDENTS GIVING EXAMS...

#PersonalizedAvatars #AnimatedAvatars #AppsForFun #Xpresso #ExamTime #BestWishes #Exam #FridayFeeling"
2018-03-24 16:18:39,today's edition of unit+ is out now! https://t.co/OfrsHnOPpm #fridayfeeling
2018-03-24 16:18:33,#FridayFeeling still Trending on a Saturday?
2018-03-24 16:16:08,"#FridayFeeling #Adobe - Express your creativity! 

PHOTOGRAPHY AND VIDEO WORKSHOPS AT THE LAB AND THE STUDIO

Click‚Ä¶ https://t.co/V4KDtvpkAf"
2018-03-24 16:16:02,@feelflawlessuk with my Mum #beauty #giveaway #FridayFeeling #tgif #FridayMotivation
2018-03-24 16:12:30,The latest The AtlantaTastemaker Daily! https://t.co/hQSuBFQTIC #rhonj #fridayfeeling
2018-03-24 16:08:32,@NRA need disbanding! #MarchForOurLives #FridayFeeling #booksnotbullets https://t.co/By1F1sXLgL
2018-03-24 16:04:56,The Daily BITUB: Daily BITUB- ‚ÄúInvest‚Äù https://t.co/f3Vq5rJLM6  #Believe #BITUB #blog #invest #development #faith #fridayfeeling
2018-03-24 16:02:01,"üì∏: @ruhee_

I've missed the last few @shrinehouse gigs and playing to this sold out crowd at the Dakota Tavern last‚Ä¶ https://t.co/BXaD57a2vE"
2018-03-24 16:00:02,New video! Jack and Bo Peep are making pie! #FridayFeeling #JackandJill https://t.co/S0e3KBhQcG https://t.co/9MwZhkCNfq
2018-03-24 15:58:25,@MickeyFinnLqr #fridayfeeling tagging @kelcig69
2018-03-24 15:53:15,What's your karaoke classic? #karaokenight #fridayfeeling #partystarter #punny https://t.co/8MJ2cnpjSK
2018-03-24 15:52:15,This group shot for the midnight moon tonight... And definitely made it! üåô Happy #FridayFeeling! https://t.co/E0ynBKkcfn
2018-03-24 15:39:38,"Reposting @egtours: - via @Crowdfire 
Have we told you about the picture-perfect flora and fauna in Dominican Repub‚Ä¶ https://t.co/aoIW9rR0tG"
2018-03-24 15:32:45,The latest The Animal Advocacy Daily! https://t.co/0W9Irr1CVh #nationalpuppyday #fridayfeeling
2018-03-24 15:31:34,"Reposting @egtours: - via @Crowdfire 
#nature #naturephotography #travel #travelblogger #travelphotography‚Ä¶ https://t.co/YdrDSCP05P"
2018-03-24 15:27:59,"Reposting @egtours: - via @Crowdfire 
#puglia #italy #italytrip #italiangirl #italia #italianfood #foodie #wine‚Ä¶ https://t.co/zI0aL1qq7W"
2018-03-24 15:25:54,It's a new blockchain project with new idea. See more on follow post üöÄüöÄüöÄ#PersonalizedAvatars #AnimatedAvatars‚Ä¶ https://t.co/XbpoAjPOQJ
2018-03-24 15:22:38,"Reposting @egtours: - via @Crowdfire 
Take an #egtgolftour  to #portugal #portugal_lovers #portuguese #travel‚Ä¶ https://t.co/uQ0CDsOJTo"
2018-03-24 15:22:38,@HollandsPies Yummy #FridayFeeling
2018-03-24 15:22:05,"Reposting @egtours: - via @Crowdfire 
Take an #egtgolftour  to #portugal #portugal_lovers #portuguese #travel‚Ä¶ https://t.co/BaPJEJtvzx"
2018-03-24 15:14:18,"Hello my Sunny Spring lovers, how are you todayüòú
Do you know what's better than #fridayfeelingü§ó
Well --&gt;‚Ä¶ https://t.co/AQiH0JZKmw"
2018-03-24 14:58:30,We were at the tattoo parlor for more than seven hours! The pain was delicious. Though by the latter end I was read‚Ä¶ https://t.co/oyNFO2KtXF
2018-03-24 14:54:08,Unhappy family #daengplay #KataGue #SAvAUS #DeleteFacebook #SaturdayMorning #BM100 #MarchForOurLivesdc‚Ä¶ https://t.co/GyAkXRsS9m
2018-03-24 14:50:12,"#FridayFeeling 12 pieces of my #artwork delivered to Hale, Macclesfield ready for #NewBeginings #gallery #exhibition https://t.co/rpEtuvfj11"
2018-03-24 14:47:00,"#DoUKnow #Emoji #Facts
https://t.co/BETRqXPHAE

THE SONG OF BHARAT TOMORROW
#FridayFeeling #SaturdayMotivation‚Ä¶ https://t.co/U7hJ08C5Ae"
2018-03-24 14:39:47,mood all weekend #FridayFeeling https://t.co/xUh4GKEPUC
2018-03-24 14:30:08,Let‚Äôs crush the day: üî• Repeat After Me: üôè True Wealth is Living the Dream üôå #WealthManagement #lbloggers‚Ä¶ https://t.co/CCZsBPG7RY
2018-03-24 14:24:55,"With a wide array of animations and avatars to choose from that are fully customizable, messaging will never be the‚Ä¶ https://t.co/cd5jYEOSut"
2018-03-24 14:24:52,"The #Facts that you Know
THE SONG OF BHARAT TOMORROW

#FridayFeeling #SaturdayMotivation #saturdaynight #amazing‚Ä¶ https://t.co/f0dHD1UbXN"
2018-03-24 14:22:15,@Shade_Group @GUESS #FreebieFriday  #FridayFeeling these watches look stunning x  #win
2018-03-24 14:17:50,"Retweeted Mozart Dee (@MuzicByMozart):

Happy #FridayFeeling #Mozartists! Come see me perform my #NewMusic at‚Ä¶ https://t.co/hOdCKKeyXu"
2018-03-24 14:14:17,So I forgot what a hangover feels like. I remember I hate it. #FridayFeeling #HungOver #WAKEEMUP #SaturdayRegrets
2018-03-24 14:12:03,#flashbackfriday to last fall in #birdneckpoint #fridayfeeling #virginiabeachrealestate #vabeach #virginiabeach #75‚Ä¶ https://t.co/oLm3PpapQe
2018-03-24 14:09:40,"Today, people that are completely ignorant of the #Constitution and the history behind the #2ndAmendment will rally‚Ä¶ https://t.co/6cG0h1JNzB"
2018-03-24 14:06:11,10 Terrific Perks Guests Enjoy When Staying At A Walt Disney World Resort #DisneyWorld #vacation #traveltips‚Ä¶ https://t.co/soM0bBsRKV
2018-03-24 14:04:41,"@SpongeCakesLtd What a fantastic CAKE , #FreebieFriday #FridayFeeling #EasterCake #giveaway üç∞üç∞ https://t.co/yEg5vkoPDx"
2018-03-24 14:01:12,"Little is needed for a happy life
all is within your fluff and meows
#fridayfeeling
https://t.co/wEAAKXuw2q
https://t.co/Ly3PUqMatq"
2018-03-24 14:00:25,"Protect your websites,landing pages,blogs,leads and digital content from HACKERS! Our cutting edge 2018 software pr‚Ä¶ https://t.co/knD13gtIAF"
2018-03-24 14:00:16,"The Golden Ratio: How to Successfully Make Time for Friends, Family and Work Every Single Week‚Ä¶ https://t.co/aeIPJpRtnX"
2018-03-24 13:52:31,@MickeyFinnLqr #FridayFeeling What a great way to celebrate especially with my besties @butterflytails and hayleymulgrove7
2018-03-24 13:45:42,"TO ALL THE STUDENTS GIVING EXAMS...

#PersonalizedAvatars #AnimatedAvatars #AppsForFun #Xpresso #ExamTime #BestWishes #Exam #FridayFeeling"
2018-03-24 13:45:24,"Nets may refer to: Nets Group, a Danish/Norwegian electronic payment services company; Brooklyn Nets, an NBA basket‚Ä¶ https://t.co/X9u4oiNFOT"
2018-03-24 13:45:11,Loneliness adds beauty to life. It puts a special burn on sunsets and makes night air smell better.‚Ä¶ https://t.co/VWXTbca9Wf
2018-03-24 13:44:21,"Click here:::  https://t.co/mqyJyPVlme
Our New Exclusive Design for
#HappyEaster #Book #Prayer #James #Common‚Ä¶ https://t.co/10E4e5yUC8"
2018-03-24 13:44:19,"Duck is the common name for a large number of species in the waterfowl family Anatidae, which also includes swans a‚Ä¶ https://t.co/KoK0xJpPeU"
2018-03-24 13:44:02,"Click here:::  https://t.co/mqyJyPVlme
Our New Exclusive Design for
#HappyEaster #Book #Prayer #James #Common‚Ä¶ https://t.co/VpDeH1rOqh"
2018-03-24 13:43:54,"Click here:::  https://t.co/mqyJyPVlme
Our New Exclusive Design for
#HappyEaster #Book #Prayer #James #Common‚Ä¶ https://t.co/JAMv5V29HU"
2018-03-24 13:43:39,"Click here:::  https://t.co/mqyJyPVlme
Our New Exclusive Design for
#HappyEaster #Book #Prayer #James #Common‚Ä¶ https://t.co/AWMbT6goqe"
2018-03-24 13:43:27,"sunshine list is a listing of salary, benefit and severance information. In Canada, the list is commonly used for e‚Ä¶ https://t.co/gQWPYuaO4F"
2018-03-24 13:43:27,The latest Hot Off The Press...! https://t.co/r4Fw7wsUIA Thanks to @HealthwatchE #fridayfeeling
2018-03-24 13:43:27,"Click here:::  https://t.co/mqyJyPVlme
Our New Exclusive Design for
#HappyEaster #Book #Prayer #James #Common‚Ä¶ https://t.co/6zniyaDv1Y"
2018-03-24 13:42:58,"Click here:::  https://t.co/mqyJyPVlme
Our New Exclusive Design for
#HappyEaster #Book #Prayer #James #Common‚Ä¶ https://t.co/MuDAlUSVy7"
2018-03-24 13:41:25,"Click here:::  https://t.co/mqyJyPVlme
Our New Exclusive Design for
#HappyEaster #Book #Prayer #James #Common‚Ä¶ https://t.co/EQB41dB2VQ"
2018-03-24 13:34:45,The latest The Humor Daily! https://t.co/d6ok1Neiec #humor #fridayfeeling
2018-03-24 13:34:39,That #fridayfeeling #bollyfusion #fizzbar ... be ready ! https://t.co/k6KFocSy8P
2018-03-24 13:32:01,"Elizabeth Evans May OC MP (born June 9, 1954) is an American-born Canadian politician. May is leader of the Green P‚Ä¶ https://t.co/1YOwXQJ2hz"
2018-03-24 13:29:44,@suziday123 @GrnLakeGirl ‚ÄúYou know you're in love when you can't fall asleep because reality is finally better than‚Ä¶ https://t.co/EEvjtw3J1n
2018-03-24 13:29:18,World Water Day is an annual observance day on 22 March to highlight the importance of freshwater. It is also used‚Ä¶ https://t.co/oKg7XHdrmL
2018-03-24 13:26:11,The latest The Healthcare Share! https://t.co/6qaROURJAA #fridayfeeling
2018-03-24 13:25:48,"The March For Our Lives is a planned demonstration, scheduled to take place on March 24, 2018, in Washington, D.C.‚Ä¶ https://t.co/Re7hYp9954"
2018-03-24 13:25:35,We love our customers ...and they love us too! We would love to help you better manage your #nonprofit #church‚Ä¶ https://t.co/yKN21ONzpP
2018-03-24 13:24:03,Celebrated March 23rd annually to celebrate puppies and promote adoption; https://t.co/04xIOHz59A #FridayFeeling‚Ä¶ https://t.co/tjc3jLF1wg
2018-03-24 13:22:03,Had such a great time last night!!!! Great people. Great food. Barrels of laughter!!!! My type on night!!!‚Ä¶ https://t.co/MVnn1bHtBx
2018-03-24 13:06:25,"@TEGmagazine WOW what a super fab prize, thanks for the chance would love to b eyour lucky winner. #competition‚Ä¶ https://t.co/FRxiGABpQM"
2018-03-24 13:03:09,"Judicial Appointments Bill: It's illegal to use a legal name. #LegalFact

#BCCRSS: https://t.co/mybpusVM1G

Ann Lov‚Ä¶ https://t.co/SQEW4oriVX"
2018-03-24 13:01:44,"What an wonder , we celebrate a day for disease 

""World TB Day""

We celebrate because corporate celebrates after c‚Ä¶ https://t.co/zRuwWDAgSQ"
2018-03-24 13:01:38,"‚íà #MarchForOurLives
‚íâ Arnaud Beltrame
‚íä #bm100
‚íã #NationalPuppyDay
‚íå #JUNOS
‚íç #FridayFeeling
‚íé Elizabeth May
‚íè Suns‚Ä¶ https://t.co/qBvJfeh6fF"
2018-03-24 12:58:27,"üòé Trying to act all #chic and #cool üòÇüòÅ
https://t.co/HfdiHSrNx2
.
#style #fashion #newbie #Clothing #oops #ootd‚Ä¶ https://t.co/xPmhRfq9eW"
2018-03-24 12:56:44,The latest The JudgeService Daily! https://t.co/kYFrZ9kErJ Thanks to @Prestonwendyp @LookersGroup @Hills_Ford #bmw #fridayfeeling
2018-03-24 12:55:19,SEAFOOD: https://t.co/LgKSjz3uSu üî• #YouTube #eatingshow #mukbang #Playlist üç¥ #Watch #Like #Subscribe üò∂üëçüîî‚Ä¶ https://t.co/sEk2H8iruQ
2018-03-24 12:55:12,"""Behavorial microtargeting with psychographic messaging""???
#FridayFeeling #ImpeachTrump
#dumptrump

https://t.co/D9M8hZa8ux"
2018-03-24 12:54:20,"@SpongeCakesLtd YUM YUM What a Choctastic prize, thanks for the chance would love to be your lucky winner and treat‚Ä¶ https://t.co/0pe22lcenb"
2018-03-24 12:41:57,"Control4 Smart Home Automation Solution
Automate  your home for a smarter living experience! To get a quote please‚Ä¶ https://t.co/qB19bCysU2"
2018-03-24 12:32:05,@SpongeCakesLtd #FreebieFriday #FridayFeeling #Easter #EasterCake #Competition #Win #Giveaway Retweet done. Many th‚Ä¶ https://t.co/V1j2MFbBwA
2018-03-24 12:30:19,"Laze in and invest online on https://t.co/engv7BrVrM!

#FridayFeeling https://t.co/kupc9A2X1t"
2018-03-24 12:27:22,"@RaffleaBag Would love to #Win thisfor the wife üíñü§û
#women #giveaway #fashion #asos #freegiveaway #competition‚Ä¶ https://t.co/pMWn8c5tMD"
2018-03-24 12:26:03,"""I dislike having my work categorized &amp; labeled. I create the work that feels the most compelling to me at the time‚Ä¶ https://t.co/3qwPeXRZTK"
2018-03-24 12:23:47,"Retweeted Absolute Radio (@absoluteradio):

Your night out, as summarised by @acdc...
#FridayFeeling‚Ä¶ https://t.co/tXfGyKQKvo"
2018-03-24 12:22:20,"‚íà #MarchForOurLives
‚íâ Arnaud Beltrame
‚íä #NationalPuppyDay
‚íã #JUNOS
‚íå #FridayFeeling
‚íç #BeingAnAdultIn4Words
‚íé Eliza‚Ä¶ https://t.co/sqXWp4BXz4"
2018-03-24 12:22:02,@Shade_Group @GUESS Fantastic #Competition following and retweeted thanks for the chance to #win #FreebieFriday #FridayFeeling
2018-03-24 12:13:27,The MIAMI Sound Daily is out! https://t.co/C9LKaNklg9 #fridayfeeling #theresistance
2018-03-24 12:09:16,"MEET SCOTT MEYERS THE NATIONS LEADING EXPERT IN SELF STORAGE ... @SelfStorageGuy 

‚òÜ EXPERT BIO HERE ‚òÜ‚Ä¶ https://t.co/jtrV7fNPI4"
2018-03-24 12:06:52,Must Watch‚¨áÔ∏è Late night Show with Trump! The night Stephen Colbert got TRUMPED. #FridayFeeling #SaturdayMorning‚Ä¶ https://t.co/CsfE5lQHEL
2018-03-24 12:06:14,"I put toothpaste into laundry machine by accident. It was of course not in purpose.
But I got my father‚Äôs anger . I‚Ä¶ https://t.co/Yq1HSpKwcW"
2018-03-24 12:01:34,"‚íà #MarchForOurLives
‚íâ #NationalPuppyDay
‚íä #JUNOS
‚íã #FridayFeeling
‚íå #BeingAnAdultIn4Words
‚íç Elizabeth May
‚íé Sunshin‚Ä¶ https://t.co/JOzOYYaJ29"
2018-03-24 11:57:22,@DirectaUK Lovely giveaway #FridayFeeling
2018-03-24 11:52:03,"#ÿπŸÇŸÑÿßŸÜŸäŸàŸÜ
#wwe
#wwe
#TheWalkingDead
#wwe
My Great Love for #Jesus Led Me to #Islam

""Simon Alfredo Caraballo""
üëáüèæ‚Ä¶ https://t.co/eb6Px87N0u"
2018-03-24 11:51:05,"Reposting @adamidrismusic:
Baby since day one ‚ù§üíõ Against the world üåç‚ù§ #lovers #bae #respect #poems #music #couplego‚Ä¶ https://t.co/wFDgm9gN2d"
2018-03-24 11:50:09,@SnoBallBattle I would love to #win for all my grandchildren your Easter Chocolate bundle #FridayFeeling #Competition
2018-03-24 11:47:18,A day without laughter is a day wasted. - Charlie Chaplin #FridayFeeling https://t.co/UPm6f4ISTO
2018-03-24 11:45:00,"This will brand your products, packages, mailings and more. https://t.co/ZJct8EFrTi #marketing #FridayFeeling #tradeshow"
2018-03-24 11:40:50,The latest The Celebrity Cancer Dish Daily! https://t.co/E0YBuoIeZn #fridayfeeling
2018-03-24 11:40:49,The latest The Humor Daily! https://t.co/0zFsxzGWhe #fridayfeeling
2018-03-24 11:40:10,"‚íà #MarchForOurLives
‚íâ #NationalPuppyDay
‚íä #JUNOS
‚íã #FridayFeeling
‚íå #BeingAnAdultIn4Words
‚íç Elizabeth May
‚íé Sunshin‚Ä¶ https://t.co/41XA2rCQxz"
2018-03-24 11:39:41,#FridayFeeling ..... I made these kids paint Easter eggs... and I think they liked it  üê£ https://t.co/LYs8HOzZr6
2018-03-24 11:38:33,@blueprintceram I have all the feels for this  #FridayFeeling #fridayfreebie üíûHope I am lucky! ü§ûüèª@Graham007LYNDA @ccmredditch @madnan21
2018-03-24 11:32:06,May you have a refreshing afternoon.  https://t.co/FP9I9ATiZ5 #goodafternoon #FridayFeeling #GreetingCards https://t.co/u1DipCQRnE
2018-03-24 11:31:11,@SpongeCakesLtd I have all the feels for this  #FridayFeeling #fridayfreebie üíûHope I am lucky! ü§ûüèª@Graham007LYNDA @ccmredditch @madnan21
2018-03-24 11:24:57,Thanks Steve and everyone  #HappyWeekend #FridayFeeling #BeHappy #InternationalHappinessDay #Youtuber‚Ä¶ https://t.co/PtIQJ1xsO4
2018-03-24 11:23:02,"Spring holidays to book now: the best destinations for March, April and May https://t.co/O616UIUMCo #travel‚Ä¶ https://t.co/pxVVScnJip"
2018-03-24 11:20:24,So proud. Bron n Flo in more dances than i can count! Awesome evening.     #FridayFeeling #KeepDancing‚Ä¶ https://t.co/GUlEHg9DT0
2018-03-24 11:15:04,"I'm feeling good. .#FridayFeeling@ask_sopit#instaSopit
Get free Vlog here: https://t.co/rMNbxLrfn2 https://t.co/yjWZokIQXo"
2018-03-24 11:12:00,"Help spread the joy with Kinder Joy - the perfect treat this #weekend.
#FridayFeeling https://t.co/UHbsFTEUwp"
2018-03-24 11:08:02,"üá∫üá∏üî•üê∏ Become a real man already. Buy our stuff.  #DeleteCalifornia #FridayFeeling #NoCucks
https://t.co/qHEFGzc7As https://t.co/EdEIYSe1fw"
2018-03-24 11:05:31,"Live on my YouTube channel 
Link: https://t.co/hFhA17GM4w
#ifb #follow #follow for follow #like forfolow‚Ä¶ https://t.co/k86TFBh0ap"
2018-03-24 11:03:47,@NotebookloveHQ I have all the feels for this  #FridayFeeling #fridayfreebie üíûHope I am lucky! ü§ûüèª@Graham007LYNDA @ccmredditch @madnan21
2018-03-24 11:01:59,@RealCrackling I have all the feels for this  #FridayFeeling #fridayfreebie üíûHope I am lucky! ü§ûüèª@Graham007LYNDA @ccmredditch @madnan21
2018-03-24 11:00:50,"Do it for yourself, noone else. #motivation #fridayfeeling #artofwithin #doitforyou https://t.co/VkSdQhHWNS"
2018-03-24 11:00:43,"Can‚Äôt stop watching. Just imagine how this will look, after we develop it some more, by the end of #PolarWeek !!!‚Ä¶ https://t.co/0EPianxbI2"
2018-03-24 11:00:05,If CORE is to just as well have black actually the white man because it's time ago. #FridayFeeling
2018-03-24 10:58:41,@reflexcreative I have all the feels for this  #FridayFeeling #fridayfreebie üíûHope I am lucky! ü§ûüèª@Graham007LYNDA @ccmredditch @madnan21
2018-03-24 10:50:11,This is now the midst of you convicteth me of sin? #FridayFeeling
2018-03-24 10:49:09,"Done Another Successful Project 
Check Out my Profile from fiverr
 https://t.co/imqiJZz4fj
#Fiverr Rocks‚Ä¶ https://t.co/akTgA6spOB"
2018-03-24 10:43:32,The latest Working mums! https://t.co/5fjTXQ5I1S #fridayfeeling #lovemnc
2018-03-24 10:42:50,Feel just like this on Fridays. Purrrrfect!!! #FridayFeeling https://t.co/9oyExHCFcB
2018-03-24 10:41:00,@McCainUK The weekend starts here! #FridayFeeling https://t.co/gR8wMVybSz
2018-03-24 10:35:57,"Are you #looking for #Gift_Vouchers, #Gift_Certificate &amp; #Coupon_Cards  Design
Contact with me
My #Fiverr_gigs link‚Ä¶ https://t.co/1lHlvLbUIb"
2018-03-24 10:33:45,"@phil_petty @LindaPar0380 @MAGA4TRUMP2020 @1776Stonewall @lorie_tuttle SWAMP RATS EXIT!!! 
#DrainTheSwamp‚Ä¶ https://t.co/HeEozLuQOI"
2018-03-24 10:30:18,WOWZA!! Guess what? The website added new features and stuff üèπ this is evvvvvverything ü¶ãmuch love #FridayFeeling üòåo‚Ä¶ https://t.co/OwIHnn2cQ5
2018-03-24 10:30:10,#FridayFeeling https://t.co/rki7PPm5b5 #forex managed accounts #fx trading #InvestmentPlan #stocks #profit #fb‚Ä¶ https://t.co/U1r5ZTwYMb
2018-03-24 10:24:44,The latest The Food Daily! https://t.co/48VwNlTlKR #fridayfeeling
2018-03-24 10:20:05,@MAGA4TRUMP2020 @whiteshot @1776Stonewall @lorie_tuttle #FridayFeeling mighty Low  #OmnibusBill #omnibust...‚Ä¶ https://t.co/oAi3sCS52E
2018-03-24 10:16:45,Fantastic exhibition in the wonderful @FolkestoneMus by @KPamplinBrowne and guests. Don‚Äôt forget to take your ‚Äòfoun‚Ä¶ https://t.co/82HnKBFtfy
2018-03-24 10:09:37,"What were these cheeky 3 up to last night in acro classes! 
Hahaha
#acrobatics #danceschool #essex #fundraiser‚Ä¶ https://t.co/AXVhGJHb2a"
2018-03-24 10:03:37,"Utterly horrifying': ex-#Facebook insider says covert data harvesting was routine
#Obama #FridayFeeling #DemExit‚Ä¶ https://t.co/0LixwPwf3k"
2018-03-24 10:00:18,"https://t.co/sgAbmvBV0K   
https://t.co/bQSNoNfDYu &lt;&lt;&lt;
I dont drink or get high at all
#BeingAnAdultIn4Words &gt; I'm‚Ä¶ https://t.co/TayC5VSwMs"
2018-03-24 10:00:18,"#livepdnation                                            
  #whatilearnedfromcomedians‚Ä¶ https://t.co/ud7GLUBp7z"
2018-03-24 10:00:12,Undoubtedly Saint-Just refused to freedom. #FridayFeeling
2018-03-24 09:58:19,"This is a big deal, here, and it's completely flying under the radar while we all focus on Trump's latest Twitter d‚Ä¶ https://t.co/3Gn5agQtHJ"
2018-03-24 09:57:04,"My friend found $100 on the ground..‚Ä¶‚Ä¶‚Ä¶‚Ä¶
So we liquidated the asset. ü•É 
#dramgram #whiskey #whisky #whiskybar‚Ä¶ https://t.co/SRVxL9haQx"
2018-03-24 09:53:48,The latest ITG Gaming ¬Æ! https://t.co/Hyx3qGA46I #fridayfeeling #geresp
2018-03-24 09:53:46,"This Big Data Marketing Firm Claims To Have A Perfect Track Record In Winning Elections
#FridayFeeling #DemExit‚Ä¶ https://t.co/7QfUK5asON"
2018-03-24 09:51:45,"What do you call a dictionary tripping on drugs?

High-Definition Addictionary!

#fridayfeeling"
2018-03-24 09:49:28,"Hey guys...To get custom T-shirt design visit my site: https://t.co/xqDsN0K1D0

#livepdnation‚Ä¶ https://t.co/kw0odu2iac"
2018-03-24 09:48:50,"Friended: How the Barack #Obama Campaign Connected with Young Voters
#FridayFeeling #DemExit #BlackTwitter‚Ä¶ https://t.co/8hfo8oAgKk"
2018-03-24 09:47:16,The Humor Daily !! https://t.co/AuHv8tLYVX #humor #fridayfeeling
2018-03-24 09:46:14,#erykahbadu in the sugar club... giving @Pharrell a run for his money with that amazing hat!  #soul #hiphop‚Ä¶ https://t.co/rH2TbL2gBu
2018-03-24 09:44:46,Happy #FridayFeeling to you üòä @recps4everysoul
2018-03-24 09:43:29,The latest Hot Off The Press...! https://t.co/r4Fw7wsUIA #carers #fridayfeeling
2018-03-24 09:38:29,"It's time for the weekend üòù
#ChrisEvans #pandas #panda #AvengersInfinityWar #CaptainAmerica¬† #funny #cute‚Ä¶ https://t.co/pXTwmJv9Xa"
2018-03-24 09:37:40,"@MarupMeratul Hello There, Are You Looking #postcard , #BusinessCard or any Print Design for your company?Please Co‚Ä¶ https://t.co/13Q3Oocs1d"
2018-03-24 09:37:39,@ChelseaFC My panties are soaked! Happy #FridayFeeling
2018-03-24 09:36:47,Last night we were out @TigersMilkZA in @Cedarsquare1 always love the vibe there. #nightout #FridayFeeling
2018-03-24 09:35:18,"Hello There, Are You Looking #postcard , #BusinessCard or any Print Design for your company?Please Contact Me On  F‚Ä¶ https://t.co/aouRyp9nrO"
2018-03-24 09:34:15,"Stop rodeo cruelty ! 
https://t.co/9k6VAefVbM
#cattle #BanTrophyHunting #Chiillwack #FridayFeeling"
2018-03-24 09:33:50,"Missing your ex is a sign that you not strong enough to move on! 
#ThinkBIGSundayWithMarsha‚Ä¶ https://t.co/8xdpdaTDt5"
2018-03-24 09:33:34,"@RealCrackling Get that #FridayFeeling with our #FreebieFriday!

Just RETWEET and FOLLOW our page to enter our Jala‚Ä¶ https://t.co/M07tm4Msd0"
2018-03-24 09:33:20,How The Super-Rich Think to Avoid 7 Main Impoverishing Causes:     https://t.co/OO3wO8ITM4 #SaturdayMorning‚Ä¶ https://t.co/0VTLppXUHq
2018-03-24 09:25:53,"@redcandyuk @umbra_ltd What a unique looking clock, count me in please! #competition #fridayfeeling"
2018-03-24 09:25:37,"Well last night we saved Christmas, then went to celebrate the fact that we saved Christmas. Absolutely brilliant‚Ä¶ https://t.co/4YXE2TWnMi"
2018-03-24 09:19:51,you‚Äôre too late fellas  #FridayFeeling
2018-03-24 09:18:05,"I am an adult #BeingAnAdultIn4Words
Visit the link for the best erotic spa experience: https://t.co/hmwDFbxJbb‚Ä¶ https://t.co/bH0lbnhugp"
2018-03-24 09:16:50,"I am an adult #BeingAnAdultIn4Words
Visit the link for the best erotic spa experience: https://t.co/hmwDFbxJbb‚Ä¶ https://t.co/OY5ayXYweo"
2018-03-24 09:14:35,"Rolling into the weekend like...
#DJ #Friyay #GoodVibes #FridayFeeling https://t.co/fnyhv9L0BQ"
2018-03-24 09:08:30,#FridayFeeling I got my twitter night mode back and I am so happy! To celebrate I will share one of my favorite rea‚Ä¶ https://t.co/L1wBEQIzYC
2018-03-24 08:58:50,The voices of ancient women https://t.co/sb83RohgkG  @BLMedieval #fridayfeeling
2018-03-24 08:50:25,"As Jones pointed out, Freud was pained when she did not lose the man, if he was the right man. #FridayFeeling"
2018-03-24 08:43:32,"You ever have a bad day and lose maybe 50 bucks?

BBC: ""The week #Facebook's value plunged $58 billion.""  #FridayFeeling"
2018-03-24 08:42:59,What is the purpose of love? #FridayFeeling
2018-03-24 08:42:31,"#FridayFeeling
#SpiritualLeader_SaintRampalji
There is only an single relationship in life which is strong and secu‚Ä¶ https://t.co/V92d6jpFPJ"
2018-03-24 08:42:07,"Our weight loss plan, which has been downloaded more than 4 million times, is designed to help you lose weight safe‚Ä¶ https://t.co/MPaEazFTwM"
2018-03-24 08:41:35,"@HARRISONCAMERAS @dorrfotouk #FreebieFriday #FridayFeeling .. Ohh, this would be nice. üòÅ"
2018-03-24 08:40:04,"""Nothing good happens after 2:00 am"" #FridayFeeling"
2018-03-24 08:39:46,"#FridayFeeling
Younger people never believe that one day they are actually going to get old.
Without True worship t‚Ä¶ https://t.co/9xzlVBSMdN"
2018-03-24 08:39:24,The latest Whilton &amp; Buckby Locks Warbler! https://t.co/xag05y8PCV #fridayfeeling
2018-03-24 08:35:10,Amare Et Mortem (2018) - Hannah Speaks Scene (1/10) | MFTB https://t.co/TStBAt1TyP #SaturdayMotivation‚Ä¶ https://t.co/5IIyBOGEdQ
2018-03-24 08:34:30,"Catch the latest episode of #TheCoinChat
#Spotify: https://t.co/8uod1dJTNq 
Ep 18
YouTube influencer @CryptoRichYT‚Ä¶ https://t.co/3kTMcnpHWQ"
2018-03-24 08:34:11,"The vile face of a Cop Killer!
#weekend #FridayFeeling https://t.co/gNJpcxen29"
2018-03-24 08:33:54,Amateur babe showing off üòç #1DDrive #FridayFeeling #weekend https://t.co/E18qiotMjE
2018-03-24 08:32:57,#DOJ says AG #Lynch used alias to conduct official #business to protect security privacy  https://t.co/RCe1lmcxRE #fb #FridayFeeling
2018-03-24 08:30:39,Ed Sheeran üé∏ #fridayfeeling #brunomars https://t.co/5eJbH9fCZc
2018-03-24 08:30:17,"Successes come after their disappointments. 
#FridayFeeling #FridayMotivation #positivemind #Motivational #Thoughts‚Ä¶ https://t.co/4naIacIExC"
2018-03-24 08:30:02,Need #weekend plans? Head out on one of these walking routes...https://t.co/eptdvlxdjI #FridayFeeling
2018-03-24 08:26:55,"I #got7 likes from  special person who holds a special place in my heart its not 
#FridayFeeling its I love you sab‚Ä¶ https://t.co/FyR941Egin"
2018-03-24 08:26:00,"Retweeted Kents Cavern Caves (@Kents_Cavern):

We're just 1 follower away from 7,000! To celebrate we'll be giving‚Ä¶ https://t.co/0r2qMmH8NY"
2018-03-24 08:24:54,@TheEsselWorld @india4contests @contestboard @contestindia123 @contestindia Already participated team #FridayFeeling #Friyay #TGILongWeekend
2018-03-24 08:16:40,From the early ages we've been exposed to shameless advertisement of fake beauty and happiness. All around us we've‚Ä¶ https://t.co/emsnmmbEGx
2018-03-24 08:12:38,The latest The Rural Gardener Daily! https://t.co/kUmQ7hnnCK #bbcgwlive #fridayfeeling
2018-03-24 08:10:18,"Really enjoyed #LoveSimon. Funny, heartwarming, and moving story. Thank you to all involved for bringing it to to t‚Ä¶ https://t.co/308nFQmJt2"
2018-03-24 08:09:55,"I love how my #FridayFeeling has changed so drastically. Where I used to ask, ""What should I drink?"" Or ""Where shou‚Ä¶ https://t.co/2OKxfqrIE5"
2018-03-24 08:08:21,"""I know the voices ain't real, but man do they come up with some crazzzzzzy good ideas üòÆüòÖüòÇü§£üòãüòÑüòçüòò‚ô¶Ô∏è‚ô¶Ô∏è‚ô¶Ô∏èüòÅ""

Have a kic‚Ä¶ https://t.co/e5ni3qELzI"
2018-03-24 08:01:03,"BEHIND THE DESIGN AIR MAX 1/97 SW - good luck copping everyone!!
https://t.co/Uk5HP2DZHA #nike #SeanWotherspoon‚Ä¶ https://t.co/rEh7151agD"
2018-03-24 08:01:01,"Takashi Murakami &amp; Virgil Abloh Come Together On New Artwork 
https://t.co/r1tNNibZyk #highsnobiety #virgilabloh‚Ä¶ https://t.co/YAbmQXkrho"
2018-03-24 08:00:37,BIG LOVE FROM ME TO YOU TODAY ‚ù§Ô∏è  üíó üíì üíï üíñ üíû üíò üíõ üíô üíú üíö üíù #FridayFeeling
2018-03-24 08:00:08,"Guys..
Time to put your feet up &amp; enjoy a well deserved weekend! #selfcare #switchoff #welldeserved #noguilt‚Ä¶ https://t.co/oRnHl4iLlz"
2018-03-24 07:59:53,"Sex &amp; The City with my mom and some wine was the perfect way to end this week üòÅüíû
#SexandTheCity #Wine #FridayFeeling"
2018-03-24 07:56:57,"How long is an ""era""? #FridayFeeling"
2018-03-24 07:55:33,#saturdaymotivation #teacher #primaryteacher #tes #numeracy #phonics  #SpringBreak2k18 #Easter2018 #crazy #saturday‚Ä¶ https://t.co/Lf1E8bC7Gt
2018-03-24 07:54:29,All smiles looking back at the #WinterOlympics &amp; #WinterParalympics medals that #TeamUSA won! üéâ #FridayFeeling‚Ä¶ https://t.co/SAWDvItPMB
2018-03-24 07:54:15,Ladies Dress Size 8 10 Stretch Party  Bodycon Wiggle Cocktail Pencil Rust https://t.co/obmKYV1N8X #NationalPuppyDay‚Ä¶ https://t.co/Sj0LS4JwDS
2018-03-24 07:54:11,#superfastmath #teacher #primaryteacher #tes #numeracy #timestables #SpringBreak2k18 #Easter2018 #crazy #saturday‚Ä¶ https://t.co/P9re2qzzZ2
2018-03-24 07:53:28,"Truth doesn't mean not lying it means being honest to your responsibility according to the situation! 
#amwriting #FridayFeeling #qoutes"
2018-03-24 07:52:45,"Uniquely you...

Read @ https://t.co/WSnNoX8hkC 

#SaturdayMotivation 
#FridayFeeling 
#spirituality
#wellbeing https://t.co/DzUWIu1iZX"
2018-03-24 07:50:32,Nodded out hard after 2nd late nightüèÉ‚Äç‚ôÇÔ∏è.‚ò∫I got my recovery drinks in 1st. When Netflix &amp; Chill is NOT on current m‚Ä¶ https://t.co/A4cUQJaE0d
2018-03-24 07:47:06,We might be late but this doesn't mean that we forgot about the #ShaheedDiwas or the sacrifices that #BhagatSingh‚Ä¶ https://t.co/G85fXShmtF
2018-03-24 07:43:57,"Relationship is like honey. Do not compare  with money. It is not a collection of art, it is  selection of hearts‚Ä¶ https://t.co/9np4DZdsJi"
2018-03-24 07:43:37,"Back to school 
&amp;
Just Streaming This Masterpiece Song 
Album 
Go Download amd streaming 

#FridayFeeling‚Ä¶ https://t.co/q4xDv8DNmx"
2018-03-24 07:41:45,@BPGAG @Pyr8Luv @eroticnotebook @EasthamEastham @kennedyvp1998 @sweetchorizo Hi B :) Happy weekend and hope it is N‚Ä¶ https://t.co/ZBhabwN7n4
2018-03-24 07:41:43,#ListenToThis: * Industry Standard's #NowPlaying on @Napster https://t.co/GmBpjryBlc #FridayFeeling #IndustrialStrategy
2018-03-24 07:37:23,"The vegan treat shop - #dairyfree #glutenfree #Baileys! Thank you.

#nononsense #nononsensenita‚Ä¶ https://t.co/mJ7oeQsAw2"
2018-03-24 07:32:03,"Best #Friday we've had in forever! Thanks @SplitsvilleANA &amp; you lovely ladies for the laughs, eats, bowling &amp; enter‚Ä¶ https://t.co/0AKtuqpkIR"
2018-03-24 07:31:10,"Live out the journey through time...

Read @ https://t.co/WSnNoX8hkC 

#FridayFeeling 
#SaturdayMotivation‚Ä¶ https://t.co/OQnXCeVjxp"
2018-03-24 07:28:54,The latest The Eye On Immingham Daily! https://t.co/h9RuKv2Zhe #gtfc #fridayfeeling
2018-03-24 07:24:50,"Hey guys i am back with a new video!
https://t.co/WQ87yF5YzE

Please go and check it out! 
#NewVideo #youtuber‚Ä¶ https://t.co/ZY2SpKvwGH"
2018-03-24 07:24:41,Today's issue of Funerals Today Magazine is out! #FuneralsToday #FuneralNews #Inspiration #Education https://t.co/XRNPRlb9OZ #fridayfeeling
2018-03-24 07:23:04,The latest The Southern Women Daily! https://t.co/uwHFgg8Wr4 Thanks to @SarahMosh @UnitedWayGRP @susie_hoss #malaysia #fridayfeeling
2018-03-24 07:22:48,Currently getting drunk. #FridayFeeling
2018-03-24 07:22:32,"‚íà #AusGP
‚íâ Stroll
‚íä Arnaud Beltrame
‚íã #BelieveInMcLaren
‚íå England in 2017
‚íç #LondonPeaks
‚íé #NationalPuppyDay
‚íè‚Ä¶ https://t.co/MYrsaX5brk"
2018-03-24 07:22:13,Smile....It's Friday... #FridayFeeling https://t.co/yWz0kro4qZ
