2018-03-24 11:25:16,Introducing #steak out #EVERY #Thursday  Starts April 5th 2 steaks all trimmings and a bottle of wine Â£25!!!!!!â€¦ https://t.co/EtGoMVPiPE
2018-03-23 22:49:31,"On SALE now!! Treat your self to wine racks, clocks, and more rustic home decor #ThursdayTreats #wineloverâ€¦ https://t.co/ilsEEw8qlq"
2018-03-23 22:46:47,"On SALE now!! Treat your self to wine racks, clocks, and more rustic home decor #ThursdayTreats #wineloverâ€¦ https://t.co/wuZUncvSya"
2018-03-23 22:46:00,"On SALE now!! Treat your self to wine racks, clocks, and more rustic home decor #ThursdayTreats #wineloverâ€¦ https://t.co/rXtv2D6XTc"
2018-03-23 22:45:30,"On SALE now!! Treat your self to wine racks, clocks, and more rustic home decor #ThursdayTreats #wineloverâ€¦ https://t.co/Z3hedxqG9u"
2018-03-23 22:44:04,"On SALE now!! Treat your self to wine racks, clocks, and more rustic home decor #ThursdayTreats #wineloverâ€¦ https://t.co/VJInUDsBEd"
2018-03-23 22:43:12,"On SALE now!! Treat your self to wine racks, clocks, and more rustic home decor #ThursdayTreats #wineloverâ€¦ https://t.co/oajabIqrGi"
2018-03-23 20:59:04,It's almost Friday... isn't that reason enough for a sweet treat? ğŸ˜‰ Try these bourbon-pecan tassies fromâ€¦ https://t.co/qzeA2J1mtd
2018-03-23 11:40:59,FISH &amp; CHIPS - Thursday 29th March during lunchtime! Place your orders with Charlotte Adams-Pape by Tuesday 27th Maâ€¦ https://t.co/zkmyZb3zvI
2018-03-23 05:06:17,#ThrowbackThursday #Follow @XxxJoslyn &amp; on #IG at therealjoslynjane #SnapChat at jjane416 #Tumblr officerjane buy sâ€¦ https://t.co/7c9hTPHESe
2018-03-23 03:45:24,"For once this week, I find myself relaxing, watching basketball and ordering pizza! #ThursdayTreats ğŸ˜‹"
2018-03-23 02:16:26,Shoutout to these lovelies for making career day that much more awesome! #organizer #nurse #lawyer #principal ...juâ€¦ https://t.co/4YlB8Q6h1h
2018-03-23 01:30:13,"#99c #ebook #kindledeals #amazondeal about an #intergalactic #crazyAlien story on #Earth and #space. 

Take theâ€¦ https://t.co/IKFqx97BOY"
2018-03-23 01:20:07,"More concept art from ""Thieves of Skyland"":) that I'm working on:) #ThursdayTreats  #comicbooks #GraphicNovelâ€¦ https://t.co/08An1hppKp"
2018-03-23 01:17:16,My non~political tweet of the day!!ğŸ˜‚  #ThursdayTreats https://t.co/uNE9TlbNcD
2018-03-23 00:53:44,KWings with my brother #kwings #kwingsphoto #ThursdayTreats https://t.co/SfaMJJxLyJ
2018-03-23 00:22:41,"#WINNING
#UraniumOne
#HillaryClinton
#HillaryForPrison
#ObamaCare
#Mueller
#ThursdayThoughts
#ThursdayTreats

Uraniâ€¦ https://t.co/ZWwmWEJlkO"
2018-03-23 00:20:50,"#UraniumOne
#HillaryClinton
#ThursdayThoughts
#ThursdayTreats
#thursdaynight
#ObamaKnew

WATCH=&gt; FBI Informant on Uâ€¦ https://t.co/HXIaWn33PI"
2018-03-23 00:15:28,@krassenstein @PrincessBravato I hope so!  #emoluments #TrumpRussiaCoverUp #TrumpTreason @realDonaldTrumpâ€¦ https://t.co/CsLmFfAX4T
2018-03-23 00:06:24,Appreciate the love every time #goodvibesonly #ThursdayTreats https://t.co/zAYGIu9uHo
2018-03-22 23:55:23,ESPN 2 showing Napoleon Dynamite versus Pedro Pascal in the cornhole championship #ThursdayTreats  #Historic #sports https://t.co/ktROB9qiLN
2018-03-22 23:40:00,Listen to #MichaelJackson speak of Love and Hope of the Family at Oxford Universtiy https://t.co/4EOc7RuNcuâ€¦ https://t.co/MbbaRQi2c9
2018-03-22 23:35:17,She did not wantnto build a snowman @nycgov @CentralParkNYC #bettemidler the minpin is over the #snow.  #GoodDayâ€¦ https://t.co/5oRskXSgwl
2018-03-22 23:28:24,"The blonde bombshell Elise James is back from her break &amp; waiting for your call ğŸ”› @XpandedTV2 CH 914. 

She puts thâ€¦ https://t.co/0mYTVM7zS2"
2018-03-22 23:16:02,"When you attend #IABCManitoba board meetings, you get rewards! #ThursdayTreats #comms https://t.co/RIsAOIR5LA"
2018-03-22 23:09:54,"Awhhhh, the internet is lovely sometimes! Cheers to @listenwivmonger for this sweet review of our new record...niceâ€¦ https://t.co/e9O6fCAMsl"
2018-03-22 23:08:32,"And if you want to create a great herb garden, we have the seeds kits to get you started. Find them here:â€¦ https://t.co/nJ7ZmY8309"
2018-03-22 23:08:31,Or you can go for the self-watering glass planter to have a different feel. Find out more here:â€¦ https://t.co/MRX6s5kPHh
2018-03-22 23:08:29,How #cool are these self-watering planters! Great for #urban #gardeners these ceramic beauties will fit into any smâ€¦ https://t.co/5mLaeNAHw0
2018-03-22 23:05:39,"Cover Reveal 5
Sutherland by @MeganEileenC 
Visit https://t.co/b19cP1B9fI
#ThursdayTreats #CoverReveal #AmReading https://t.co/0XMk18CiKB"
2018-03-22 23:04:38,"Cover Reveal 4
My Life With(out) Ranch by @MyLifeWOutRanch @HeatherMWyatt 
Visit https://t.co/nwh6yw0FpOâ€¦ https://t.co/tVZrDPJkDv"
2018-03-22 23:03:30,"Cover Reveal 3
The Last Ghost by @jamiecblake 
Visit https://t.co/nwh6yw0FpO
#ThursdayTreats #CoverReveal #AmReading https://t.co/ptJBAgysIV"
2018-03-22 23:02:47,"Cover Reveal 2
Latium by @Am_I_Write 
Visit https://t.co/nwh6yw0FpO
#ThursdayTreats #CoverReveal #AmReading https://t.co/pT5S6hXb4T"
2018-03-22 23:01:49,"Cover Reveal 1
Orion Medallion by @MatthewFranks7 
Visit https://t.co/nwh6yw0FpO
#ThursdayTreats #CoverRevealâ€¦ https://t.co/LmVk2DaCQq"
2018-03-22 23:00:21,"Our website has updated to include 5 new upcoming titles!
#NewBooks #AmReading #CoverReveal #ThursdayTreats https://t.co/D60qATr3sY"
2018-03-22 23:00:02,Have a great time w/ @Anastasiak899 backing it up this #ThursdayTreats #CastingCouch_X https://t.co/526ZQA6GpV https://t.co/sMCW4b6ZQF
2018-03-22 23:00:02,"Doing a great job this #ThursdayTreats! We have  @JennyBlighe &amp; @MsVeracruzXXX  getting it on on ""Cam Baeb Hookup""â€¦ https://t.co/qSuW9l88Qd"
2018-03-22 23:00:00,"#Booklovers #bookworms #amreading   #reads #PopBooks #BookWorld #writelife #indiebooks
#BookAddict #booksâ€¦ https://t.co/u4IFooTsEx"
2018-03-22 22:56:27,#ThursdayTreats â¤ï¸ğŸ¤¸ğŸ¼â€â™€ï¸ my babies &amp; I . https://t.co/14ZL0tYhSK
2018-03-22 22:47:48,"@William71075463 @G_Y_6 @JayKay89266490 Maybe THISâ€™ll help...
BlahahahaağŸ¤£ğŸ’¥ğŸ˜‚
#ThursdayTreatsğŸ‘ğŸ’¥ğŸ‘Œ https://t.co/0w4qPIZDcr"
2018-03-22 22:45:37,"Turned this one up in the office, casued a fire alarm #thursdaytreats https://t.co/a9GVCskngT"
2018-03-22 22:44:56,"@G_Y_6 @JayKay89266490 Blahahahaaa
ğŸ¤£ğŸ’¥ğŸ˜‚ğŸ’¥ğŸ˜œ
#Dependâ€™s required?!?
LoLğŸ˜
#ThursdayTreatsğŸ‘ğŸ’¥ğŸ‘Œ https://t.co/b8wrlZQG2R"
2018-03-22 22:30:22,"I find #JOY in #Coffee! â˜•ï¸ 

"" People with purpose, goals, and visions have no time for drama. They invest their enâ€¦ https://t.co/9u7B8ClbzF"
2018-03-22 22:29:00,"When Graham and Imogene begin their life together, they express their love through a series of portraits. Art trapsâ€¦ https://t.co/ZF6pwqQCBX"
2018-03-22 22:14:13,#Thursdaytreats I spoke exclusively to @Fearnecotton at the launch of her brand new kidswear range for @BootsUK Minâ€¦ https://t.co/0SgSZPrBs3
2018-03-22 22:13:02,"Rand Paul on a roll.
Tweeting the
#omnibusbill  waste

#OMNIBUSWATCH2018 
#ThursdayMotivation 
#ThursdayTreats https://t.co/lchO6126vi"
2018-03-22 22:09:39,We want our money back. #metoo #pizzagateisreal #POTUS  #FollowTheWhiteRabbit #PizzaGateIsReal #TheGreatAwakeningâ€¦ https://t.co/TCMgJjcPBL
2018-03-22 22:02:50,"A #heavenly #happyhour with #wineandcheese. #keywest #ThursdayTreats #Foodiechats #vivwine 
@VivezJoyeux https://t.co/ZxvRnsCvfe"
2018-03-22 22:01:25,@nowthisnews @HamillHimself never fails me. Ever. #ThursdayTreats #ThursdayThoughts ğŸŒ¤
2018-03-22 21:57:22,Join us at the Getaway Bar &amp; Grill every Tuesday &amp; Thursday from 5-9pm for 1/2 price personal size pizza.   Dine inâ€¦ https://t.co/XfTtkhXHov
2018-03-22 21:56:05,Enjoying some fried rice and the official beer of the UFC ğŸ‘ğŸ¾ğŸ˜‹ğŸº #UFC #Beer #ThursdayMotivation #ThursdayTreats #Nice https://t.co/A0mTsjhYxD
2018-03-22 21:50:39,"With the seasons changing may we suggest a quick change of scenery?

#DiscoverHopkins #Belize #TravelThursdayâ€¦ https://t.co/16ZIpOhUYn"
2018-03-22 21:50:30,These truly are the grown-ups in the room. ğŸ˜ â›…ï¸â„ï¸ #firstdayofspring  #ThursdayTreats https://t.co/Bp3O0P12wI
2018-03-22 21:44:52,"Drive your lover crazy in love with this sexy cutout panty ğŸ’‹ğŸ”¥ 
Search: 1393
ğŸ›SHOP: https://t.co/AxQCSVKtej ğŸ›â€¦ https://t.co/U5ohRVElSa"
2018-03-22 21:42:20,@davidhogg111 @Emma4Change @cameron_kasky @Sarahchadwickk @williamlegate @realDonaldTrump Ready for Saturday ğŸ¤˜ğŸ½âœŠğŸ¼â€¦ https://t.co/W5xcvZ8VTt
2018-03-22 21:27:02,@GiftExperience #ThursdayTreats Yes please ğŸ˜ğŸ’•
2018-03-22 21:25:57,Be rude not to ğŸ˜ŠğŸ˜Š #SuperLeague #ThursdayTreats https://t.co/aOhNj5HFQ7
2018-03-22 21:25:11,"DATS Life presents...

The DATS Sport 4U2U - 2018 Formula 1 Season Preview ğŸ

https://t.co/imkaXk42P1

#podcast #F1â€¦ https://t.co/B7womx8swh"
2018-03-22 21:23:34,"#ThursdayTreats

They're smiling because they just found out they won't need to serve a full term.
ğŸ‘ğŸ»â€¦ https://t.co/B9RrmMYiCK"
2018-03-22 21:15:10,"We continue to rehearse ""Il Corsaro"" and we premiere on March 28. Will you be there? 
On April 8, our performance wâ€¦ https://t.co/BCV5kZOlTs"
2018-03-22 21:01:33,Check out SAINT LAURENT  White Love Court Classic High-Top Sneakers  Size 9 Men https://t.co/UDR6ulWq2N @eBayâ€¦ https://t.co/DviSN3w9HJ
2018-03-22 20:54:51,"Hope Heals. 
We must learn to hold on to that which threatens to deride us with an ever-vibrant force in our heartsâ€¦ https://t.co/B5LgpVyQ8W"
2018-03-22 20:54:35,#Liberals eating each other. Priceless #DeleteFacebook #ThursdayTreats #TuesdayThoughts #maga cambridgeâ€¦ https://t.co/OjJ2lfwe1j
2018-03-22 20:41:47,Dazzle her w/ Diamonds @Bellmans1 @Zeghani #bellmanjewelers #zeghani #zeghanigirl #zeghanijewelry #jewelryâ€¦ https://t.co/TsQSn3d6HC
2018-03-22 20:41:03,"#ThursdayThoughts #ThursdayTreats #ThursdayMotivation #EveningMusic
#80s #80smusic #earworm #MTV #YouTubeâ€¦ https://t.co/Ebe8LzoyzM"
2018-03-22 20:30:01,It's time for some pussy pounding with hot @elsajeanxx ğŸ”¥- #Passion_HD_Porn #ThursdayTreats https://t.co/gBJJMuae0Z ğŸ’œ https://t.co/JbnEnvWTsx
2018-03-22 20:26:09,"ğŸ“¢ DECIDER! ğŸ¿ #ThursdayTreats  ğŸŒ¬ï¸â˜€ï¸ğŸ’¦ #MiamiOpen ğŸŒ´ğŸ¾

ğŸ‡·ğŸ‡´@Simona_Halep ğŸ†š @oceane_dodin   3-6, 6-3  #whatAscaryMoment https://t.co/E5EQVc0Wih"
2018-03-22 20:23:37,Wet kisses ğŸ‘„ #moreamour #chloeamour #tt #thursdaytreats #Thursday https://t.co/XSt387PDDI
2018-03-22 20:23:14,"ğŸ“¢ DECIDER! ğŸ¿ #ThursdayTreats  ğŸŒ¬ï¸â˜€ï¸ğŸ’¦ #MiamiOpen ğŸŒ´ğŸ¾

ğŸ‡·ğŸ‡´@Simona_Halep ğŸ†š @oceane_dodin   3-6, 6-3 #resetTime https://t.co/CPQJMsjGjS"
2018-03-22 20:17:01,"From now until April 1st, enjoy $2 off our crisp &amp; refreshing Lot 9 Pilsner. The best reward! @TheBeerStoreONâ€¦ https://t.co/ITATaLkxlw"
2018-03-22 20:15:21,Totally hilarious! #ThursdayTreats https://t.co/iHgou13Zy9
2018-03-22 20:13:59,Everything is better with donuts! @strangedonuts #QDivision #TechStartup #Innovation #LetsMove #ThursdayThoughtsâ€¦ https://t.co/AHJHHGwr3Z
2018-03-22 20:13:10,@ChartPalmBeach @palmbeachopera #ThursdayTreats #ThursdayThoughts Exciting to have so many #art choices inâ€¦ https://t.co/oNhsURoztm
2018-03-22 20:04:08,Theyâ€™re at it again #metoo #pizzagateisreal #POTUS  #FollowTheWhiteRabbit #PizzaGateIsReal #TheGreatAwakeningâ€¦ https://t.co/LvZLGmiucv
2018-03-22 19:59:02,"Sweeter when shared.

#AppletonEstate #MadeByJamaica #Jamaica #Rum #ThursdayTreats https://t.co/pZSOWb1G1j"
2018-03-22 19:54:41,We are all children of God and are born with great design for beautiful lives intersecting each other. They have noâ€¦ https://t.co/tFG8MM70rK
2018-03-22 19:54:40,"https://t.co/5GTjtg8zkp

Find your way to express your Self 
#personcentredliving #ProjectSnowballâ€¦ https://t.co/Lkr82w98pI"
2018-03-22 19:53:03,We're in this Tips &amp; Tricks article from @CycleVelosure about top #cycling foods! Find out what Chris from HulaHubâ€¦ https://t.co/hm1PtCv4bD
2018-03-22 19:47:00,"She said I should schedule what?

#ThursdayTreats
  https://t.co/2Hlc4CLREp https://t.co/iOxpW2lj2l"
2018-03-22 19:41:16,"ğŸ¿ #ThursdayTreats  ğŸŒ¬ï¸â˜€ï¸ğŸ’¦ #MiamiOpen ğŸŒ´ğŸ¾

ğŸ‡·ğŸ‡´@Simona_Halep holds with new balls ğŸ†š @oceane_dodin  3-5 https://t.co/tMbMRqRR8h"
2018-03-22 19:38:19,"#ThursdayTreats #OurMatter With @Iam_ushbaby @NekkyEkwenze 

#Np Caro @Micolo_Wolf On @LumenRadio949 

#LetsTalk"
2018-03-22 19:37:11,"You know how much #Trump loves dictators, so this should come as no surprise.

#ThursdayTreats
https://t.co/q6oyMJXsRs"
2018-03-22 19:34:43,"ğŸ¿ #ThursdayTreats  ğŸŒ¬ï¸â˜€ï¸ğŸ’¦ #MiamiOpen ğŸŒ´ğŸ¾

When in Miami, do as the locals do:    drink  â˜•ï¸@JuanValdezMenu and 
watchâ€¦ https://t.co/fdbwCtkERy"
2018-03-22 19:31:49,"#ThursdayTreats #OurMatter With @Iam_ushbaby @NekkyEkwenze 

#Np Nite @ipswy On @LumenRadio949 

#LetsTalk"
2018-03-22 19:30:39,#ThursdayThoughts #Follow the #Amazing @tonibolla &amp; join her #OnlyFans at https://t.co/XZPJ52Lf2p #ThirstyThursdayâ€¦ https://t.co/aUjS1h9Ocz
2018-03-22 19:26:38,"ğŸ¿ #ThursdayTreats  â˜€ï¸ğŸ’¦ #MiamiOpen ğŸŒ´ğŸ¾ 

@SvetlanaK27 tweenering ğŸ‡·ğŸ‡´@Simona_Halep in practice the other day!ğŸŒ­ğŸ˜‚ https://t.co/wfn0NBRu3J"
2018-03-22 19:23:09,@mischiefcomedy looking forward to tonightâ€™s performance @BelgradeTheatre and laughing till it hurtsâ€¦ https://t.co/69Ksp3VeKc
2018-03-22 19:22:14,"Retweeted Ushbaby (@Iam_ushbaby):

#ThursdayTreats #OurMatter With @Iam_ushbaby @NekkyEkwenze 

#Np Skele Rmxâ€¦ https://t.co/y7qpc0zvja"
2018-03-22 19:21:27,"ğŸ¿ #ThursdayTreats  â˜€ï¸ğŸ’¦ #MiamiOpen ğŸŒ´ğŸ¾Â ğŸŒ¬ï¸

ğŸ‡·ğŸ‡´@Simona_Halep  ğŸ†š @oceane_dodin who breaks or, as @carole_bouchard puts iâ€¦ https://t.co/cyXBNUOaI5"
2018-03-22 19:19:45,@scotcraftfocus #scotcrafthour Good evening ğŸ‘‹ğŸ¼ Sharing some of my #artprints #Scotland #madeinscotlandâ€¦ https://t.co/FGbybhR4jX
2018-03-22 19:11:22,Choose where your energy goesâ¤ï¸ğŸ˜˜ğŸ™ğŸ¼ #WorldWaterWeek #WorldWaterDay #ThursdayThoughts #incabag #WorldPoetryDayâ€¦ https://t.co/xWHjb3EB1L
2018-03-22 19:11:06,"ğŸ¿ #ThursdayTreats  ğŸŒ¬ï¸â˜€ï¸ğŸ’¦ #MiamiOpen ğŸŒ´ğŸ¾

ğŸ‡·ğŸ‡´@Simona_Halep making an entrance while Don Omar is  blasting ğŸ¶ Danza Kuduâ€¦ https://t.co/kXTWVmk9n1"
2018-03-22 19:08:09,"#ThursdayTreats #OurMatter With @Iam_ushbaby @NekkyEkwenze 

#Np Angelina @iamjasper_jay On @LumenRadio949 

#LetsTalk"
2018-03-22 19:07:52,"ğŸ¿Â #ThursdayTreats  ğŸŒ¬ï¸â˜€ï¸ğŸ’¦ #MiamiOpen ğŸŒ´ğŸ¾

From RO-MA-NIA ğŸ‡·ğŸ‡´@Simona_Halep  !

ğŸ†š @oceane_dodin https://t.co/orvMnwt24m"
2018-03-22 19:04:15,@ErnestoEmerald You are completely right love Happy #ThongThursday with #MoniqueFuentes #fuenteseverydayâ€¦ https://t.co/9Wk6iPhc1X
2018-03-22 19:04:06,#TheRosieEffect had the effect of me bawling over Rosie and Don.wanted to push the two of them into a room to figurâ€¦ https://t.co/GDxPEJJaV3
2018-03-22 19:02:43,We have the largest selection of #Diamonds on the #gulfcoast #TuesdayThoughts #ThursdayTreats #firstdayofspringâ€¦ https://t.co/UjWBOyAp6J
2018-03-22 19:02:29,"#ThursdayTreats #OurMatter With @Iam_ushbaby @NekkyEkwenze 

#Np Knack Am @yemialadee On @LumenRadio949 

#LetsTalk"
2018-03-22 19:01:33,#ThursdayTreats: Listen to the #exclusive #premiere of @Lumen_GA's 'Sharing An Eye' EP in full:â€¦ https://t.co/WAqdhxhV8a
2018-03-22 19:00:03,Issue 2 of Princess is now out with Caroline Wozniacki on the front cover! To see what's inside the latest issue yoâ€¦ https://t.co/VLp0cwbDzb
2018-03-22 18:58:26,"#ThursdayTreats #OurMatter With @Iam_ushbaby @NekkyEkwenze 

#Np Bumbene Africa @uuzlee On @LumenRadio949 

#LetsTalk"
2018-03-22 18:57:55,Birthday glam ğŸ’• Captured by @jotphotography_ | Muse @pri_laala #idoghana #bridal #kente #ido #birthdayâ€¦ https://t.co/A6pjtr1NFU
2018-03-22 18:54:44,"#ThursdayTreats #OurMatter With @Iam_ushbaby @NekkyEkwenze 

#Np Bohemian Groove @dageminiparadox On @LumenRadio949 

#LetsTalk"
2018-03-22 18:52:28,"#ThursdayTreats #OurMatter With @Iam_ushbaby @NekkyEkwenze 

#Np Zuma @iamOkenwaJudge On @LumenRadio949 

#LetsTalk"
2018-03-22 18:51:16,"#ThursdayTreats

FREE SHIPPING on any order &gt; $25.00  #deal 

https://t.co/sgKVKfxy7f via @Etsy

#comicbook themedâ€¦ https://t.co/smdWdwYVbs"
2018-03-22 18:50:47,#ThursdayTreats  Enjoy some #Laughs by #Reading The Salacious Marny Ottwiler https://t.co/JMPH3vpg9x https://t.co/7NRf9K7rMI
2018-03-22 18:46:13,"#ThursdayTreats #OurMatter With @Iam_ushbaby @NekkyEkwenze 

#Np Fire Fire @rudeboypsquare On @LumenRadio949 

#LetsTalk"
2018-03-22 18:43:19,#thursdaythoughts #ThursdayTreats @potus please listen https://t.co/wcJTpqUs2q
2018-03-22 18:40:06,@NautilusMag @JasonSilva &lt;3 #ThrillingThursday #ThankfulThursday #TerrificThursday #TambienThursdayâ€¦ https://t.co/K11eBQN3z8
2018-03-22 18:38:13,#curry #Thursday #Banquet #Vegtable #Biriany #Indian #Foodie #Knaresborough #Harrogat #Spicemerchant come #Try ourâ€¦ https://t.co/uVjmWnqXAc
2018-03-22 18:33:59,Love this @iamstevemartin quote &amp; #super #squirrel ğŸ¿ï¸ğŸ’šğŸ˜ #wildlifephotography  #ThursdayTreats https://t.co/KsvD6MOiX0
2018-03-22 18:29:30,"#ThursdayTreats #OurMatter With @Iam_ushbaby @NekkyEkwenze 

#Np Abeg @JhamalOfficial On @LumenRadio949 

#LetsTalk."
2018-03-22 18:27:17,"#ThursdayTreats #OurMatter With @Iam_ushbaby @NekkyEkwenze 

#Np Ogbono se @chidokeyzdavid On @LumenRadio949 

#LetsTalk"
2018-03-22 18:26:16,"Yes, I do indeed know someone partial to a little mead now and again. Surely one to delight #Shakespeare followersâ€¦ https://t.co/G6xFoopdmd"
2018-03-22 18:26:03,"#ThursdayTreats #OurMatter With @Iam_ushbaby @NekkyEkwenze 

#Np Halele @youngsnookieT Cc @Shafer_records On @LumenRadio949 

#LetsTalk."
2018-03-22 18:18:56,We got treated today - cake jars! Thank you to our engineer Stuarts Wife! ğŸ˜ğŸ° #ThursdayTreats #cakejar #easter https://t.co/x9yT4RI0dM
2018-03-22 18:17:38,Chicago hot dog or traditional? Tell us which one you love. ğŸŒ­#ThursdayTreats https://t.co/Mc5Yz16ghW
2018-03-22 18:14:14,ğŸ“½ï¸It's a double whammy from me today!ğŸ“½ï¸ Just posted '3 Steps to Decluttering' &amp; an ASOS haul! What more do you wantâ€¦ https://t.co/UYxENzsm5m
2018-03-22 18:12:11,"#tap #click @ https://t.co/EDjthaDmvI   #VJRADRICK 's site  #financial #consultant  
#sanfrancisco #USA since 1986â€¦ https://t.co/dsJSZ4Kiyr"
2018-03-22 18:10:35,"New work from FreedomToons:
https://t.co/YVg9YxyqL7 â€¦

#ThursdayThoughts #ThursdayTreats #liberty #Libertarian"
2018-03-22 18:01:34,1 day to go! #SportsRelief #fundraising Cake Sale on the 23rd March. Hope to see you all there! #charityâ€¦ https://t.co/0OPO55aBft
2018-03-22 18:00:02,#March is all about #sales and #clearance !  #ThursdayThoughts #ThirstyThursday #ShopMyCloset #shoppingstarâ€¦ https://t.co/YGcJDeTYus
2018-03-22 17:58:31,The lead track 'These Days' from @Qubiko's hit EP on @DefectedRecords https://t.co/DUG1EjqB9u  #housemusicâ€¦ https://t.co/iwL27n0gUk
2018-03-22 17:53:46,Too bad they didnâ€™t drop weights on their heads. The world would be a better place today. #ThursdayTreatsâ€¦ https://t.co/RF3J2ouGhB
2018-03-22 17:43:05,"Must Watch â¬‡ï¸
#DeepState 
""Tried to ""BLACKMAIL"" #JeffSessions 
@seanhannity @FoxNews @foxandfriendsâ€¦ https://t.co/bgSAnY18UC"
2018-03-22 17:41:12,"Shop Minogasu Today | Downloadable Art Purchase Now ONLY Â£10
https://t.co/llc2baaBSR
#art #shoppingonlineâ€¦ https://t.co/GGKXhgwqzL"
2018-03-22 17:35:02,7 #fashion brands that give back to women https://t.co/Soc5j6LtmF #payitforward #ThursdayTreats https://t.co/btaZv3qCgI
2018-03-22 17:34:34,"#NEWSã§å¦„æƒ³  #ThursdayTreats #musicnews   You can listen to my single  Love Don't Pay My Bills on #youtube 
https://t.co/ep4ew1zl1y"
2018-03-22 17:33:30,How dirty girls get clean ğŸ’§ #moreamour #chloeamour #thursdaytreats #thursday https://t.co/XSt387PDDI
2018-03-22 17:33:26,Who works hard on #NationalGoofOffDay?? Not this guy. #dogs #puglife #pugfan #doglife #pugsrule #dogsoftwitterâ€¦ https://t.co/4baR8FMq9K
2018-03-22 17:32:20,"@dunnesstores hitting all trends this #ss18...  #polkadots , frills and phabulous wide leg trousers (on sale!) ğŸ™ŒğŸ®ğŸ®ğŸ’â€¦ https://t.co/RHWKtOGKIf"
2018-03-22 17:28:04,Rascal definitely approves of the @clasicats spider!! #ThursdayTreats #CatsOfTwitter #spider https://t.co/j8gZgesVPt
2018-03-22 17:27:51,@hm ... Spot on with the #polkadots dot #ss18 and this skirt in particular is phabulous!! Definitely a #treatyoselfâ€¦ https://t.co/M2CrfBSjvv
2018-03-22 17:26:31,"Me: After almost 24 yearâ€™s of marriage I really feel like Iâ€™m getting good at being a husband.

My Wife: Whatever gâ€¦ https://t.co/RReP7qUiQR"
2018-03-22 17:25:10,What to do on a rainy day? ğŸŒ§ Go watch my âŒâŒâŒ vids â˜ºï¸ https://t.co/HucUEFxVqH @ManyVids #MoreAmour #ChloeAmourâ€¦ https://t.co/vDjcDsVjiS
2018-03-22 17:24:41,Happy I donâ€™t have to choose between @ChaseMillerTime songs #Giveyoutheworld and #Drunklovin. They are both so goodâ€¦ https://t.co/7myzNN9AmK
2018-03-22 17:21:46,Let me be your snack ğŸ˜‹ #MoreAmour #ChloeAmour #ThursdayTreats #Thursday https://t.co/XSt387PDDI
2018-03-22 17:19:38,"Spring Dinner Ideas #ThursdayTreats 
https://t.co/nG2qCdvYtj https://t.co/2zaGaO6Lic"
2018-03-22 17:14:16,@SezSherry @emlang08 @LoversOfBacon @bikers4Trump17 @Bikers4America @Bikers4TrumpMD @TrumpBikers @trumpbikersmdâ€¦ https://t.co/yLGl9vYIyg
2018-03-22 17:11:18,So Iâ€™m at work just sitting at my desk while they fix my computer while everyone else is workingğŸ’ğŸ½â€â™€ï¸â€¦ https://t.co/PCdzzW91s2
2018-03-22 17:09:07,"It is okay to have a plan that is going to make you regret later.

Than not having any idea about your next step.â€¦ https://t.co/bNMKUppJ2G"
2018-03-22 17:03:49,Itâ€™s one of those phone call ğŸ“² â˜ï¸ #like #AskGaryVee #ThursdayTreats https://t.co/FwqmhatF0x
2018-03-22 17:01:05,Anyone out there willing to give me their Brazzers account info? I forgot mine and have an afternoon to kill. #ThursdayTreats
2018-03-22 17:00:11,"""A woman with a plan is the heroine of her own story.""
--award-winning author Eartha Watts Hicks

TRY my planner/joâ€¦ https://t.co/P0AH7ejCc1"
2018-03-22 17:00:01,Sucking is important if you want to succeed in life and @TheMercedesXXX is teaching  @NoemieBilas all she knows!â€¦ https://t.co/GSTMGHpVwo
2018-03-22 16:58:20,La Terrazza re-opens for the season today ... definitely one of the best views and bars Italy has to offerâ€¦ https://t.co/WKXiUn3ctX
2018-03-22 16:57:03,"""Friends bring happiness into your life. Best friends bring beer"" - anonymous 
.
.
.
.
.
.
#Cheers toâ€¦ https://t.co/0HSllgycYA"
2018-03-22 16:54:04,I WENT TO A LECTURE ON TYRE TECHNOLOGY https://t.co/SpjSvLfJL5 #ThursdayThoughts #ThursdayThought #Thursdayâ€¦ https://t.co/egtdEYOi93
2018-03-22 16:53:53,WEAR SOMETHING WHITE https://t.co/WwZu4Qnm1M #ThursdayThoughts #ThursdayThought #Thursday #ThursdayTreatsâ€¦ https://t.co/tDMieuz1hy
2018-03-22 16:53:38,THE ROADS WERE UNEVEN AND BUMPY https://t.co/W5NLaEJPs7 #ThursdayThoughts #ThursdayThought #Thursdayâ€¦ https://t.co/QxYIplQylB
2018-03-22 16:53:26,NOW I KNOW Iâ€™VE REACH ROCK BOTTOM https://t.co/XrOaAS6iCU #ThursdayThoughts #ThursdayThought #Thursdayâ€¦ https://t.co/wDV0zEnKO3
2018-03-22 16:53:17,I HAVE A CAR THAT CAN TRANSFORM https://t.co/ETIkPh3jRC #ThursdayThoughts #ThursdayThought #Thursdayâ€¦ https://t.co/EDTSQzgDYx
2018-03-22 16:53:05,I GOT CHATTING ON THE EURO STAR https://t.co/l6Zhk0Jut6 #ThursdayThoughts #ThursdayThought #Thursdayâ€¦ https://t.co/LVJzwyNkhV
2018-03-22 16:52:49,THERE WAS AN IRRITATING WHINING SOUND https://t.co/0tsvq2lFfj #ThursdayThoughts #ThursdayThought #Thursdayâ€¦ https://t.co/fEeJrNW5cW
2018-03-22 16:52:38,"MIND THE GAP, MIND THE GAP https://t.co/MWQIuT1Qhc #ThursdayThoughts #ThursdayThought #Thursday #ThursdayTreatsâ€¦ https://t.co/M6jWG96eTb"
2018-03-22 16:52:27,I TRAVEL ON THE TRAIN TO WIMBLEDON https://t.co/AqRyhxMmFZ #ThursdayThoughts #ThursdayThought #Thursdayâ€¦ https://t.co/nRxkd9FNn7
2018-03-22 16:52:16,WHEN WE REACHED CRUISING ALTITUDE https://t.co/kAUr8vOZV9 #ThursdayThoughts #ThursdayThought #Thursdayâ€¦ https://t.co/YOmrZWwjFC
2018-03-22 16:51:48,I HAVE A PHOBIA ABOUT FLYING https://t.co/sPuR1j4hTp #ThursdayThoughts #ThursdayThought #Thursday #ThursdayTreatsâ€¦ https://t.co/gcCY3mYTgA
2018-03-22 16:51:41,"Arenâ€™t we heading towards cocktail hour?
#cocktail #ThursdayTreats #Producers https://t.co/xlEJsqij5c"
2018-03-22 16:51:33,THE AIRPLANE WAS INVENTED https://t.co/0cvFKwKwK0 #ThursdayThoughts #ThursdayThought #Thursday #ThursdayTreatsâ€¦ https://t.co/t8qBd8vUKV
2018-03-22 16:51:21,YOUâ€™LL NEVER GUESS I BET https://t.co/TwM6kSDedJ #ThursdayThoughts #ThursdayThought #Thursday #ThursdayTreatsâ€¦ https://t.co/ncdBBp9Bv3
2018-03-22 16:51:03,YEARS AGO I BOUGHT A CAR https://t.co/3M4mcjbb5z #ThursdayThoughts #ThursdayThought #Thursday #ThursdayTreatsâ€¦ https://t.co/CHMDe9TLuL
2018-03-22 16:50:01,WORLDS END https://t.co/Jd5D7WNnbG #ThursdayThoughts #ThursdayThought #Thursday #ThursdayTreats #TravelThursdayâ€¦ https://t.co/bsrXVSj5PP
2018-03-22 16:49:50,WORDS OF WISDOM # 1 https://t.co/o4SiCLmEzg #ThursdayThoughts #ThursdayThought #Thursday #ThursdayTreatsâ€¦ https://t.co/7tz2kl0JtH
2018-03-22 16:49:38,WISE PROVERB https://t.co/0gVnz8R9zh #ThursdayThoughts #ThursdayThought #Thursday #ThursdayTreats #TravelThursdayâ€¦ https://t.co/6wk0HJEFP1
2018-03-22 16:49:26,WHERE ARE WE? https://t.co/iBnklRbwOw #ThursdayThoughts #ThursdayThought #Thursday #ThursdayTreats #TravelThursdayâ€¦ https://t.co/NUhzug6kGW
2018-03-22 16:49:14,WHEN I IGNORED THE SATNAV https://t.co/2fcjtoMiUM #ThursdayThoughts #ThursdayThought #Thursday #ThursdayTreatsâ€¦ https://t.co/iMMIOgfSpj
2018-03-22 16:49:03,Whatâ€™s Yours Called? https://t.co/vbj9Mvxkno #ThursdayThoughts #ThursdayThought #Thursday #ThursdayTreatsâ€¦ https://t.co/YM4CBHRTmb
2018-03-22 16:48:51,WHAT DO YOU CALL YOURS? https://t.co/Bw3r6F4hYD #ThursdayThoughts #ThursdayThought #Thursday #ThursdayTreatsâ€¦ https://t.co/TRF395bNq0
2018-03-22 16:48:40,WHAT CAR? https://t.co/SHwCJB7JcY #ThursdayThoughts #ThursdayThought #Thursday #ThursdayTreats #TravelThursdayâ€¦ https://t.co/RjnGnimmw9
2018-03-22 16:48:28,UP UP AND AWAY https://t.co/FW32E4uML8 #ThursdayThoughts #ThursdayThought #Thursday #ThursdayTreats #TravelThursdayâ€¦ https://t.co/nwCp7rAuqr
2018-03-22 16:48:17,UNDER A SLATE GREY SKY https://t.co/GOlZiDT982 #ThursdayThoughts #ThursdayThought #Thursday #ThursdayTreatsâ€¦ https://t.co/GHgi8L0tro
2018-03-22 16:48:03,TRAVEL AND TRANSPORT https://t.co/DFWcVQPmRk #ThursdayThoughts #ThursdayThought #Thursday #ThursdayTreatsâ€¦ https://t.co/fwMYSvgNAe
2018-03-22 16:47:49,TRANSPORT AND TRAVEL https://t.co/QIsDIGl3l8 #ThursdayThoughts #ThursdayThought #Thursday #ThursdayTreatsâ€¦ https://t.co/P6RykSTEJV
2018-03-22 16:47:36,TRAFFIC CALMING MEASURES https://t.co/EdMdhgxyds #ThursdayThoughts #ThursdayThought #Thursday #ThursdayTreatsâ€¦ https://t.co/7ykxtXzrOW
2018-03-22 16:47:25,THERE&amp;#039;S NOWT SO QUEER AS FOLK https://t.co/KMSjFYTnAi #ThursdayThoughts #ThursdayThought #Thursdayâ€¦ https://t.co/wqzOOA4Twn
2018-03-22 16:47:13,THE WORLD HAS BECOME A SMALLER PLACE https://t.co/zZOOWpvd7x #ThursdayThoughts #ThursdayThought #Thursdayâ€¦ https://t.co/ZgL2I6YjoH
2018-03-22 16:47:02,THE WHITE HORIZONTAL PLUME https://t.co/amAlcrWpph #ThursdayThoughts #ThursdayThought #Thursday #ThursdayTreatsâ€¦ https://t.co/tmxn1w1Jvi
2018-03-22 16:46:51,THE SQUIRT CUT ME UP https://t.co/uuAg7eWkqH #ThursdayThoughts #ThursdayThought #Thursday #ThursdayTreatsâ€¦ https://t.co/knfQsc9Pgg
2018-03-22 16:46:38,THE SIMPLE TRUTH OF AVIATION https://t.co/AltH9Tyg9q #ThursdayThoughts #ThursdayThought #Thursday #ThursdayTreatsâ€¦ https://t.co/wE5vI2QyWU
2018-03-22 16:46:28,THE SHORT EMPIRE https://t.co/bmcSsB5z5C #ThursdayThoughts #ThursdayThought #Thursday #ThursdayTreatsâ€¦ https://t.co/ZmcN2IvQ5u
2018-03-22 16:46:17,THE ROYAL CHARTER STORM https://t.co/VI2xXFgTWf #ThursdayThoughts #ThursdayThought #Thursday #ThursdayTreatsâ€¦ https://t.co/IT2gymmsEM
2018-03-22 16:46:15,Yes we sure could! #ThursdayThoughts #ThursdayMotivation #ThursdayTreats https://t.co/wpkKAiUEYG
2018-03-22 16:46:04,THE RED ENSIGN https://t.co/2tzBwe8W50 #ThursdayThoughts #ThursdayThought #Thursday #ThursdayTreats #TravelThursdayâ€¦ https://t.co/m0vHQIbtZK
2018-03-22 16:45:54,THE RED DUSTER https://t.co/OrP6TvlIg8 #ThursdayThoughts #ThursdayThought #Thursday #ThursdayTreats #TravelThursdayâ€¦ https://t.co/yPzL5NZ70X
2018-03-22 16:45:33,THE PLANE TRUTH https://t.co/07EKFOmmes #ThursdayThoughts #ThursdayThought #Thursday #ThursdayTreatsâ€¦ https://t.co/6Sw5YHym0o
2018-03-22 16:45:22,THE MIRACLE OF FLIGHT https://t.co/q92wffZGD4 #ThursdayThoughts #ThursdayThought #Thursday #ThursdayTreatsâ€¦ https://t.co/q94EGLHtCk
2018-03-22 16:45:11,THE FOURTH EMERGENCY SERVICE https://t.co/837nuQaDx9 #ThursdayThoughts #ThursdayThought #Thursday #ThursdayTreatsâ€¦ https://t.co/Kdez4msLPG
2018-03-22 16:44:59,THE ENGLISH ELECTRIC LIGHTNING https://t.co/rV8a0gyywP #ThursdayThoughts #ThursdayThought #Thursday #ThursdayTreatsâ€¦ https://t.co/ASGutfRH0Y
2018-03-22 16:44:36,THE BLUE JEAN BOY https://t.co/25ue2Wwau8 #ThursdayThoughts #ThursdayThought #Thursday #ThursdayTreatsâ€¦ https://t.co/R0DbPbC9eY
2018-03-22 16:44:26,THE BIKER AND THE PRETTY MISS https://t.co/8O59qoGGL0 #ThursdayThoughts #ThursdayThought #Thursday #ThursdayTreatsâ€¦ https://t.co/vawet2vPiN
2018-03-22 16:44:24,There are plenty of different obstacles in your path... donâ€™t allow yourself to become one of them!â€¦ https://t.co/gMxEnEmvok
2018-03-22 16:44:03,STRANGERS ON A TRAIN https://t.co/7ysBaga16p #ThursdayThoughts #ThursdayThought #Thursday #ThursdayTreatsâ€¦ https://t.co/aext8eFXZM
2018-03-22 16:43:52,SPLASH OUT https://t.co/Dy5MG5oZI7 #ThursdayThoughts #ThursdayThought #Thursday #ThursdayTreats #TravelThursdayâ€¦ https://t.co/hqclcO0uOA
2018-03-22 16:43:38,SO WHAT DO YOU CALL YOURS? https://t.co/Wpt9E9UPRR #ThursdayThoughts #ThursdayThought #Thursday #ThursdayTreatsâ€¦ https://t.co/pebY82tlXi
2018-03-22 16:43:27,SMART CAR OWNER https://t.co/TuN8O1j8LX #ThursdayThoughts #ThursdayThought #Thursday #ThursdayTreatsâ€¦ https://t.co/vFPhfOrDDX
2018-03-22 16:43:16,SHIPPING https://t.co/FlS0cgVEpE #ThursdayThoughts #ThursdayThought #Thursday #ThursdayTreats #TravelThursday #FridayEve #ThursdayMotivation
2018-03-22 16:43:06,SHIP RAGE https://t.co/JsKCazupsU #ThursdayThoughts #ThursdayThought #Thursday #ThursdayTreats #TravelThursdayâ€¦ https://t.co/eAglSRRvoQ
2018-03-22 16:42:56,SAFE AS SAFE https://t.co/bxbPTPdI5y #ThursdayThoughts #ThursdayThought #Thursday #ThursdayTreats #TravelThursdayâ€¦ https://t.co/UqZ63PuGaE
2018-03-22 16:42:45,SAD SAM https://t.co/E9rwLB3tru #ThursdayThoughts #ThursdayThought #Thursday #ThursdayTreats #TravelThursday #FridayEve #ThursdayMotivation
2018-03-22 16:40:33,"#dogsoftwitterğŸ¶ğŸ•ğŸ¾
#MalinoisShepherdğŸ‘
#AwesomeğŸ‘#dogs
ğŸ’¥MUST WATCHğŸ’¥

@SezSherry
@thecanineexp
@Hooper19Hooperâ€¦ https://t.co/rkNOGlaPhP"
2018-03-22 16:40:00,You Will Learn A Thing Or Two About The Sisterhood Of The Travelling Pants In The New #Deadpool2 Trailer!â€¦ https://t.co/vUIdLy909G
2018-03-22 16:30:41,"#ThursdayThoughts I know Friday is only a day away so, past the time with us and @WeAreAstroPanda ğŸ¼ #podcastâ€¦ https://t.co/0YYBEFQk8p"
2018-03-22 16:22:58,Who wouldnâ€™t love some of these right now ğŸ˜ ğŸ© #google #ThursdayTreats https://t.co/fN18HZZHdr
2018-03-22 16:21:55,#Thursday already you have to love #bankholiday! Join us #afterwork for some #afterworkdrinks #AshtonsAfterWorkâ€¦ https://t.co/XwmKOZWGIw
2018-03-22 16:21:52,"Enjoy FREE shopping before the membership ends! Hurry, become a member now and make use of #FreeShoppingMonth .â€¦ https://t.co/yIpNAPEsGT"
2018-03-22 16:20:00,Get Your Child's Film Stories Ready! They Could Win An Amazing Prize With @GoApeTribe 's Writing Competition!â€¦ https://t.co/dAGCR0417f
2018-03-22 16:19:55,"#ThursdayThoughts 
#Biden: â€œI would beat the hell out of Trump in High Schoolâ€
Media Cheers.
#Trump: â€œBiden would gâ€¦ https://t.co/n7p2USu59A"
2018-03-22 16:15:43,"Come in during Happy Hour and get 25% off any Cold Brew Coffee drink or Nitro Coffee. .
.
.
#colbrewcoffeeâ€¦ https://t.co/q7n6iF7SWG"
2018-03-22 16:15:17,"Itâ€™s called â€œDragonâ€™s Breathâ€.
#ThursdayTreats #interesting https://t.co/0VVKpRLUp3"
2018-03-22 16:14:03,Yay well done @WiganWarblers @NatashaGarswood @LiddleCarol come on down people of #Leigh #singingtogetherâ€¦ https://t.co/tfedhpjpco
2018-03-22 16:09:24,Out of energy this week. Believe me it is not normal for @judy_kubik ğŸ˜‚ #WorkHard #ThirstyThursday #ThursdayTreats https://t.co/tiMzjQCdPd
2018-03-22 16:02:45,"Look at all this Wine just ready for someone to drink! It's almost Friday, Treat yourself! #ThursdayTreatsâ€¦ https://t.co/i3nYr8GPYE"
2018-03-22 16:02:28,"""A woman with a plan is the heroine of her own story.""
--award-winning author Eartha Watts Hicks

TRY my planner/joâ€¦ https://t.co/asn5011Ptd"
2018-03-22 16:02:25,"Weâ€™re just a little bit excited about whatâ€™s in store at the #BestofBelron 2018 ğŸ˜„
https://t.co/xr1FNjETlN #visitfrankfurt #Thursdaytreats"
2018-03-22 16:01:00,We've heard that @SU_Interval have a mojito cocktail offer on today from 4pm -  2 for Â£7! Why not meet your friendsâ€¦ https://t.co/zbRkYZ94oV
2018-03-22 16:00:03,"Look what we catch today, @macymeadowsx tight pussy! #ThursdayTreats @Tiny_4k Go to https://t.co/ivtdYifD2M for a sâ€¦ https://t.co/eaiDri8U97"
2018-03-22 15:56:17,"Hey, do checkout my latest Vlog of ""Taste of Punjab"" in #bandra.
Do Like Share and #SUBSCRIBE it.â€¦ https://t.co/3oe6DlJb0K"
2018-03-22 15:49:35,"Cooking is a very straining activity. 

#Comic #webcomic #comics #cute #dating #pasta #thursday #ThursdayThoughtsâ€¦ https://t.co/4WuvFJmg0q"
2018-03-22 15:47:35,"#TheSpyWhoDumpedMe Releases An Epic New Teaser!
https://t.co/oaLDWeMEyR #blogging #fbloggers #lbloggersâ€¦ https://t.co/mOR2fH84c1"
2018-03-22 15:43:54,@dawnchats Love Carrot Cake! #yummyfood #ThursdayTreats https://t.co/JLxmgveGQM
2018-03-22 15:39:48,"Whoop - back in stock at @MasterOfMalt ğŸ˜€
#gin #ThursdayTreats https://t.co/LcjDLaAdBA"
2018-03-22 15:39:26,"#ThursdayTreats #webcam #chat #fun 
@webstreamuk click -&gt;https://t.co/QlquiO7PKH&lt;-  
@Adultworkcams click -&gt;â€¦ https://t.co/yXSMI67HGi"
2018-03-22 15:37:47,The one whose keeps their destination in focus will be successful. @wonderwomentech @GlobalTechWomen @cisco_woiâ€¦ https://t.co/82qIWqk6jf
2018-03-22 15:37:16,"For a #joyful #Easter - send #flower to let them know you #care! ğŸŒ¸

#florist #sendflowers #eastergift #EasterSundayâ€¦ https://t.co/ea3pcXpGyH"
2018-03-22 15:28:20,"Be ready to hit the road in colorful #style!
https://t.co/XoiJAKOt8n
#ThursdayTreats https://t.co/6Hd2CQMcer"
2018-03-22 15:27:45,@LoversOfBacon @bikers4Trump17 @Bikers4America @Bikers4TrumpMD @TrumpBikers @trumpbikersmd @edwardjrcomcas1â€¦ https://t.co/cgLCaMDj2Q
2018-03-22 15:23:23,"Pre-important-meeting- quick feeding in overalls to stay clean- attempt... 
Fail. 
@wgcs_rural #YoungFarmersâ€¦ https://t.co/XYCyFtoYlF"
2018-03-22 15:20:24,Get a #free bonus #ATS friendly #resume template with any Innova Resume purchase. Shop: https://t.co/XNVbINxXyiâ€¦ https://t.co/QKteDUqVkU
2018-03-22 15:18:16,"Kevin Smith goes vegetarian after heart attack - NY Daily News ğŸğŸ¥”ğŸ¥•ğŸ‡ğŸ‰ğŸ‹
#wfpb #ThursdayThoughts #ThursdayTreats
 https://t.co/dxtS6c2E2d"
2018-03-22 15:17:37,Isnâ€™t it amazing how potatoes give us #vodka and fries!? The rest of the vegetables should get their shit together.â€¦ https://t.co/1nr05IDuCC
2018-03-22 15:17:26,Aquamarine Pendant w/ Victorian Chain and Enamel Flower Earrings -  #Spring #SpringHasSprung #SpringTimeâ€¦ https://t.co/oI5CPuzS5v
2018-03-22 15:14:31,Take that leap! #ThursdayTreats #WhatIf #positivelywhiskey https://t.co/jCh13n7Yrd
2018-03-22 15:12:45,Happy #ThrowbackThursday !! Be sure to catch up on my latest blog post THE ART OF THR PITCH - Creating a post worthâ€¦ https://t.co/uMkUhl6zOf
2018-03-22 15:03:37,"Nothing like waiting through a @Starbucks drive-thru, ordering a beverage and a sandwich, biting into said sandwichâ€¦ https://t.co/p97Z7DtfxX"
2018-03-22 15:03:11,"Well #Noreaster4 might have been a #bust, but today isn't... The office reaction when your CEO announces that he'sâ€¦ https://t.co/5Y6mUZup01"
2018-03-22 15:02:24,Feeling refreshed. #batteriesrecharged #ThursdayTreats #chilled. Hope the weather is a little kinder back home. ğŸ’ğŸ˜ğŸ˜˜â€¦ https://t.co/rfS2QYF6pb
2018-03-22 15:02:01,#ThursdayTreats One of my piggies paying for the pleasure to hear my voice abuse him on #DirectChat ğŸ‘… Love humiliatâ€¦ https://t.co/2NaDBYCNCa
2018-03-22 15:01:00,The horny @LexiLore wants to get it anywhere! So go and fuck that pussy hard she needs it! #ThursdayTreatsâ€¦ https://t.co/ahhw9a4DAr
2018-03-22 14:58:11,"A soundtrack for a novel? No way! That's cool AF...
Check out the songs featured in my superhero adventure comedy,â€¦ https://t.co/Qkl4sZzEBp"
2018-03-22 14:56:39,"It's Thursday and the weekend is nearly upon us...  

Enjoy a pre-weekend treat, at Royal Nawaab! Delicious food anâ€¦ https://t.co/aaIdLPAmHr"
2018-03-22 14:54:33,#ThursdayTreats ğŸŠâ€â™‚ï¸ peRFect pool party! ğŸğŸ¾ğŸŒ´ #MiamiOpen ğŸ’¦â˜€ï¸ğŸ–ï¸ https://t.co/SSReIJNcYQ
2018-03-22 14:53:41,"Heading off 2 work..

#ThursdayTreats 

#texas #hotwife #pussy #ass #pawg #milf #yummy #hot #wife #wifey #texasgirlâ€¦ https://t.co/zCmvnc42RJ"
2018-03-22 14:52:20,ğŸ”¥ğŸ”¥ğŸ”¥ğŸ”¥ğŸ”¥ğŸ‘‡ğŸ‘‡ğŸ‘‡ğŸ‘‡ğŸ‘‡â€¼ï¸â€¼ï¸â€¼ï¸â€¼ï¸ğŸ‡ºğŸ‡¸ğŸ‡ºğŸ‡¸ğŸ‡ºğŸ‡¸ğŸ‡ºğŸ‡¸ Let your voices be heard!  @POTUS @WhiteHouse #ThursdayTreats #ThursdayThoughts #MAGAâ€¦ https://t.co/60Qmqva6YM
2018-03-22 14:49:57,Happy #WorldWaterDay. Heres the new episode of @MoyesNMore which has no relation to world water day at all. HOWEVERâ€¦ https://t.co/EkW9jWjRO0
2018-03-22 14:45:41,Get inspired with us! #Thursday #ThursdayThoughts #ThursdayMotivation #ThursdayTreats #QuotesToLiveByâ€¦ https://t.co/I1zocFUtiS
2018-03-22 14:45:31,".@SpeakerRyan @SenateMajLdr IF RINO SHEP IS FOR THIS BILL I KNOW ğŸ’¯% THE #OmnibusBill IS 2,200 PAGES FULL OF ğŸ’©â€¼ï¸â€¦ https://t.co/HTLGT2ktwz"
2018-03-22 14:43:28,Funny how our best work often goes unnoticed while the junk gets appreciated. #ThursdayTreats https://t.co/HpCFX1GtT4
2018-03-22 14:42:52,Get in touch with us today to see if your business qualifies for #FullyFunded Solar Panels! Call us on 0191 516 611â€¦ https://t.co/YaRTffBmUx
2018-03-22 14:40:09,@SalesSheriff @Little_Nells @manofdigital They look like theyâ€™re having a party #ThursdayTreats ğŸ˜‰
2018-03-22 14:37:15,RUSH HOUR VIEWS https://t.co/0JyA6N6amL #ThursdayThoughts #ThursdayThought #Thursday #ThursdayTreatsâ€¦ https://t.co/GdJ2L5ddP5
2018-03-22 14:36:50,ROAD RAGE # 2 https://t.co/sxXT2S9y1A #ThursdayThoughts #ThursdayThought #Thursday #ThursdayTreats #TravelThursdayâ€¦ https://t.co/QqqHzS9x2o
2018-03-22 14:36:26,ROAD HOGS https://t.co/Btiavz7D4K #ThursdayThoughts #ThursdayThought #Thursday #ThursdayTreats #TravelThursdayâ€¦ https://t.co/vZ3cKADHWi
2018-03-22 14:36:16,RNLI â€“ THE WRECK OF THE ROHILLA https://t.co/xAme57lT2H #ThursdayThoughts #ThursdayThought #Thursdayâ€¦ https://t.co/Bhl0FeuYK4
2018-03-22 14:36:04,RHETORICAL WAY https://t.co/6qliCzzXMc #ThursdayThoughts #ThursdayThought #Thursday #ThursdayTreats #TravelThursdayâ€¦ https://t.co/wywANSYTuk
2018-03-22 14:35:42,REPELLING BOARDERS https://t.co/ntGMV0yu8J #ThursdayThoughts #ThursdayThought #Thursday #ThursdayTreatsâ€¦ https://t.co/jvpDqVvoaq
2018-03-22 14:35:07,RED ARROWS https://t.co/orCgdHAtue #ThursdayThoughts #ThursdayThought #Thursday #ThursdayTreats #TravelThursdayâ€¦ https://t.co/jBZEsNmU6p
2018-03-22 14:34:58,REALLY ANNOYING DRIVERS (acrostics) https://t.co/vm14GE0PgS #ThursdayThoughts #ThursdayThought #Thursdayâ€¦ https://t.co/4JsasajA5q
2018-03-22 14:34:47,QUEUE JUMPERS https://t.co/IEa3CvoPyF #ThursdayThoughts #ThursdayThought #Thursday #ThursdayTreats #TravelThursdayâ€¦ https://t.co/qXwvYdZBRk
2018-03-22 14:34:37,PICK ME UP TOMMY https://t.co/qLxaSCUR8D #ThursdayThoughts #ThursdayThought #Thursday #ThursdayTreatsâ€¦ https://t.co/kbppXKQrCd
2018-03-22 14:34:26,PEOPLE WATCHING https://t.co/yqYNT9c7qH #ThursdayThoughts #ThursdayThought #Thursday #ThursdayTreatsâ€¦ https://t.co/JaRN1ks8LZ
2018-03-22 14:33:33,CATCH ME ON CAM NOW BEING A DIRTY FILTHY SLUTğŸ˜ˆğŸ‘ğŸ”https://t.co/L9jT5WPixQâ€¦ #AdultWork #DirectCam #GODDESS_SWAROVSKIâ€¦ https://t.co/xUsNogwOkh
2018-03-22 14:28:26,"Catch our wonderful client MARK PENFOLD in Julius Caesar tonight, which is being broadcast @NTLive cinemas fromâ€¦ https://t.co/KXW5WYkhJx"
2018-03-22 14:25:47,"â€œAre you the king of the Jews?â€

https://t.co/bSAuJLrWq0 #SimplyJesus 
#ThursdayTreats #GoodFriday https://t.co/5jink7Ker5"
2018-03-22 14:23:53,"When everything seemed lost, We made escape routes; paths to tomorrow, because we could not accept defeat, we cannoâ€¦ https://t.co/r2Fdh00iGB"
2018-03-22 14:18:30,"The sexy @cassidyxklein got a big suprise on this ""Summer Break Flings"" #ThursdayTreats https://t.co/w4qMUe0umu https://t.co/gC989Xtwuj"
2018-03-22 14:18:00,Looking for a handy comparison chart to cover all your @ubnt #TOUGHSwitch questions? We have just the thing for youâ€¦ https://t.co/yBN1n9NdXv
2018-03-22 14:17:10,Â£19.95 for 2 Courses and a selected drink! YES PLEASE ğŸ˜ The perfect pre-gig treat for #daraobriain @cityh4ll this eâ€¦ https://t.co/Fkd7TaCPWQ
2018-03-22 14:12:32,"GoodMorning Nailsderellas &amp; Queen ShÃ©s ğŸ‘‘ğŸ†ğŸ”¥âœ¨ 
I Felt This In EveryWay Possible ğŸ˜‡
Remain The Strong DANGEROUS WOMANâ€¦ https://t.co/7ZZsAKNzu9"
2018-03-22 14:04:54,"Word of Advice
#QuranHour #Ø³ÙˆØ±Ø©_Ù„Ù‚Ù…Ø§Ù† #ThursdayTreats #FelizJueves
https://t.co/2gFivbVGan"
2018-03-22 14:02:44,"Here's a treat for all y'all - seven short stories by Junot Diaz you can read for free right now 

#fictionâ€¦ https://t.co/ibLTo3jA06"
2018-03-22 14:00:51,"Elephants and a host of other wildlife headed home at dusk in #AmboselinationalPark 
ğŸ“·: @tahaghouchkanlu 
#sunsetâ€¦ https://t.co/4BEVZHqoa7"
2018-03-22 14:00:41,#tbt me @ the #TimeIsIllmatic @Nas movie /concert #Philly #ThursdayTreats  #thursdaytreat #ThrowbackThursday #TbThursday
2018-03-22 14:00:00,"18 layers of tongue ripping hell on this Unwritable Rant podcast episode

https://t.co/iUdEECbl0M

#podernfamilyâ€¦ https://t.co/GXcvRoWW06"
2018-03-22 13:59:15,Tortino al Parmigiano...Parmesan flan with balsamic vinegar &amp; crispy parma ham - are we making your mouth water???â€¦ https://t.co/AE3ZMqA086
2018-03-22 13:59:09,With @TeamHardRacing at @SnettertonMSV #TwitterCarClub #MotorTrade #motorsport #ThursdayMotivation #ThursdayTreatsâ€¦ https://t.co/gcTvkRqlTR
2018-03-22 13:56:18,(  ~ __  *  ) Give but don't allow yourself to be used. #Love but don't allow your  #heart to be #abused. #Trust buâ€¦ https://t.co/6LlOLSqTN1
2018-03-22 13:55:45,"ok. confession. i actually searched this gif to see if Biden or Trump was present
#ThursdayThoughts #ThursdayTreats https://t.co/cBZIYeOS80"
2018-03-22 13:55:44,"Down by the shore, Boeme cushions for all occasions #sunrise #bonito #cushions #velvet #luxury #interior #giftâ€¦ https://t.co/zJloFobMzh"
2018-03-22 13:54:25,"""Just for Today, I will not be Angry and not Worry"" #Reiki #Soul #Aromatherapy #ThursdayTreats #Dancingâ€¦ https://t.co/67lUSiTbXn"
2018-03-22 13:54:16,Care to know how to improve your short-term memory. Check https://t.co/kGbO2NNosY for a tip andâ€¦ https://t.co/5P5wyTS4jL
2018-03-22 13:53:42,"Awesome!!!ğŸ‘‡ğŸ¼ğŸ‘‡ğŸ¼ğŸ‘‡ğŸ¼

#ThursdayTreats

â¤ï¸ğŸ™ğŸ¼â¤ï¸ğŸ‡ºğŸ‡¸ https://t.co/5tC1ZKSTNF"
2018-03-22 13:51:51,"@realDonaldTrump I REMEMBER THAT YOU , TRUMP JR. , PENCE WENT TO ENDORSE @RickSaccone4PA IN THE #PA18 RACE ğŸ!!! 
Iâ€¦ https://t.co/Mo9ptkSu0p"
2018-03-22 13:50:33,"""If you do things . . . do it without fear - that's my philosophy.""
@AnthonyHopkins #AnthonyHopkins #PeaceAndLoveâ˜®ï¸â€¦ https://t.co/upU1n7kbTC"
2018-03-22 13:48:00,Remember your favorite pair?#ThrowbackThursday #ThrowbackThingsFromMyChildhood #ThursdayThoughtsâ€¦ https://t.co/aZSac8xE5n
2018-03-22 13:47:17,Lunchtime treats are definitely needed today! ğŸ° But it's always important to remember how lucky we are to have cleaâ€¦ https://t.co/KwV4sevZCP
2018-03-22 13:47:04,Nice report on safe sex! #safesex #ThursdayMotivation #ThursdayThoughts #ThursdayTreats https://t.co/oCBzd8lYfa
2018-03-22 13:45:16,"It's Thursday ğŸ™Œ You know what that means... A cheeky #Burger lunch!

Thanks @Smoky_Amersham ğŸ”ğŸŸğŸŒ­

#ThursdayTreatsâ€¦ https://t.co/aHXj11SIye"
2018-03-22 13:42:05,Remember your favorite pair?#ThrowbackThursday #ThrowbackThingsFromMyChildhood #ThursdayThoughtsâ€¦ https://t.co/3Cp7s7tpp1
2018-03-22 13:36:47,Combine your after-work drink with crazy indoor golf and yummy street food. Swingers West End has just opened thisâ€¦ https://t.co/kx9cKHyaTp
2018-03-22 13:30:00,"I do love castings... â€œif you could mime this song in the style of Dick Van Dyke...â€ sure ğŸ˜‚
#ThursdayTreats #actorlife"
2018-03-22 13:29:08,#ThursdayTreats ..you must refer all of your questions to our attorneys ..ğŸ­.. https://t.co/SyP4qNRqeT
2018-03-22 13:21:00,"End your week off with a #massage from Michener #Rihanna 

4pm - 10pm

519-821-3512
https://t.co/V8wn253tiDâ€¦ https://t.co/X7CgyBFvNB"
2018-03-22 13:20:10,"Have some ""lucky charms"" for breakfast this morning: https://t.co/rmEbrWSkVu #ThursdayTreats #Lucky https://t.co/lPygwxpIeL"
2018-03-22 13:19:03,"Perfect for a #ThursdayTreats , nothing beats coming home to a home cooked meal https://t.co/EhMOT2gU6K"
2018-03-22 13:17:15,Subscribe https://t.co/eLkKqOl0Md #ThursdayTreats #dogsarelove #MeToo #dorsethour #DownSyndrome
2018-03-22 13:15:45,Morning #Ottawa ğŸ’‹Come see me today for #Incall near St.Laurent! #EscortAds #sexy #hotels #babe #massages #fetishâ€¦ https://t.co/nfJ7XtD8Cd
2018-03-22 13:11:07,Thursday positive quote of the day #positive #motivation #success #thursday #ThursdayMotivation #ThursdayThoughtsâ€¦ https://t.co/MCOJ7CgHhY
2018-03-22 13:06:04,"Hot as fuck!! Elizabeth in #MiltonKeynes today, catch her while you can boys... 01908711821 #ThursdayTreats #Sex https://t.co/2detG8T2vM"
2018-03-22 13:01:07,"5 Unique options for your floors.
#ArchitecturePlusInteriors #HomeDecor #InteriorDesign #homedecorideasâ€¦ https://t.co/fNOFGESFWG"
2018-03-22 12:59:13,"Just in time for Easter holidays, enjoy 3 for 2 on selected little Joule! @FurlongCentre #Ringwood #Easter2018â€¦ https://t.co/OJJwisRatp"
2018-03-22 12:57:00,"Long, and stressful #week? Come and reduce that built up #stress with a #massage - come and visit #Amber today! 

9â€¦ https://t.co/s6QNH06kGd"
2018-03-22 12:51:22,"Beautiful ğŸ‘‘

#OnErythingILoveTho

#thursdayfunday

#ThursdayTreats https://t.co/rbFTGw3n4z"
2018-03-22 12:48:34,Tonight is Burger Night at The Terrace! 2 for Â£18! ğŸ”ğŸ”ğŸ½ #ThursdayTreats #burgers #restaurants https://t.co/HVQ0YUA7fI
2018-03-22 12:44:52,With @TeamHardRacing at @SnettertonMSV  #TwitterCarClub #MotorTrade #motorsport #ThursdayMotivation #ThursdayTreatsâ€¦ https://t.co/IYJpaVOszi
2018-03-22 12:42:58,It wouldn't be #SpringTime without Chicken Matzo Ball #Soup...on Tap Today #ThursdayTreats #SoupCup #TraverseCityâ€¦ https://t.co/y1tvGtsAN7
2018-03-22 12:38:39,"It's Thursday! That means #premierleaguedarts is on tonight!
Possibly makes Thursday my favourite day of the week!â€¦ https://t.co/6MC0BPHc25"
2018-03-22 12:34:19,"Get together at home are incomplete without hot #potato fritters or crunchy fish fries, right? Enhance the pleasureâ€¦ https://t.co/rBMEKkyf6d"
2018-03-22 12:32:12,Beach weather here and Iâ€™ve closed up MacBook for a break #ThursdayTreats https://t.co/YKtlnFhmEd
2018-03-22 12:30:36,"Between the ridiculous (higher than Obama) level of govt spending &amp; your stupid trade war, youâ€™re going to completeâ€¦ https://t.co/wctfh9aCax"
2018-03-22 12:30:01,"Today's Thursday Late Night Shopping Special @ Sweethaven! 
#Deals #Promotions #savemoney #Reigate #ThursdayTreats https://t.co/gKCIWER9aN"
2018-03-22 12:27:59,Catch me for the last time this week @chaturbate now until 3pm https://t.co/DbiffCJbmm let's have some fun!â€¦ https://t.co/dWmBJhZEJN
2018-03-22 12:26:58,"UK Cottages, European Cottages and Something Special!! #ThursdayThoughts #ThursdayTreats https://t.co/jIrk3bLZPD"
2018-03-22 12:26:07,"Early May Bank Holiday, Off Peak April, Summer &amp; Whitsun offers! #ThursdayThoughts #ThursdayTreats https://t.co/0vThorZtZD"
2018-03-22 12:24:58,"Last chance to grab an Easter deal!
South East England, South West England &amp; the Heart of England offers!â€¦ https://t.co/ShCBeY026V"
2018-03-22 12:24:26,"Pedo v Trump who wins?

Trump would kick his ass.

#ThursdayThoughts #ThursdayTreats https://t.co/KAz0SKr5sF"
2018-03-22 12:24:09,"Last chance to grab an Easter deal!
Scotland, North England &amp; Wales offers!! #ThursdayMotivation #ThursdayTreats https://t.co/uLkzkdo8lX"
2018-03-22 12:22:00,"Come and visit #Anna, and finish off your #weekend with a strong and top #massage! 

9am - 4pm

519-821-3512â€¦ https://t.co/cQkrHlE6YE"
2018-03-22 12:19:49,Here we are at @WSLightBulb ! @WorkspaceGroup Come and say hi! #events #fashion #ThursdayThoughtsâ€¦ https://t.co/MGHb4nBIeA
2018-03-22 12:18:18,"Reimagined dirty martini. Gin,stirred, topped with olive foam.  #cocktailcreativehelps #martini #reimagineâ€¦ https://t.co/lQaQuPd0pL"
2018-03-22 12:08:20,"A Lilttle Glitter and Some Me-Time is all That You Need On a Holiday.

https://t.co/hEwxYPfhoi
#ThursdayThoughtsâ€¦ https://t.co/j5jt4Mn30W"
2018-03-22 12:06:13,OUT OF SERVICE https://t.co/YOmRybFUOC #ThursdayThoughts #ThursdayThought #Thursday #ThursdayTreats #TravelThursdayâ€¦ https://t.co/xZ5KRcv1tr
2018-03-22 12:06:02,"OUT IN THE COUNTRY, AGAIN https://t.co/ao5QvqqSki #ThursdayThoughts #ThursdayThought #Thursday #ThursdayTreatsâ€¦ https://t.co/RTrDxGbpHN"
2018-03-22 12:05:51,OUT IN THE COUNTRY https://t.co/3o2OHvFlEj #ThursdayThoughts #ThursdayThought #Thursday #ThursdayTreatsâ€¦ https://t.co/oqxiT9ky6D
2018-03-22 12:05:39,ON THE WAY TO MAYBURY HILL https://t.co/tAI2AMaka4 #ThursdayThoughts #ThursdayThought #Thursday #ThursdayTreatsâ€¦ https://t.co/UIs3O2Jsaz
2018-03-22 12:05:28,ON THE TITANIC https://t.co/1dRu6OdJCp #ThursdayThoughts #ThursdayThought #Thursday #ThursdayTreats #TravelThursdayâ€¦ https://t.co/4ABCiuX8Il
2018-03-22 12:05:18,ON THE CONCORDIA https://t.co/nD4Ez3rSfd #ThursdayThoughts #ThursdayThought #Thursday #ThursdayTreatsâ€¦ https://t.co/aUKSwK6Bxa
2018-03-22 12:05:06,OH LOOK A FLY https://t.co/0JXbP5Fn9f #ThursdayThoughts #ThursdayThought #Thursday #ThursdayTreats #TravelThursdayâ€¦ https://t.co/T2vlfMgvV5
2018-03-22 12:04:10,They look more cute visit the link in bio...#Thursday #UKSmallBiz #ThursdayTreats #ATSocialMediaUK #ImUKBizâ€¦ https://t.co/FikzNCOObZ
2018-03-22 11:59:09,Loads to choose from at IAN. Try https://t.co/JcTPKmbbcS for 'Outstanding storytelling.' #amwriting #ThursdayTreatsâ€¦ https://t.co/4nprToOYJs
2018-03-22 11:56:55,They don't care how much you know -  until they know how much you care. @CoachJuscik @CoachKiernanFB @OL_CoachTynerâ€¦ https://t.co/DDiM51yeTC
2018-03-22 11:55:29,"Being optimistic really has nothing to do with happiness, itâ€™s just taking whatever life chucks at you and not lettâ€¦ https://t.co/bRJuqGzoU2"
2018-03-22 11:55:10,"Do you know which are the #healthiest #nuts and #seed you can have? Read it here: https://t.co/aETzopur2a
#healthâ€¦ https://t.co/SxuGaJCtwg"
2018-03-22 11:54:05,"NO FRILLS, MORE BILLS https://t.co/XEGvaa4K6w #ThursdayThoughts #ThursdayThought #Thursday #ThursdayTreatsâ€¦ https://t.co/kqgaJg7Vnw"
2018-03-22 11:53:55,"Dreaming of taking @reenaskyvip home from the bar. 

#fantasy #mymuse #Sexy #ThursdayTreats https://t.co/gQtQmav1e8"
2018-03-22 11:53:54,NO FRILLS https://t.co/hDv72xU34c #ThursdayThoughts #ThursdayThought #Thursday #ThursdayTreats #TravelThursdayâ€¦ https://t.co/oaTdLmywxV
2018-03-22 11:53:44,NIGHTMARE FLIGHT https://t.co/n9uEFqojf9 #ThursdayThoughts #ThursdayThought #Thursday #ThursdayTreatsâ€¦ https://t.co/MTKffzLl2b
2018-03-22 11:53:40,New blog post on my website!  Breaking All The Rules giveaway and sale! https://t.co/Wa0qrnxI8A â€¦ #giveaway #saleâ€¦ https://t.co/bFHp8WQFR7
2018-03-22 11:53:33,MY SATNAV IS WORSE THAN MY WIFE https://t.co/wZ9vrweYdv #ThursdayThoughts #ThursdayThought #Thursdayâ€¦ https://t.co/hOeeNdhMUN
2018-03-22 11:53:23,MY SATNAV IS A VERY HELPFUL DEVICE https://t.co/9Qz9neTvVs #ThursdayThoughts #ThursdayThought #Thursdayâ€¦ https://t.co/uwFp2OFzhB
2018-03-22 11:53:12,MY SATNAV HAS AUDIBLE ALARMS https://t.co/NOPi8bLvi9 #ThursdayThoughts #ThursdayThought #Thursday #ThursdayTreatsâ€¦ https://t.co/Rdvl2Wm8v5
2018-03-22 11:53:02,MY GIRLFRIEND GOT SUNBURNT https://t.co/vqBGaHCePV #ThursdayThoughts #ThursdayThought #Thursday #ThursdayTreatsâ€¦ https://t.co/zczIcOIBSj
2018-03-22 11:52:45,MODERN AUTOMOTIVE ENGINEERING https://t.co/nwDsQLvtcQ #ThursdayThoughts #ThursdayThought #Thursday #ThursdayTreatsâ€¦ https://t.co/yzY4eNPneK
2018-03-22 11:52:34,MEN AND MOTOR&amp;#039;S https://t.co/m6KNLL2Ke8 #ThursdayThoughts #ThursdayThought #Thursday #ThursdayTreatsâ€¦ https://t.co/l4QgpcA2WU
2018-03-22 11:52:14,"We're having chicken nuggets day and it's the best day. ğŸ˜‚
#ThursdayTreats #Thursday #chickennuggets https://t.co/jG1MgOo7Z9"
2018-03-22 11:47:17,Overindulging in work ğŸ˜©ğŸ™ˆ #Thursdaytreats #cantsayno #wellitsnotsummeryet #nobeachbodforme #ThursdayThoughts https://t.co/pekUOwMdEv
2018-03-22 11:45:57,"For once we've written something vaguely useful if you want to know about, like, wine or whatever. Here's our top tâ€¦ https://t.co/vaBl4OoShW"
2018-03-22 11:42:38,"#ThursdayThoughts #ThursdayMotivation #ThursdayTreats #MAGA #2A #2ADefenders 
Many of the leftist flowerchildren (â€¦ https://t.co/YVgyCeTPVV"
2018-03-22 11:42:31,"#ThursdayTreats Lamington Group launches new â€˜hometelsâ€™ concept
https://t.co/7e1Sg9Z9ve
#hoteldesign #hoteltrendsâ€¦ https://t.co/pMkPVOIM33"
2018-03-22 11:38:59,Our special food options has to be paired always with special beers #foodfreedom #CraftBeerPub #ThursdayTreats https://t.co/9FRsJ1VFDi
2018-03-22 11:35:59,Ready for your next challenge? Baines is looking for RGN and HCA in #London @JCPinNthLondon #jobsearch  #jobfairyâ€¦ https://t.co/qq5OSxa0j4
2018-03-22 11:34:44,CSK Coffee Mug | Chennai Super Kings Coffee Mug | IPL Coffee Mu... by Brand Bihar https://t.co/ZIiQdt537s viaâ€¦ https://t.co/BN47UlSfEN
2018-03-22 11:30:01,Make the occasion feel a little more pleasing with this beautifully designed unicorn cake from Love Sugar and Doughâ€¦ https://t.co/pB6EBesuBF
2018-03-22 11:28:07,#ThursdayTreats A massive shout-out to â¤ï¸Moschino for these divine spectacles. Considering my visage-shape and featâ€¦ https://t.co/swLf44VSbI
2018-03-22 11:25:15,"Retweeted Ushbaby (@Iam_ushbaby):

#ThursdayTreats #MorningDrive With @NekkyEkwenze @Iam_ushbaby 

#Np Skele Rmxâ€¦ https://t.co/D3M00Yd2Dt"
2018-03-22 11:22:36,"Former Sheriff Clarke did not contest Bidenâ€™s claim that Trump was the â€œfattest, ugliest S.O.B.â€ in a locker room,â€¦ https://t.co/bMDhEUNsmd"
2018-03-22 11:20:06,Vital Health Spain 2018 Day 3 - A glorious way to start the day a brisk walk on the beach to see the sunrise followâ€¦ https://t.co/4yC2PZXH21
2018-03-22 11:16:20,Spicy #WhiteChocolate #Cake #RecipeOfTheDay #Recipe https://t.co/ZLvXciWKRj #ThursdayTreats https://t.co/KUFa65Pt5d
2018-03-22 11:12:34,Well.. we work hard so we thought we deserved a treat.  #ThursdayTreats #CupCakes #doncasterisgreat https://t.co/xI5Sl6SeOF
2018-03-22 11:10:55,Don't forget we're at @WSLightBulb today! Get yourself a treat! #handbags #bags #BagSeason #bagsandpurses #fashionâ€¦ https://t.co/m9eovZLJmA
2018-03-22 11:08:47,Come and help Serena strip off... #MiltonKeynes 01908711821 #ThursdayTreats #Discounts #Sex https://t.co/unMLvqu1RA
2018-03-22 11:07:58,"Come &amp; join us for lunch today!
#Lunchtime #ThursdayTreats #lunch #LaCasaVerde @RedBarnG @VisitEdenâ€¦ https://t.co/n7Xsnm7crS"
2018-03-22 11:07:17,#Sex on legs! @angelinavelis in #MiltonKeynes until 8pm. Call 01908711821 now to book #ThursdayTreats https://t.co/t6sEpTxShB
2018-03-22 11:05:55,"SACKINGS.
SAVAGERY.
SUPERMARKETS.

The second Brute book - coming soon.

Catch up on Book 1 now FREE:â€¦ https://t.co/745MCn7hYb"
2018-03-22 11:04:19,Can you chill out guys? ğŸ¤¦ğŸ»â€â™‚ï¸ğŸ‘¨ğŸ»â€ğŸ³ğŸ˜©ğŸ‘¨ğŸ¼â€ğŸ³ #cook #recipes #Competition #fun Â  #ThursdayTreats #Food New Battle Prowessâ€¦ https://t.co/h20yCWgcIx
2018-03-22 10:59:39,Weâ€™re thrilled to announce that we have officially partnered with @camplete Solutions and will be supplying CAMpletâ€¦ https://t.co/VlnGIESmcI
2018-03-22 10:57:31,"A flower basket seen from above
#Flowers #flower #photography #ThursdayTreats #blomster https://t.co/WmDeSA5bPS"
2018-03-22 10:57:25,Position yourself so they will see your value. How can work together to get you there: https://t.co/UGbOg6p7MLâ€¦ https://t.co/rB9Nj2rlFH
2018-03-22 10:54:49,Just got my new bag from @bagsiethat1 ! Ahh I love it! They have great stuff #handbags #fashion #bagsâ€¦ https://t.co/TGhYIW7Fzv
2018-03-22 10:51:05,"Apple MacBook Air MQD32HN/A 13.3-inch Laptop 2017 
https://t.co/YhcU5FCEN3 
#AmazonIndia #bestdeals #shoppingâ€¦ https://t.co/aiTcBjARvl"
2018-03-22 10:44:02,"#ThursdayTreats If two hearts are meant for each other, fate will bring them together, no matter how far they are oâ€¦ https://t.co/8xPLRPXIub"
2018-03-22 10:41:54,"North of Florence, this small Tuscan hotel is in a fabulous position with great restaurant, pool and amazing views.â€¦ https://t.co/0tgnX7yxM3"
2018-03-22 10:41:44,"This Thursday treat your taste buds with this healthy Chicken Hummus Salad only from Maroosh. 

#Food #Healthyâ€¦ https://t.co/hfliZkSsri"
2018-03-22 10:35:00,Woah! Coincidence! I was just thinking on some #sexy things for #easter so this helps #ThursdayMotivationâ€¦ https://t.co/o4nmGfMMKU
2018-03-22 10:34:53,"Photo art #boudoir 
#ThursdayTreats 
@YemiKing_Photo https://t.co/5gHm6FCyqF"
2018-03-22 10:33:51,"Check this out! Our stunning #giftsets 20% OFF ğŸ™Œ Use code GIFT20 at checkout ğŸ‘‰ https://t.co/tQuALUSorj

#Discountâ€¦ https://t.co/nTaN1pmzd3"
2018-03-22 10:31:44,"ğŸ»ğŸ» It's MILLER time @ DNA Galway #tonight!! ğŸ»ğŸ» 
â‚¬1 bottles of #MILLER all night long! 
#DNA #Galway #Eyresquareâ€¦ https://t.co/qLjAEdU0dN"
2018-03-22 10:27:59,"#ThursdayThoughts #ThursdayTreats #ThursdayMotivation #MorningMusic
#80s #80smusic #earworm #MTV #YouTubeâ€¦ https://t.co/KHRm86kNB1"
2018-03-22 10:26:46,"QOTD: What was the last book you read? ğŸ¤“

#questiontime #Reading #ThursdayTreats https://t.co/g1xvQbQcmi"
2018-03-22 10:24:45,.@extractcoffee and pastries sweet and savoury; #ThursdayTreats to help you gather your #ThursdayThoughts .  ğŸ¤— https://t.co/DVXyTH9gl3
2018-03-22 10:21:00,"THE SOPRANO - a #supernatural #thriller set on the bleak, snowbound North #Staffordshire moors, is now n theâ€¦ https://t.co/26qmKjPBQm"
2018-03-22 10:16:51,"Our Rosewood, vetiver &amp; bergamot, goat milk #Soap is our ""eternal love"" soap bar, isÂ for those times when you needâ€¦ https://t.co/vVJ9szWaZl"
2018-03-22 10:15:17,Spring is here so why not treat your garden to one of our stylish chimeneas or firepits! #spring #ThursdayTreatsâ€¦ https://t.co/HUEFsleNrd
2018-03-22 10:01:50,Which of the monsters has been up to shenan-egg-ans? Can you crack the code to reveal the culprit? Let us know yourâ€¦ https://t.co/AxPYt5TI0V
2018-03-22 09:49:04,Being a statue is funğŸ˜ˆ #grumpycat #cats #cute #WednesdayWisdom #ThursdayTreats #CatsRule #meow https://t.co/gZWkrKmh5F
2018-03-22 09:40:34,"John Coltrane - Moment's Notice 
https://t.co/bzBdnD0Xyw
#Jazz #JohnColtrane #ThursdayMotivation #ThursdayTreats https://t.co/40MMOxzFmB"
2018-03-22 09:31:37,#ThursdayThoughts #ThursdayMotivation #Thursday #ThursdayTreats #ThrowbackThursday - tomorrow is Friday nearly anotâ€¦ https://t.co/6eGOcVKHJf
2018-03-22 09:30:33,"The *ultimate* library-themed USB stick? ğŸ¤“

(Via @clauersen) 

#ThrowbackThursday #Thursdaytreats https://t.co/bcwIOY3ns7"
2018-03-22 09:28:58,"Morning Everyone ğŸ˜Š
Itâ€™s coffee â˜•ï¸ time again on this #thursday morning. 
Whoâ€™s joining me as always for a cup â˜•ï¸â€¦ https://t.co/g1aZJohBjY"
2018-03-22 09:27:51,"Morning Everyone ğŸ˜Š
Itâ€™s coffee â˜•ï¸ time again on this #thursday morning. 
Whoâ€™s joining me as always for a cup â˜•ï¸â€¦ https://t.co/tua36viIHB"
2018-03-22 09:27:00,Every Thursday from 5-10pm get one of our tasty 8oz Rump steak and a drink for just Â£16! #ThursdayTreats
2018-03-22 09:26:04,Get some #ThursdayTreats in your ears and take a listen to the boys running the Gauntlet...not literally...â€¦ https://t.co/YkwrrIT6ON
2018-03-22 09:25:59,"ğŸ«Chocolate #teenğŸ’–@NoemieBilasğŸ’–flaunts her #cheekyğŸ’‹ğŸ‘#assğŸ‘ğŸ’‹ for @PropertySex. 
Watch thisğŸ‘¸ğŸ¿#princessğŸ‘¸ğŸ¿#twerk like aâ€¦ https://t.co/Y09QU7K3Ub"
2018-03-22 09:21:24,"I got myself lost while researching about something and became fascinated with something else instead, now suddenlyâ€¦ https://t.co/8L0TiYyYU0"
2018-03-22 09:18:44,Kids if you're a loner that wears Misfits T-Shirts everyday and knows the keycode to your parent's Gun safe this isâ€¦ https://t.co/hXk0e8gPDV
2018-03-22 09:03:59,"Oh have we got some THURSDAY TREATS for you âœ¨ 
Everything Â£10 on todayâ€™s #INSTAGRAM story âœ¨
@leboutique3 
Make sureâ€¦ https://t.co/cz08OR8g8l"
2018-03-22 09:02:58,"""And God said, 'Let there be light' and there was light, but the Electricity Board said He would have to wait untilâ€¦ https://t.co/s6zZndRaQX"
2018-03-22 08:51:52,The best way to have a #ThursdayMotivation is to start your #Thursday with #BBbreakfast ğŸ˜‰ That's how we do it inâ€¦ https://t.co/3KyJh1rwFO
2018-03-22 08:48:46,#Tea start for #ThursdayTreats https://t.co/PAzvoycHJH
2018-03-22 08:45:32,Get one of my children's Audiobooks for free! Click here: https://t.co/hShYKRHsLM via @musicaudiostory #Audiobook #giveaway #ThursdayTreats
2018-03-22 08:42:55,Anyone else notice the tiny bit of heat in the sunshine today?#sun #ThursdayThoughts #ThursdayTreats https://t.co/vFlLmHnpmu
2018-03-22 08:41:43,Is this true? #AnimalCruelty #AnimalsRights #Dairy #farmers #ThursdayTreats https://t.co/XWNQBdtqww
2018-03-22 08:40:26,"Sneak preview to this week's edition, Venezuela, &amp; food poverty. If they were doing so well, where's the food? Do wâ€¦ https://t.co/gbtO5hkYCL"
2018-03-22 08:34:39,"â€œPICS OF THE PROPSâ€
Episode 2: Steven shows 3 new entries
making their debut appearance at this
weekendsâ€¦ https://t.co/1JazIMFles"
2018-03-22 08:34:02,"Happy Birthday Wonder Woman! (we won't mention how old you are...)
ğŸ‘‰ğŸ½https://t.co/AxbT9mgkdI

#Wonderwomanâ€¦ https://t.co/qATlkE7LNs"
2018-03-22 08:33:56,"The laziest character in the world, who loves to sleep! #love #for #sleep #garfield #ThursdayTreats https://t.co/CRBjDXMWtb"
2018-03-22 08:29:54,"#ThursdayTreats #MorningDrive With @NekkyEkwenze @Iam_ushbaby 

#Np Street Game @Smokeyfire_u On @LumenRadio949â€¦ https://t.co/GtvgO1rmco"
2018-03-22 08:25:39,"Best #wine deals 25% OFF for Easter https://t.co/Vn4BFWZ87b        
Great for party gatherings, celebrations,â€¦ https://t.co/lDZICXBtkk"
2018-03-22 08:25:11,"#ThursdayTreats #MorningDrive With @NekkyEkwenze @Iam_ushbaby 

#Np Angelic Worship @NekkyEkwenze On @LumenRadio949â€¦ https://t.co/6DAi2goEZj"
2018-03-22 08:24:25,"Don't let anyone tell you otherwise!
https://t.co/PZkwpLP6a3
#ruwines #winemerchant #quotesofthedayâ€¦ https://t.co/kU4PTCAGhk"
2018-03-22 08:15:04,Check my new story -I WENT TO THE RESTAURANT LAST NIGHT- published on ABCtales.  https://t.co/NosMVtmqaO #abctalesâ€¦ https://t.co/GCfxevWOt5
2018-03-22 08:13:31,"#ThursdayTreats #MorningDrive With @NekkyEkwenze @Iam_ushbaby 

#Np Somebody @x_busta Ã— @humblesmiths Onâ€¦ https://t.co/frx9uISJTw"
2018-03-22 08:12:55,More from our trip to one of the Bigfoot hotspots a couple months ago. This is their nice museum and a collection oâ€¦ https://t.co/Hd6tn1YL9F
2018-03-22 08:08:14,"ğŸ‘‹ğŸ¾GOOD DAY, how u doing?!ğŸ‘‹ğŸ¾

So.. Did you hear our â“‚ï¸#MyChurchEvents #EventsGuide for this week yet? 

Forâ€¦ https://t.co/hOEeHogxBi"
2018-03-22 08:05:53,"ğŸ‘‹ğŸ¾GOOD DAY, how u doing?!ğŸ‘‹ğŸ¾

So.. Did you hear our â“‚ï¸#MyChurchEvents #EventsGuide for this week yet? 

Forâ€¦ https://t.co/jOg0xYxWoK"
2018-03-22 08:04:40,"#ThursdayTreats #MorningDrive With @NekkyEkwenze @Iam_ushbaby 

#Np Cool It Down @PeterPsquare On @LumenRadio949â€¦ https://t.co/2EaK6b6yJm"
2018-03-22 08:03:00,Kick start your day with an energising nutty boost - @PickledPlates' glorious spiced pecan butter is delicious spreâ€¦ https://t.co/FIdy1AXBhC
2018-03-22 08:02:58,Everyone loves free goodies. #Kashmir police distributes free helmets to         two-wheeler riders without helmetsâ€¦ https://t.co/wIp7vEbpGe
2018-03-22 08:00:00,Here it is! It's that time of week again to let your hair down and bring on the weekend! Join us a Lloyd's Lounge fâ€¦ https://t.co/ZzPIW40Dta
2018-03-22 07:58:41,"#ThursdayTreats #MorningDrive With @NekkyEkwenze @Iam_ushbaby 

#Np No Do @iamkissdaniel On @LumenRadio949â€¦ https://t.co/CrEhpaXRgk"
2018-03-22 07:55:30,I apologize my sexiness is too much for you to handle #ThongThursday  #ThursdayTreats #CammingBabes #firecams https://t.co/yisSaFYioJ
2018-03-22 07:54:54,"#ThursdayTreats #MorningDrive With @NekkyEkwenze @Iam_ushbaby 

#Np Twerk It @fynnexx_boxx On @LumenRadio949â€¦ https://t.co/hdUdtgXPhk"
2018-03-22 07:53:26,"#ThursdayTreats #MorningDrive With @NekkyEkwenze @Iam_ushbaby 

#Np Change @humblesmiths On @LumenRadio949â€¦ https://t.co/JrHLaPn6Ra"
2018-03-22 07:50:05,"10.or D (Beyond Black, 3 GB) https://t.co/lHhchtFdCr
#AmazonIndia #smartphone #buy #offers #day #Deal #bestdealsâ€¦ https://t.co/g2lt6uZrmo"
2018-03-22 07:48:36,#ThursdayTreats #ThursdayThoughts #ThursdayMotivation @thursdayrocker .... today 20.00 (UK) streamâ€¦ https://t.co/sOPy8g6rfN
2018-03-22 07:44:23,Now shop all your favourite brand products for FREE only at Heritage Fresh. Become a member now and enjoy theâ€¦ https://t.co/pq3ogKkE9P
2018-03-22 07:44:09,"Can you handle this #Hot trio in #W14 today?

PORTIA
SASHA
LOUISE

Call 02035890126 from 10am to book ğŸ“
Open 11am tâ€¦ https://t.co/EJR1Ehgjfx"
2018-03-22 07:38:13,"Throughout this week, we have been visualizing, organizing, prioritizing and energizing our teams accross the countâ€¦ https://t.co/SRGl8fjWSa"
2018-03-22 07:38:01,Off for a lovely lunch this afternoon and then to enjoy @sportrelief celebrity boxing match tonight at @MediaCityUKâ€¦ https://t.co/lqNtahq9Rh
2018-03-22 07:36:09,Stourbridge Sensualize Such A Lovely Place To Find Ones Self! https://t.co/QWGmDgyFu1 Why Not 'Treat Your Meat' &amp; Bâ€¦ https://t.co/KUfZJatCa1
2018-03-22 07:33:12,The future is not for us to see but for us to experience #quote #InspirationalQuote #inspirational #ThursdayTreats #livewell #daringgreatly
2018-03-22 07:31:31,"Honor 7X (Black, 4GB RAM + 32GB memory) by Honor https://t.co/6vamBNLTCV
#AmazonIndia #smartphone #buy #offers #dayâ€¦ https://t.co/0v8xtPkDMY"
2018-03-22 07:24:53,"call me dunkin cause i donut care
@dunkindonuts #ThursdayThoughts #ThursdayMotivation #ThursdayTreats"
2018-03-22 07:23:17,"#ThursdayTreats #MorningDrive With @NekkyEkwenze @Iam_ushbaby 

#Np Bless Me @MrFanzyPapaya Ã— @patorankingfire Onâ€¦ https://t.co/9Toye5rb0N"
2018-03-22 07:14:21,"#ThursdayTreats #MorningDrive With @NekkyEkwenze @Iam_ushbaby 

#Np Ogbono Se @chidokeyzdavid On @LumenRadio949â€¦ https://t.co/oHYsPGs6m6"
2018-03-22 06:46:23,@PhoenixLeeds @KeishaPrentisha Have a great day with lots of #ThursdayTreats @KeishaPrentisha !
2018-03-22 06:43:10,"Find all the Adobe Illustrator shortcuts here- https://t.co/Yt8I1CsPBD
#ThursdayThoughts #Thursday #ThursdayTreatsâ€¦ https://t.co/MOWtXmY040"
2018-03-22 06:32:02,3 super speedy hair treatments you can squeeze into your lunch break https://t.co/POChJaN6iw #beauty #ThursdayTreats https://t.co/Pn08IF8qza
2018-03-22 06:32:01,"It has been a while since I last met the amazing George Mitchell @JNU_IN, and I just got invited to his talkâ€¦ https://t.co/KCh9AJLeuL"
2018-03-22 06:30:27,How about starting the week with these really happy flamingo prints? #sockfetish #colortherapy #sockgameâ€¦ https://t.co/lBHTOVeyS9
2018-03-22 06:30:14,Join #TonyPatti #BreakfastShow Playing some great #songs between 6-9am #breakfastofchampions #breakfastshow ğŸ¶ğŸ§â€¦ https://t.co/w7Ys4T0vEa
2018-03-22 06:20:26,"MOBILE #ACCESSORIES #GIVEAWAY
CLICK ON THE LINK- https://t.co/kGgaZL3Stl 
#ThursdayTreats #WorldWaterForum8â€¦ https://t.co/8kIfJq5wpf"
2018-03-22 06:07:45,"ğŸŒ #riseandshine #Lagos 
#NowOnAir on your stereo the Radio Duke ğŸ“» @iamradioduke cc @freshprincesina 
on theâ€¦ https://t.co/f5jOnpDWTm"
2018-03-22 06:06:23,"ğŸŒ #riseandshine #Lagos 
#NowOnAir on your stereo the Radio Duke ğŸ“» @iamradioduke cc @froshbeni 
on the #MorningRushâ€¦ https://t.co/4yWaxGsOzz"
2018-03-22 06:05:16,"ğŸŒ #riseandshine #Lagos 
#NowOnAir on your stereo the Radio Duke ğŸ“» @iamradioduke cc @freshprincesina 
on theâ€¦ https://t.co/7N2RqxnU7m"
2018-03-22 06:05:15,"ğŸŒ #riseandshine #Lagos 
#NowOnAir on your stereo the Radio Duke ğŸ“» @iamradioduke cc @Bigjunior5 
on the #MorningRushâ€¦ https://t.co/FxuA3TMyHw"
2018-03-22 06:03:23,"ğŸŒ #riseandshine #Lagos 
#NowOnAir on your stereo the Radio Duke ğŸ“» @iamradioduke cc @jaydanbadguy 
on theâ€¦ https://t.co/n2F9wCYnNp"
2018-03-22 06:01:03,"ğŸŒ #riseandshine #Lagos 
#NowOnAir on your stereo the Radio Duke ğŸ“» @iamradioduke cc @DjGabiTee 
on the #MorningRushâ€¦ https://t.co/LCYoNA14ZV"
2018-03-22 05:50:05,"#QouteOfTheDay 
What if the treatment &amp; management of chronic disease could be so personalized that no two individuâ€¦ https://t.co/r5L8I1p6R6"
2018-03-22 05:44:56,"Get Free Bluetooth Adapter by Subscribing to our Channel https://t.co/cIiuu2zJ8Q
-----------
#MarkZuckerbergâ€¦ https://t.co/nh34J3LqBz"
2018-03-22 05:34:26,The beauty of this country called #kenya mesmerises my heart. #beautiful sceneries are everywhere. Be it by theâ€¦ https://t.co/KdOLGmp2Pp
2018-03-22 05:30:00,"We've found the Tofu of your dreams for today's lunch.
Visit Pincukâ€‹, Navi Mumbai for an appetizing meal.
Downloadâ€¦ https://t.co/4mApiYej6A"
2018-03-22 05:21:27,"ğŸŒ #riseandshine #Lagos 
#NowOnAir on your stereo the Radio Duke ğŸ“» @iamradioduke 
on the #MorningRushâ€¦ https://t.co/HNW7q2nhY8"
2018-03-22 05:21:26,"ğŸŒ #riseandshine #Lagos 
#NowOnAir on your stereo the Radio Duke ğŸ“» @iamradioduke 
on the #MorningRushâ€¦ https://t.co/aaNZQWV5yP"
2018-03-22 05:21:19,"ğŸŒ #riseandshine #Lagos 
#NowOnAir on your stereo the Radio Duke ğŸ“» @iamradioduke 
on the #MorningRushâ€¦ https://t.co/IYQc3sUQBm"
2018-03-22 05:18:58,"ğŸŒ #riseandshine #Lagos 
#NowOnAir on your stereo the Radio Duke ğŸ“» @iamradioduke 
on the #MorningRushâ€¦ https://t.co/GeINoikHxQ"
2018-03-22 05:18:57,"ğŸŒ #riseandshine #Lagos 
#NowOnAir on your stereo the Radio Duke ğŸ“» @iamradioduke cc @Bigjunior5 
on the #MorningRushâ€¦ https://t.co/iHFrYkACP6"
2018-03-22 05:18:54,"ğŸŒ #riseandshine #Lagos 
#NowOnAir on your stereo the Radio Duke ğŸ“» @iamradioduke cc @jaydanbadguy 
on theâ€¦ https://t.co/cSqdPgFw6j"
2018-03-22 05:14:50,"ğŸŒ #riseandshine #Lagos 
#NowOnAir on your stereo the Radio Duke ğŸ“» @iamradioduke 
on the #MorningRushâ€¦ https://t.co/DEfaMbtNGR"
2018-03-22 05:14:50,"ğŸŒ #riseandshine #Lagos 
#NowOnAir on your stereo the Radio Duke ğŸ“» @iamradioduke cc @deejay_koolio on theâ€¦ https://t.co/bWSWAeaSc8"
2018-03-22 05:14:47,"ğŸŒ #riseandshine #Lagos 
#NowOnAir on your stereo the Radio Duke ğŸ“» @iamradioduke cc @jaydanbadguy 
on theâ€¦ https://t.co/AwiWA0WSTy"
2018-03-22 05:12:01,"ğŸŒ #riseandshine #Lagos 
#NowOnAir on your stereo the Radio Duke ğŸ“» @iamradioduke 
on the #MorningRushâ€¦ https://t.co/shnfZT4hFv"
2018-03-22 05:12:00,"ğŸŒ #riseandshine #Lagos 
#NowOnAir on your stereo the Radio Duke ğŸ“» @iamradioduke cc @freshprincesina 
on theâ€¦ https://t.co/CgaR7uNqqv"
2018-03-22 05:11:57,"ğŸŒ #riseandshine #Lagos 
#NowOnAir on your stereo the Radio Duke ğŸ“» @iamradioduke cc @Isaac_Olori on the #MorningRushâ€¦ https://t.co/A9O9tqyHVt"
2018-03-22 04:46:05,"@vanistrator @JelenaOstapenk8 @sorana_cirstea UPDATE! ğŸŒŸÂ #ThursdayTreats 

ğŸ‡±ğŸ‡»@JelenaOstapenk8 did have dinner w/ ğŸ‡·ğŸ‡´â€¦ https://t.co/aUo1fGG2nq"
2018-03-22 03:36:08,#change4better #practicegratitude #ShareGoodness #FamilyMatters #ThursdayTreats My little #tribute to my Grandsonâ€¦ https://t.co/hb6HPGcT2B
2018-03-22 02:34:59,so ready for this green to wash out ğŸ˜‚ğŸ˜ğŸ˜ğŸ˜˜ @ChatTimeNow is where u can find my ass in am ğŸ˜— #ThursdayMotivation #imageâ€¦ https://t.co/BGYA3PaRgJ
2018-03-22 02:28:22,What n epicurean delight over beer n sizzlers #ThursdayTreats #FoodFood #foodunwrapped #foodphotographyâ€¦ https://t.co/TQrQJXehrB
2018-03-22 01:36:14,"This is it ... this is all of 'em ... #ha ğŸ˜‚ğŸ˜œ

#MondayMotivation
#TuesdayThoughts
#WednesdayWisdom
#ThursdayTreatsâ€¦ https://t.co/rpCihsfkqY"
2018-03-22 00:28:10,"Itâ€™s been a while since I last posted anything, should I start posting more often?#daddyissues #daddydom #ddlgâ€¦ https://t.co/zK98TlRJ6X"
2018-03-21 21:05:42,Join me tomorrow #BreakfastShow host @TonyPatti_Lyca with the one n only @TonyPatti_Lyca  Playing some great #songsâ€¦ https://t.co/xq4LE1atWu
2018-03-21 11:29:57,Donâ€™t forget #cupcake #sale @WSCargoWorks @WorkspaceGroup  in reception tomorrow all for Ahoy #charity so treat youâ€¦ https://t.co/U8tLBaNq0Y
2018-03-21 11:26:16,Don't forget our #cupcake #sale tomorrow @WSCargoWorks @WorkspaceGroup in reception #Charity Ahoy. Go on treat yourself this #ThursdayTreats
2018-03-20 18:52:46,#Thursday! Tune in to @krxmradio for a special EARLY show at 10am CST / 11am EST - he'll be chatting withâ€¦ https://t.co/ZJlVyuH3JU
2018-03-20 09:28:01,"#TuesdayThoughts #WinitWednesday #ThursdayTreats #FreebieFriday 

Make sure you retweet the original tweet to enterâ€¦ https://t.co/pLyvGlIm9w"
2018-03-20 07:43:23,ğŸ˜‡An #InternationalDayOfHappiness Keep Smiling ~ ğŸ˜‡â˜˜ï¸ğŸ¤—ğŸ¤£ğŸ˜ŠğŸ™ #TuesdayThoughts https://t.co/sNaSSFm0Vm #WednesdayWisdomâ€¦ https://t.co/fEashvlj5C
2018-03-16 19:03:00,Ladies - our Thai Massage Centre is #LadiesOnly on a #Thursday  Just â‚¬50 for 60 mins.  Drop into us in #Ranelagh orâ€¦ https://t.co/3MIwVs6qHR
