2018-02-12 22:59:20,"b'@mimidancer I\xe2\x80\x99m going to make a stand here FOR granny panties. They get roasted here on SM, and don\xe2\x80\x99t get the respe\xe2\x80\xa6 https://t.co/DUCs7RqSmy'"
2018-02-12 22:45:51,b'@PuroresuBob @grappler_six @davemeltzerWON Because it\xe2\x80\x99s entertaining watching a monkey scratch it\xe2\x80\x99s ass. Don\xe2\x80\x99t ever\xe2\x80\xa6 https://t.co/lgYae0AgUx'
2018-02-12 22:39:31,"b""Let's go get pizza. #GetMeHotIn4Words"""
2018-02-12 22:06:34,b'https://t.co/c1LfCqr2tX Get Me Hot #GetMeHotIn4Words'
2018-02-12 22:06:32,b'https://t.co/maXxZzCO22 Network Pickup - Pickup Women And Get Dates On Facebook! #GetMeHotIn4Words'
2018-02-12 22:06:29,b'https://t.co/eBEISajQv3 The 4 Elements Of Game #GetMeHotIn4Words'
2018-02-12 22:06:27,b'https://t.co/Yvr8v1ZxrG Get Me Off #GetMeHotIn4Words'
2018-02-12 22:06:27,b'https://t.co/lcfTeemJep Get Me Off #GetMeHotIn4Words'
2018-02-12 22:06:27,b'https://t.co/5Ur3QWCWre Get Me Hot #GetMeHotIn4Words'
2018-02-12 22:06:26,b'https://t.co/MrKszqdVhd Please Get Me Pregnant: 8 Stories #GetMeHotIn4Words'
2018-02-12 22:06:26,b'https://t.co/5TsdV9IPjX The 4 Elements Of Game #GetMeHotIn4Words'
2018-02-12 22:06:23,b'https://t.co/qFzCl7GZRo Please Get Me Pregnant: 8 Stories #GetMeHotIn4Words'
2018-02-12 22:06:22,b'https://t.co/88ekZOo2gW Please Get Me Pregnant: 8 Stories #GetMeHotIn4Words'
2018-02-12 22:06:20,b'https://t.co/v9vLlFQugS Please Get Me Pregnant: 8 Stories #GetMeHotIn4Words'
2018-02-12 22:06:18,b'https://t.co/6jXTiu6wg1 Please Get Me Pregnant: 8 Stories #GetMeHotIn4Words'
2018-02-12 22:06:12,b'https://t.co/mDOd28eKnx Please Get Me Pregnant: 8 Stories #GetMeHotIn4Words'
2018-02-12 22:06:11,b'https://t.co/Oka0OzxEer The 4 Elements Of Game #GetMeHotIn4Words'
2018-02-12 22:06:11,b'https://t.co/2eqx0zTMEe Get Me Hot #GetMeHotIn4Words'
2018-02-12 22:06:10,b'https://t.co/sSAjNDmGTH Get Me Off #GetMeHotIn4Words'
2018-02-12 22:06:10,b'https://t.co/Y3caaE9rNw Please Get Me Pregnant: 8 Stories #GetMeHotIn4Words'
2018-02-12 22:06:09,b'https://t.co/vS9Y4xaamo Please Get Me Pregnant: 8 Stories #GetMeHotIn4Words'
2018-02-12 22:06:09,b'https://t.co/jgI0cgr77l Get Me Off #GetMeHotIn4Words'
2018-02-12 22:06:08,b'https://t.co/NqInqwVJBT The 4 Elements Of Game #GetMeHotIn4Words'
2018-02-12 22:06:08,b'https://t.co/uXR2P2vi8d Get Me Off #GetMeHotIn4Words'
2018-02-12 22:06:05,b'https://t.co/ngnjzNof55 Get Me Off #GetMeHotIn4Words'
2018-02-12 22:06:04,b'https://t.co/4IWMKTH37O Get Me Off #GetMeHotIn4Words'
2018-02-12 20:00:36,b'#GetMeHotIn4Words \n\nThat is free today'
2018-02-12 19:30:23,b'Hugh Neutron has the biggest Dildo nose a guy has ever seen. #milk #GetMeHotIn4Words'
2018-02-12 18:19:46,b'let\xe2\x80\x99s roast some marshmallows \n#GetMeHotIn4Words'
2018-02-12 18:06:37,b'https://t.co/r6SFBd4RrI Get Me Hot #GetMeHotIn4Words'
2018-02-12 18:06:35,b'https://t.co/PFVM3LQuFF Get Me Off #GetMeHotIn4Words'
2018-02-12 18:06:31,b'https://t.co/HRLr1j8Gpw Please Get Me Pregnant: 8 Stories #GetMeHotIn4Words'
2018-02-12 18:06:30,b'https://t.co/3eIlgfdMGI Network Pickup - Pickup Women And Get Dates On Facebook! #GetMeHotIn4Words'
2018-02-12 18:06:29,b'https://t.co/dtG002M8c1 Get Me Hot #GetMeHotIn4Words'
2018-02-12 18:06:25,b'https://t.co/SRNHPt6GcA Please Get Me Pregnant: 8 Stories #GetMeHotIn4Words'
2018-02-12 18:06:24,b'https://t.co/aKeJmMpt1s Network Pickup - Pickup Women And Get Dates On Facebook! #GetMeHotIn4Words'
2018-02-12 18:06:24,b'https://t.co/PI8lwe2lwJ Please Get Me Pregnant: 8 Stories #GetMeHotIn4Words'
2018-02-12 18:06:22,b'https://t.co/OMA0Lez64Y Please Get Me Pregnant: 8 Stories #GetMeHotIn4Words'
2018-02-12 18:06:22,b'https://t.co/YVdZB3KAWn Get Me Off #GetMeHotIn4Words'
2018-02-12 18:06:21,b'https://t.co/9snzLAS2E5 Please Get Me Pregnant: 8 Stories #GetMeHotIn4Words'
2018-02-12 18:06:20,b'https://t.co/iUQhPOkJoN Network Pickup - Pickup Women And Get Dates On Facebook! #GetMeHotIn4Words'
2018-02-12 18:06:20,b'https://t.co/jJNlygHZC5 Get Me Hot #GetMeHotIn4Words'
2018-02-12 18:06:20,b'https://t.co/Zl0sdKoTsX The 4 Elements Of Game #GetMeHotIn4Words'
2018-02-12 18:06:19,b'https://t.co/K8xeETnzzP Network Pickup - Pickup Women And Get Dates On Facebook! #GetMeHotIn4Words'
2018-02-12 18:06:19,b'https://t.co/KIOk1M86TQ The 4 Elements Of Game #GetMeHotIn4Words'
2018-02-12 18:06:17,b'https://t.co/03FFiikuD3 Get Me Off #GetMeHotIn4Words'
2018-02-12 18:06:17,b'https://t.co/lVebdxZJj8 Get Me Off #GetMeHotIn4Words'
2018-02-12 18:06:16,b'https://t.co/lw7hvvmXVX The 4 Elements Of Game #GetMeHotIn4Words'
2018-02-12 18:06:16,b'https://t.co/bglXvccqMp Get Me Hot #GetMeHotIn4Words'
2018-02-12 18:06:15,b'https://t.co/fPnzY7olzD The 4 Elements Of Game #GetMeHotIn4Words'
2018-02-12 18:06:14,b'https://t.co/sJzRY9Glo0 Network Pickup - Pickup Women And Get Dates On Facebook! #GetMeHotIn4Words'
2018-02-12 18:06:12,b'https://t.co/FLrPJIikmY The 4 Elements Of Game #GetMeHotIn4Words'
2018-02-12 18:06:10,b'https://t.co/idJutUK6YM Get Me Hot #GetMeHotIn4Words'
2018-02-12 18:06:10,b'https://t.co/CSYeyZUqF2 Get Me Hot #GetMeHotIn4Words'
2018-02-12 18:06:10,b'https://t.co/zELCNsZFgI Network Pickup - Pickup Women And Get Dates On Facebook! #GetMeHotIn4Words'
2018-02-12 18:06:09,b'https://t.co/ynlW93dwZd The 4 Elements Of Game #GetMeHotIn4Words'
2018-02-12 18:06:08,b'https://t.co/TjOEmU5ui8 Network Pickup - Pickup Women And Get Dates On Facebook! #GetMeHotIn4Words'
2018-02-12 18:06:08,b'https://t.co/tayAWlplsk Network Pickup - Pickup Women And Get Dates On Facebook! #GetMeHotIn4Words'
2018-02-12 18:06:06,b'https://t.co/TbXsiZ1pi4 Please Get Me Pregnant: 8 Stories #GetMeHotIn4Words'
2018-02-12 18:06:03,b'https://t.co/N1XM96exdh Get Me Off #GetMeHotIn4Words'
2018-02-12 18:06:02,b'https://t.co/61vVr3iMHO Please Get Me Pregnant: 8 Stories #GetMeHotIn4Words'
2018-02-12 17:01:10,b'#New Sofas coming soon! #GetMeHotIn4Words https://t.co/FOHZdapdmA'
2018-02-12 15:13:29,b'Yoyoyooyoyoyoyooo what\xe2\x80\x99s up Twitter I\xe2\x80\x99m gonna to to school then probably kill my self #SuperBowlSelfie #SelfieKid\xe2\x80\xa6 https://t.co/zAsLkagPdk'
2018-02-12 14:47:14,b'@Chelle0219 #GetMeHotIn4Words No Words Are Needed! \xf0\x9f\x98\x8d'
2018-02-12 14:06:40,b'https://t.co/ThyuxEf2v0 Please Get Me Pregnant: 8 Stories #GetMeHotIn4Words'
2018-02-12 14:06:40,b'https://t.co/c3rVRqu18s Network Pickup - Pickup Women And Get Dates On Facebook! #GetMeHotIn4Words'
2018-02-12 14:06:39,b'https://t.co/RQ4rVeCyEm Get Me Hot #GetMeHotIn4Words'
2018-02-12 14:06:35,b'https://t.co/EWjW1PEVao Please Get Me Pregnant: 8 Stories #GetMeHotIn4Words'
2018-02-12 14:06:30,b'https://t.co/6ckDTvCXvm Get Me Hot #GetMeHotIn4Words'
2018-02-12 14:06:29,b'https://t.co/azhC1Gnbnc Network Pickup - Pickup Women And Get Dates On Facebook! #GetMeHotIn4Words'
2018-02-12 14:06:28,b'https://t.co/Zz7Bsc1Bge Network Pickup - Pickup Women And Get Dates On Facebook! #GetMeHotIn4Words'
2018-02-12 14:06:27,b'https://t.co/4sS0FQns9w Get Me Hot #GetMeHotIn4Words'
2018-02-12 14:06:26,b'https://t.co/1P7N1OfJM9 Get Me Hot #GetMeHotIn4Words'
2018-02-12 14:06:25,b'https://t.co/w0DgjCnRJu Get Me Off #GetMeHotIn4Words'
2018-02-12 14:06:25,b'https://t.co/meKWCzNWpt Please Get Me Pregnant: 8 Stories #GetMeHotIn4Words'
2018-02-12 14:06:24,b'https://t.co/NDh5TQn4nE Please Get Me Pregnant: 8 Stories #GetMeHotIn4Words'
2018-02-12 14:06:24,b'https://t.co/wFcizfRPDA Get Me Off #GetMeHotIn4Words'
2018-02-12 14:06:23,b'https://t.co/01Ut0R3FQf Please Get Me Pregnant: 8 Stories #GetMeHotIn4Words'
2018-02-12 14:06:23,b'https://t.co/O356eSDzcM Get Me Off #GetMeHotIn4Words'
2018-02-12 14:06:23,b'https://t.co/jSggW9LgMQ Please Get Me Pregnant: 8 Stories #GetMeHotIn4Words'
2018-02-12 14:06:20,b'https://t.co/5F1Muu7OcO Get Me Off #GetMeHotIn4Words'
2018-02-12 14:06:20,b'https://t.co/231rSXQBpC Get Me Hot #GetMeHotIn4Words'
2018-02-12 14:06:19,b'https://t.co/HG1iJP8x7K Network Pickup - Pickup Women And Get Dates On Facebook! #GetMeHotIn4Words'
2018-02-12 14:06:18,b'https://t.co/7KFA7tczLW Get Me Off #GetMeHotIn4Words'
2018-02-12 14:06:17,b'https://t.co/uktI9DIApW Please Get Me Pregnant: 8 Stories #GetMeHotIn4Words'
2018-02-12 14:06:15,b'https://t.co/4LDaZdiIxr Network Pickup - Pickup Women And Get Dates On Facebook! #GetMeHotIn4Words'
2018-02-12 14:06:15,b'https://t.co/aWC4HIOtIj The 4 Elements Of Game #GetMeHotIn4Words'
2018-02-12 14:06:10,b'https://t.co/PYAOrZUdrO Get Me Hot #GetMeHotIn4Words'
2018-02-12 14:06:08,b'https://t.co/bqFAaMyX7b Network Pickup - Pickup Women And Get Dates On Facebook! #GetMeHotIn4Words'
2018-02-12 14:06:07,b'https://t.co/dB1BlDgiEO Network Pickup - Pickup Women And Get Dates On Facebook! #GetMeHotIn4Words'
2018-02-12 14:06:06,b'https://t.co/TTgAFZJ2Rs Network Pickup - Pickup Women And Get Dates On Facebook! #GetMeHotIn4Words'
2018-02-12 10:06:37,b'https://t.co/Er93wcf4yT Network Pickup - Pickup Women And Get Dates On Facebook! #GetMeHotIn4Words'
2018-02-12 10:06:34,b'https://t.co/hbjOL2oQqA Please Get Me Pregnant: 8 Stories #GetMeHotIn4Words'
2018-02-12 10:06:33,b'https://t.co/JYmYnkFT8V Network Pickup - Pickup Women And Get Dates On Facebook! #GetMeHotIn4Words'
2018-02-12 10:06:33,b'https://t.co/UAkOP9Rzt0 Please Get Me Pregnant: 8 Stories #GetMeHotIn4Words'
2018-02-12 10:06:33,b'https://t.co/jTRDdJ22d2 The 4 Elements Of Game #GetMeHotIn4Words'
2018-02-12 10:06:30,b'https://t.co/dzwumvkAlk Get Me Off #GetMeHotIn4Words'
2018-02-12 10:06:30,b'https://t.co/m1Tj1Abg1d The 4 Elements Of Game #GetMeHotIn4Words'
2018-02-12 10:06:29,b'https://t.co/qgrvWYr9l1 The 4 Elements Of Game #GetMeHotIn4Words'
2018-02-12 10:06:29,b'https://t.co/Qt8IWjHE25 Please Get Me Pregnant: 8 Stories #GetMeHotIn4Words'
2018-02-12 10:06:28,b'https://t.co/Hhz6Nxgk2W The 4 Elements Of Game #GetMeHotIn4Words'
2018-02-12 10:06:28,b'https://t.co/JBGF4BI1Cw Network Pickup - Pickup Women And Get Dates On Facebook! #GetMeHotIn4Words'
2018-02-12 10:06:25,b'https://t.co/BTaZ2ghghQ Please Get Me Pregnant: 8 Stories #GetMeHotIn4Words'
2018-02-12 10:06:24,b'https://t.co/IvgVHv8Gfq Please Get Me Pregnant: 8 Stories #GetMeHotIn4Words'
2018-02-12 10:06:24,b'https://t.co/CFPFYARKOI Get Me Off #GetMeHotIn4Words'
2018-02-12 10:06:18,b'https://t.co/ZAvBcjIVwk The 4 Elements Of Game #GetMeHotIn4Words'
2018-02-12 10:06:16,b'https://t.co/9SkjKuvwWW Please Get Me Pregnant: 8 Stories #GetMeHotIn4Words'
2018-02-12 10:06:13,b'https://t.co/JMILepb1Kt Network Pickup - Pickup Women And Get Dates On Facebook! #GetMeHotIn4Words'
2018-02-12 10:06:11,b'https://t.co/6ZFzhgLD4S Network Pickup - Pickup Women And Get Dates On Facebook! #GetMeHotIn4Words'
2018-02-12 10:06:10,b'https://t.co/zt4hHr71Dl The 4 Elements Of Game #GetMeHotIn4Words'
2018-02-12 10:06:04,b'https://t.co/zYCzg7K098 Network Pickup - Pickup Women And Get Dates On Facebook! #GetMeHotIn4Words'
2018-02-12 08:35:53,b'NEWS FLASH: Trump rides flying sausage #doodlesintransit #Trump #TrumpCrash #GetMeHotIn4Words #artistsoninstagram https://t.co/bdljRORGJw'
2018-02-12 06:06:44,b'https://t.co/5h1R18wX6H The 4 Elements Of Game #GetMeHotIn4Words'
2018-02-12 06:06:44,b'https://t.co/Pv63JBIjvF Get Me Hot #GetMeHotIn4Words'
2018-02-12 06:06:42,b'https://t.co/SKSiDEWtEF Network Pickup - Pickup Women And Get Dates On Facebook! #GetMeHotIn4Words'
2018-02-12 06:06:42,b'https://t.co/S4p0fMyyyJ Get Me Off #GetMeHotIn4Words'
2018-02-12 06:06:40,b'https://t.co/IWl6Hpg8t0 The 4 Elements Of Game #GetMeHotIn4Words'
2018-02-12 06:06:39,b'https://t.co/RB8OdDqPjc Get Me Off #GetMeHotIn4Words'
2018-02-12 06:06:38,b'https://t.co/t8MF2q7gX6 Network Pickup - Pickup Women And Get Dates On Facebook! #GetMeHotIn4Words'
2018-02-12 06:06:32,b'https://t.co/ULWfSGlEOI Get Me Off #GetMeHotIn4Words'
2018-02-12 06:06:29,b'https://t.co/1dvuU1OUTS Get Me Hot #GetMeHotIn4Words'
2018-02-12 06:06:29,b'https://t.co/28VCU3DZoz Network Pickup - Pickup Women And Get Dates On Facebook! #GetMeHotIn4Words'
2018-02-12 06:06:26,b'https://t.co/bsmb9Umtkd Get Me Hot #GetMeHotIn4Words'
2018-02-12 06:06:25,b'https://t.co/wO4xIDnVeB Get Me Hot #GetMeHotIn4Words'
2018-02-12 06:06:23,b'https://t.co/duHKwbZB0y The 4 Elements Of Game #GetMeHotIn4Words'
2018-02-12 06:06:22,b'https://t.co/FlCGFV84eW Get Me Off #GetMeHotIn4Words'
2018-02-12 06:06:18,b'https://t.co/dZVIb0U1Vp Get Me Hot #GetMeHotIn4Words'
2018-02-12 06:06:17,b'https://t.co/Y8yIs3uWwd Get Me Hot #GetMeHotIn4Words'
2018-02-12 06:06:15,b'https://t.co/uwPyscnvYQ Please Get Me Pregnant: 8 Stories #GetMeHotIn4Words'
2018-02-12 06:06:14,b'https://t.co/xrxPiXCk3I Network Pickup - Pickup Women And Get Dates On Facebook! #GetMeHotIn4Words'
2018-02-12 06:06:10,b'https://t.co/gs1dBnt6uq Network Pickup - Pickup Women And Get Dates On Facebook! #GetMeHotIn4Words'
2018-02-12 06:06:04,b'https://t.co/e27PJxd5MG Network Pickup - Pickup Women And Get Dates On Facebook! #GetMeHotIn4Words'
2018-02-12 06:06:02,b'https://t.co/a3lV7rNxYp Please Get Me Pregnant: 8 Stories #GetMeHotIn4Words'
2018-02-12 05:00:56,b'1 Pair ... https://t.co/P5HtltqUg9 \n#TuesdayThoughts\n#GetMeHotIn4Words\n#WHATTHEFORD\n#BarOlympicEvents\n#FalconHeavy\xe2\x80\xa6 https://t.co/zCHz6QyGfR'
2018-02-12 04:13:26,b'Snapchat update installed successfully #GetMeHotIn4Words'
2018-02-12 03:06:37,b'#GetMeHotIn4Words Very Hard Ugandan Knuckles'
2018-02-12 03:02:31,b'Kiss My Wet Ass \xf0\x9f\x98\x98 #GetMeHotIn4Words\n\n#shower #BikiniBottom #Pink #camgirl #Modeling https://t.co/lbrfX9SomI'
2018-02-12 02:50:52,b'2.2 L O... https://t.co/z3MrldT3uV \n#TuesdayThoughts\n#GetMeHotIn4Words\n#WHATTHEFORD\n#BarOlympicEvents\n#FalconHeavy\xe2\x80\xa6 https://t.co/DBZMDRVjZ7'
2018-02-12 02:06:42,b'https://t.co/TrjjkA8egf The 4 Elements Of Game #GetMeHotIn4Words'
2018-02-12 02:06:40,b'https://t.co/a879aMuq76 Please Get Me Pregnant: 8 Stories #GetMeHotIn4Words'
2018-02-12 02:06:37,b'https://t.co/FHt9bYDZ5B Get Me Hot #GetMeHotIn4Words'
2018-02-12 02:06:37,b'https://t.co/B8VHsm0YcW Please Get Me Pregnant: 8 Stories #GetMeHotIn4Words'
2018-02-12 02:06:37,b'https://t.co/b0nNFy1Dq2 Get Me Off #GetMeHotIn4Words'
2018-02-12 02:06:35,b'https://t.co/OW2hNM4yKp Network Pickup - Pickup Women And Get Dates On Facebook! #GetMeHotIn4Words'
2018-02-12 02:06:35,b'https://t.co/juvseDYQWu Network Pickup - Pickup Women And Get Dates On Facebook! #GetMeHotIn4Words'
2018-02-12 02:06:34,b'https://t.co/NmGa7utQda Network Pickup - Pickup Women And Get Dates On Facebook! #GetMeHotIn4Words'
2018-02-12 02:06:33,b'https://t.co/cZMqRjwjom Please Get Me Pregnant: 8 Stories #GetMeHotIn4Words'
2018-02-12 02:06:32,b'https://t.co/M8gYiwnNKI The 4 Elements Of Game #GetMeHotIn4Words'
2018-02-12 02:06:30,b'https://t.co/d2dS0qp9R9 Please Get Me Pregnant: 8 Stories #GetMeHotIn4Words'
2018-02-12 02:06:29,b'https://t.co/rW9g9ubXzH Network Pickup - Pickup Women And Get Dates On Facebook! #GetMeHotIn4Words'
2018-02-12 02:06:27,b'https://t.co/9ahRjZgsE2 Network Pickup - Pickup Women And Get Dates On Facebook! #GetMeHotIn4Words'
2018-02-12 02:06:25,b'https://t.co/9dK10BGYmG Get Me Off #GetMeHotIn4Words'
2018-02-12 02:06:23,b'https://t.co/WHX9jtQBwf Please Get Me Pregnant: 8 Stories #GetMeHotIn4Words'
2018-02-12 02:06:22,b'https://t.co/vkIz5ODIRt Get Me Hot #GetMeHotIn4Words'
2018-02-12 02:06:19,b'https://t.co/QDjhasXGW2 Get Me Off #GetMeHotIn4Words'
2018-02-12 02:06:14,b'https://t.co/8R39lu5XXw Get Me Off #GetMeHotIn4Words'
2018-02-12 02:06:08,b'https://t.co/9phYZNK7xD Network Pickup - Pickup Women And Get Dates On Facebook! #GetMeHotIn4Words'
2018-02-12 01:55:59,b'\xe2\x80\x9cGently rub and massage your breasts in my hands\xe2\x80\x9d #GetMeHotIn4Words #breasts #MondayMotivaton #WhatWomenWant #summervibes #'
2018-02-11 22:13:24,b'#GetMeHotIn4Words Available this week Queensferry https://t.co/w0qAxrFCHP https://t.co/zLQxUGe1DP'
2018-02-11 22:06:40,b'https://t.co/hnHOeXxyvU The 4 Elements Of Game #GetMeHotIn4Words'
2018-02-11 22:06:40,b'https://t.co/tdWLyIxxVF Get Me Off #GetMeHotIn4Words'
2018-02-11 22:06:38,b'https://t.co/hiNo92YgJp The 4 Elements Of Game #GetMeHotIn4Words'
2018-02-11 22:06:36,b'https://t.co/fBnqFaxwID Network Pickup - Pickup Women And Get Dates On Facebook! #GetMeHotIn4Words'
2018-02-11 22:06:36,b'https://t.co/CP5vOz2tkx Network Pickup - Pickup Women And Get Dates On Facebook! #GetMeHotIn4Words'
2018-02-11 22:06:35,b'https://t.co/gDp4Mf0mX0 Get Me Hot #GetMeHotIn4Words'
2018-02-11 22:06:35,b'https://t.co/uj6rOyVAKB Please Get Me Pregnant: 8 Stories #GetMeHotIn4Words'
2018-02-11 22:06:32,b'https://t.co/KJr4GxL82I Please Get Me Pregnant: 8 Stories #GetMeHotIn4Words'
2018-02-11 22:06:30,b'https://t.co/nWjLOFdR79 Network Pickup - Pickup Women And Get Dates On Facebook! #GetMeHotIn4Words'
2018-02-11 22:06:26,b'https://t.co/2nW7CHVPys Get Me Off #GetMeHotIn4Words'
2018-02-11 22:06:25,b'https://t.co/ug2akoChcU Network Pickup - Pickup Women And Get Dates On Facebook! #GetMeHotIn4Words'
2018-02-11 22:06:22,b'https://t.co/f2TkON6M62 Get Me Hot #GetMeHotIn4Words'
2018-02-11 22:06:19,b'https://t.co/SzVPbRWkYL The 4 Elements Of Game #GetMeHotIn4Words'
2018-02-11 22:06:18,b'https://t.co/CIVrcuttLS Please Get Me Pregnant: 8 Stories #GetMeHotIn4Words'
2018-02-11 22:06:16,b'https://t.co/PhJzhLnseH The 4 Elements Of Game #GetMeHotIn4Words'
2018-02-11 22:06:12,b'https://t.co/tPOLp5hBb3 Get Me Hot #GetMeHotIn4Words'
2018-02-11 22:06:10,b'https://t.co/4vOXjgewJs Please Get Me Pregnant: 8 Stories #GetMeHotIn4Words'
2018-02-11 22:06:08,b'https://t.co/axr9iqtmiG The 4 Elements Of Game #GetMeHotIn4Words'
2018-02-11 22:06:06,b'https://t.co/MkOksK1ncd Get Me Hot #GetMeHotIn4Words'
2018-02-11 22:06:05,b'https://t.co/UFhrZapic4 Network Pickup - Pickup Women And Get Dates On Facebook! #GetMeHotIn4Words'
2018-02-11 22:06:05,b'https://t.co/VE6pCTBN4S Get Me Hot #GetMeHotIn4Words'
2018-02-11 21:21:10,b'My fart was wet #GetMeHotIn4Words'
2018-02-11 20:48:11,b'#GetMeHotIn4Words worshipping at Her feet...'
2018-02-11 20:31:24,b'Drop at Tilted Towers\n#GetMeHotIn4Words'
2018-02-11 20:13:20,b'Amenities include fallout shelter  #GetMeHotIn4Words'
2018-02-11 19:19:54,b'\xe2\x80\x9cThe kitchen is clean.\xe2\x80\x9d #GetMeHotIn4Words'
2018-02-11 18:06:36,b'https://t.co/rdr2gNMm1y Please Get Me Pregnant: 8 Stories #GetMeHotIn4Words'
2018-02-11 18:06:35,b'https://t.co/UAwwYXqh2s The 4 Elements Of Game #GetMeHotIn4Words'
2018-02-11 18:06:22,b'https://t.co/UmOI8GjXkG Get Me Off #GetMeHotIn4Words'
2018-02-11 18:06:22,b'https://t.co/5htWClGY5d Get Me Off #GetMeHotIn4Words'
2018-02-11 18:06:16,b'https://t.co/rd1DAZQQUu Network Pickup - Pickup Women And Get Dates On Facebook! #GetMeHotIn4Words'
2018-02-11 18:06:16,b'https://t.co/p77cQnIFht Please Get Me Pregnant: 8 Stories #GetMeHotIn4Words'
2018-02-11 18:06:16,b'https://t.co/40gwOE9h1c Get Me Hot #GetMeHotIn4Words'
2018-02-11 18:06:11,b'https://t.co/qlC1lgFKtL Please Get Me Pregnant: 8 Stories #GetMeHotIn4Words'
2018-02-11 18:06:10,b'https://t.co/ecbeT9bbaB Network Pickup - Pickup Women And Get Dates On Facebook! #GetMeHotIn4Words'
2018-02-11 18:06:09,b'https://t.co/S99mu4D83U The 4 Elements Of Game #GetMeHotIn4Words'
2018-02-11 18:06:07,b'https://t.co/tLEKEoWBQX Network Pickup - Pickup Women And Get Dates On Facebook! #GetMeHotIn4Words'
2018-02-11 18:06:06,b'https://t.co/3b1EWUxdsa The 4 Elements Of Game #GetMeHotIn4Words'
2018-02-11 18:06:04,b'https://t.co/yRwjWuf973 Network Pickup - Pickup Women And Get Dates On Facebook! #GetMeHotIn4Words'
2018-02-11 18:06:02,b'https://t.co/H4mDnZkX8V Get Me Hot #GetMeHotIn4Words'
2018-02-11 17:15:42,b'#GetMeHotIn4Words Turn off the fans'
2018-02-11 15:39:29,b'The latest The Gym &amp; Fitness Koh Tao Daily! https://t.co/y7nKZserj9 #getmehotin4words'
2018-02-11 15:33:03,b'Kyrie untucked his jersey #GetMeHotIn4Words'
2018-02-11 14:56:35,b'hixtape is very close\n\n#GetMeHotIn4Words'
2018-02-11 14:06:31,b'https://t.co/rj2bar0fr8 Please Get Me Pregnant: 8 Stories #GetMeHotIn4Words'
2018-02-11 14:06:30,b'https://t.co/7EqPjHuWBs The 4 Elements Of Game #GetMeHotIn4Words'
2018-02-11 14:06:29,b'https://t.co/I7xein6E8J Please Get Me Pregnant: 8 Stories #GetMeHotIn4Words'
2018-02-11 14:06:27,b'https://t.co/J7ge89fV7b Get Me Off #GetMeHotIn4Words'
2018-02-11 14:06:24,b'https://t.co/TrFBjb4R1Y The 4 Elements Of Game #GetMeHotIn4Words'
2018-02-11 14:06:20,b'https://t.co/2KEGk7mCJM The 4 Elements Of Game #GetMeHotIn4Words'
2018-02-11 14:06:19,b'https://t.co/akk1ftVNFT Please Get Me Pregnant: 8 Stories #GetMeHotIn4Words'
2018-02-11 14:06:19,b'https://t.co/kQDgoD7QH7 Get Me Off #GetMeHotIn4Words'
2018-02-11 14:06:18,b'https://t.co/NSZBcDdHFP The 4 Elements Of Game #GetMeHotIn4Words'
2018-02-11 14:06:17,b'https://t.co/Jd8wKxlihz The 4 Elements Of Game #GetMeHotIn4Words'
2018-02-11 14:06:15,b'https://t.co/yFsqIH0gRk Please Get Me Pregnant: 8 Stories #GetMeHotIn4Words'
2018-02-11 14:06:13,b'https://t.co/iHtkNIWr04 Please Get Me Pregnant: 8 Stories #GetMeHotIn4Words'
2018-02-11 14:06:11,b'https://t.co/yM5kRAhtK9 Get Me Hot #GetMeHotIn4Words'
2018-02-11 14:06:10,b'https://t.co/gLmIlGLhBp Get Me Off #GetMeHotIn4Words'
2018-02-11 14:06:10,b'https://t.co/FHsB5vWU0e Get Me Hot #GetMeHotIn4Words'
2018-02-11 14:06:10,b'https://t.co/aOI3NINCYm Get Me Off #GetMeHotIn4Words'
2018-02-11 14:06:09,b'https://t.co/fRBCOMATk5 Get Me Hot #GetMeHotIn4Words'
2018-02-11 14:06:06,b'https://t.co/JCJEZVb5Ch Get Me Hot #GetMeHotIn4Words'
2018-02-11 14:06:04,b'https://t.co/r3rW6WnPCs Network Pickup - Pickup Women And Get Dates On Facebook! #GetMeHotIn4Words'
2018-02-11 11:39:16,b'The latest The Gym &amp; Fitness Koh Tao Daily! https://t.co/y7nKZserj9 #thailand #getmehotin4words'
2018-02-11 10:06:41,b'https://t.co/9jjcpy8PF8 The 4 Elements Of Game #GetMeHotIn4Words'
2018-02-11 10:06:36,b'https://t.co/QFBnUi4bXl Get Me Hot #GetMeHotIn4Words'
2018-02-11 10:06:34,b'https://t.co/A5lIMcykbz Get Me Hot #GetMeHotIn4Words'
2018-02-11 10:06:32,b'https://t.co/fS0QXmx2a4 Get Me Off #GetMeHotIn4Words'
2018-02-11 10:06:29,b'https://t.co/ntBdQxKNFO Get Me Hot #GetMeHotIn4Words'
2018-02-11 10:06:29,b'https://t.co/9ectrnzY9a Get Me Hot #GetMeHotIn4Words'
2018-02-11 10:06:28,b'https://t.co/GMRUQpp0EJ Get Me Hot #GetMeHotIn4Words'
2018-02-11 10:06:27,b'https://t.co/zH86314Tyr Please Get Me Pregnant: 8 Stories #GetMeHotIn4Words'
2018-02-11 10:06:26,b'https://t.co/QRs1bxNrJT The 4 Elements Of Game #GetMeHotIn4Words'
2018-02-11 10:06:26,b'https://t.co/e5f9Rvfd9L The 4 Elements Of Game #GetMeHotIn4Words'
2018-02-11 10:06:26,b'https://t.co/fFssEXSKDD Get Me Off #GetMeHotIn4Words'
2018-02-11 10:06:25,b'https://t.co/kNLg19hOMR Get Me Hot #GetMeHotIn4Words'
2018-02-11 10:06:23,b'https://t.co/Pg3fUbzerz Network Pickup - Pickup Women And Get Dates On Facebook! #GetMeHotIn4Words'
2018-02-11 10:06:21,b'https://t.co/X1G2ylQjIF Get Me Off #GetMeHotIn4Words'
2018-02-11 10:06:16,b'https://t.co/kdx8Obc9hg Network Pickup - Pickup Women And Get Dates On Facebook! #GetMeHotIn4Words'
2018-02-11 10:06:11,b'https://t.co/UiyKTnMXnV Please Get Me Pregnant: 8 Stories #GetMeHotIn4Words'
2018-02-11 10:06:11,b'https://t.co/TVu1igNciL Network Pickup - Pickup Women And Get Dates On Facebook! #GetMeHotIn4Words'
2018-02-11 10:06:10,b'https://t.co/oKd2Jbb5aD Get Me Hot #GetMeHotIn4Words'
2018-02-11 10:06:08,b'https://t.co/m3dGrP7gdL The 4 Elements Of Game #GetMeHotIn4Words'
2018-02-11 10:06:06,b'https://t.co/mn0IpY81pL Get Me Hot #GetMeHotIn4Words'
2018-02-11 06:06:41,b'https://t.co/dPzSPBoG7F The 4 Elements Of Game #GetMeHotIn4Words'
2018-02-11 06:06:38,b'https://t.co/2Tt34mcVnW Get Me Off #GetMeHotIn4Words'
2018-02-11 06:06:36,b'https://t.co/pcSF4jhYQV Get Me Off #GetMeHotIn4Words'
2018-02-11 06:06:35,b'https://t.co/pjMQHiHoZm Network Pickup - Pickup Women And Get Dates On Facebook! #GetMeHotIn4Words'
2018-02-11 06:06:34,b'https://t.co/rEojwGT137 Please Get Me Pregnant: 8 Stories #GetMeHotIn4Words'
2018-02-11 06:06:32,b'https://t.co/uoF6aEyY8q Network Pickup - Pickup Women And Get Dates On Facebook! #GetMeHotIn4Words'
2018-02-11 06:06:31,b'https://t.co/7Ih2cpy19k Please Get Me Pregnant: 8 Stories #GetMeHotIn4Words'
2018-02-11 06:06:30,b'https://t.co/IPAOU7Z1gY The 4 Elements Of Game #GetMeHotIn4Words'
2018-02-11 06:06:27,b'https://t.co/GBz3IBuHFU Get Me Off #GetMeHotIn4Words'
2018-02-11 06:06:27,b'https://t.co/EOP9U8nQyw Get Me Hot #GetMeHotIn4Words'
2018-02-11 06:06:26,b'https://t.co/2CdJp8W88e The 4 Elements Of Game #GetMeHotIn4Words'
2018-02-11 06:06:24,b'https://t.co/rUuFsiD8uP The 4 Elements Of Game #GetMeHotIn4Words'
2018-02-11 06:06:23,b'https://t.co/R2oFp9NxSd Network Pickup - Pickup Women And Get Dates On Facebook! #GetMeHotIn4Words'
2018-02-11 06:06:23,b'https://t.co/0DDBtasD8V Please Get Me Pregnant: 8 Stories #GetMeHotIn4Words'
2018-02-11 06:06:22,b'https://t.co/efAJrfqDwo The 4 Elements Of Game #GetMeHotIn4Words'
2018-02-11 06:06:21,b'https://t.co/p9PnofKtAy The 4 Elements Of Game #GetMeHotIn4Words'
2018-02-11 06:06:17,b'https://t.co/wU7l7BXtJ0 The 4 Elements Of Game #GetMeHotIn4Words'
2018-02-11 06:06:13,b'https://t.co/AHgu9O2JPT Get Me Off #GetMeHotIn4Words'
2018-02-11 06:06:12,b'https://t.co/HnNtvgDrUp The 4 Elements Of Game #GetMeHotIn4Words'
2018-02-11 06:06:07,b'https://t.co/OFTZKawPuJ Network Pickup - Pickup Women And Get Dates On Facebook! #GetMeHotIn4Words'
2018-02-11 06:06:05,b'https://t.co/rdHPZJFwXX The 4 Elements Of Game #GetMeHotIn4Words'
2018-02-11 05:57:12,"b""We Promise To Not Wear Red Or Pink This Valentine's Day!\n\nhttps://t.co/1zpL37dkPO\n\n#stylenough #FebruaryWish\xe2\x80\xa6 https://t.co/6TkRWpMK3x"""
2018-02-11 02:10:12,b'#GetMeHotIn4Words own a fucking sword'
2018-02-11 02:06:39,b'https://t.co/hiNjxCrYEM Get Me Hot #GetMeHotIn4Words'
2018-02-11 02:06:39,b'https://t.co/AI7FCYmHVq Network Pickup - Pickup Women And Get Dates On Facebook! #GetMeHotIn4Words'
2018-02-11 02:06:38,b'https://t.co/POXlK3TQUQ Please Get Me Pregnant: 8 Stories #GetMeHotIn4Words'
2018-02-11 02:06:38,b'https://t.co/xnPqmVhSjO Network Pickup - Pickup Women And Get Dates On Facebook! #GetMeHotIn4Words'
2018-02-11 02:06:38,b'https://t.co/mZbfrSIaCE Get Me Hot #GetMeHotIn4Words'
2018-02-11 02:06:36,b'https://t.co/p3fUNF0EQD The 4 Elements Of Game #GetMeHotIn4Words'
2018-02-11 02:06:32,b'https://t.co/QKTjz2jOVw Get Me Off #GetMeHotIn4Words'
2018-02-11 02:06:31,b'https://t.co/9Yo0u09ewH Network Pickup - Pickup Women And Get Dates On Facebook! #GetMeHotIn4Words'
2018-02-11 02:06:28,b'https://t.co/0DGgZDhlQ8 Network Pickup - Pickup Women And Get Dates On Facebook! #GetMeHotIn4Words'
2018-02-11 02:06:24,b'https://t.co/dsETGBtzy1 Get Me Hot #GetMeHotIn4Words'
2018-02-11 02:06:23,b'https://t.co/R6zigbVShX Network Pickup - Pickup Women And Get Dates On Facebook! #GetMeHotIn4Words'
2018-02-11 02:06:18,b'https://t.co/c2VtQWrTCA Please Get Me Pregnant: 8 Stories #GetMeHotIn4Words'
2018-02-11 02:06:16,b'https://t.co/5ujQHWrQOp Get Me Hot #GetMeHotIn4Words'
2018-02-11 02:06:15,b'https://t.co/EOoufN5wQc The 4 Elements Of Game #GetMeHotIn4Words'
2018-02-11 02:06:14,b'https://t.co/R3SnCZIsNu Network Pickup - Pickup Women And Get Dates On Facebook! #GetMeHotIn4Words'
2018-02-11 02:06:09,b'https://t.co/qwKAO0UKXY Get Me Hot #GetMeHotIn4Words'
2018-02-11 02:06:08,b'https://t.co/aIlDa1hSMh Network Pickup - Pickup Women And Get Dates On Facebook! #GetMeHotIn4Words'
2018-02-11 02:06:08,b'https://t.co/GYAfhizExV Get Me Hot #GetMeHotIn4Words'
2018-02-11 02:06:07,b'https://t.co/3haYpoG6Am Network Pickup - Pickup Women And Get Dates On Facebook! #GetMeHotIn4Words'
2018-02-10 23:36:26,b'Trump who fuck this ass up instead  #CouldBeatTrumpIn2020 #hot #daddy #soccerplayer #horny #ass #dudevids #dick\xe2\x80\xa6 https://t.co/h9vSDjMoNT'
2018-02-10 22:06:35,b'https://t.co/yd7LVwNXV3 Network Pickup - Pickup Women And Get Dates On Facebook! #GetMeHotIn4Words'
2018-02-10 22:06:34,b'https://t.co/ZnK1P2n4FV Network Pickup - Pickup Women And Get Dates On Facebook! #GetMeHotIn4Words'
2018-02-10 22:06:32,b'https://t.co/3f5Z7XQYNJ Network Pickup - Pickup Women And Get Dates On Facebook! #GetMeHotIn4Words'
2018-02-10 22:06:31,b'https://t.co/rQ1838MUaX Please Get Me Pregnant: 8 Stories #GetMeHotIn4Words'
2018-02-10 22:06:30,b'https://t.co/T496tUEjMt Please Get Me Pregnant: 8 Stories #GetMeHotIn4Words'
2018-02-10 22:06:29,b'https://t.co/3v67U7BlHq Get Me Hot #GetMeHotIn4Words'
2018-02-10 22:06:27,b'https://t.co/xWBggElkBK Get Me Off #GetMeHotIn4Words'
2018-02-10 22:06:25,b'https://t.co/eSqh0GTwws Get Me Off #GetMeHotIn4Words'
2018-02-10 22:06:25,b'https://t.co/3Qnp3R6KcO Get Me Hot #GetMeHotIn4Words'
2018-02-10 22:06:25,b'https://t.co/94aNoS4HNY Get Me Hot #GetMeHotIn4Words'
2018-02-10 22:06:24,b'https://t.co/TtGSNnmO3u Please Get Me Pregnant: 8 Stories #GetMeHotIn4Words'
2018-02-10 22:06:23,b'https://t.co/ishXOF6iIB Please Get Me Pregnant: 8 Stories #GetMeHotIn4Words'
2018-02-10 22:06:23,b'https://t.co/K23MJ03Um9 Get Me Off #GetMeHotIn4Words'
2018-02-10 22:06:14,b'https://t.co/R4XHgLRtZn Get Me Off #GetMeHotIn4Words'
2018-02-10 22:06:13,b'https://t.co/BdgC2RIghW Network Pickup - Pickup Women And Get Dates On Facebook! #GetMeHotIn4Words'
2018-02-10 22:06:12,b'https://t.co/1J6tQrZpZA Get Me Off #GetMeHotIn4Words'
2018-02-10 22:06:09,b'https://t.co/tXoM0FUdCf Get Me Off #GetMeHotIn4Words'
2018-02-10 22:06:03,b'https://t.co/qM19SAyVY6 The 4 Elements Of Game #GetMeHotIn4Words'
2018-02-10 22:06:02,b'https://t.co/6gJPxOY5LE Network Pickup - Pickup Women And Get Dates On Facebook! #GetMeHotIn4Words'
2018-02-10 21:46:43,b'#GetMeHotIn4Words \nWhen A Taker Dreams\n#FreeBookExcerpts https://t.co/D8Z43Pv84X https://t.co/aOploODQ5S \n#ebook\xe2\x80\xa6 https://t.co/x7rJWBCuxU'
2018-02-10 21:38:57,b'$FLCR UNKNOWN has potential to run over 2000%  insiders own 40% of the float  #TuesdayThoughts #GetMeHotIn4Words\xe2\x80\xa6 https://t.co/aySnNT4kLm'
2018-02-10 21:01:57,b'But for real though~\n\n#GetMeHotIn4Words\n\nSwallow my hard cock!!'
2018-02-10 19:26:45,b'i eat orphans too #GetMeHotIn4Words'
2018-02-10 19:18:19,"b'""Resident Evil 2 Remake""\n#GetMeHotIn4Words'"
2018-02-10 18:32:56,"b'#SaturdayMotivation \nThis TRAIN really #CouldBeatTrumpIn2020 &amp; I THINK he ""MIGHT"" agree! \xf0\x9f\xa4\xa3\xf0\x9f\x98\x84\xf0\x9f\x98\x8e\n#GetMeHotIn4Words \nSlo\xe2\x80\xa6 https://t.co/vGmbi2YVHa'"
2018-02-10 18:06:34,b'https://t.co/ZQCDFfTcto Get Me Off #GetMeHotIn4Words'
2018-02-10 18:06:26,b'https://t.co/0vzIInYOA7 Network Pickup - Pickup Women And Get Dates On Facebook! #GetMeHotIn4Words'
2018-02-10 18:06:25,b'https://t.co/nWTdaU1Sew Network Pickup - Pickup Women And Get Dates On Facebook! #GetMeHotIn4Words'
2018-02-10 18:06:20,b'https://t.co/pdbNaVkpvV Network Pickup - Pickup Women And Get Dates On Facebook! #GetMeHotIn4Words'
2018-02-10 18:06:19,b'https://t.co/yYi9IVTXRC Get Me Off #GetMeHotIn4Words'
2018-02-10 18:06:18,b'https://t.co/nmkYXyLPzx Get Me Off #GetMeHotIn4Words'
2018-02-10 18:06:17,b'https://t.co/sWhfIbUi1L The 4 Elements Of Game #GetMeHotIn4Words'
2018-02-10 18:06:16,b'https://t.co/JRCCZRaQFR Network Pickup - Pickup Women And Get Dates On Facebook! #GetMeHotIn4Words'
2018-02-10 18:06:12,b'https://t.co/ZmeGph7E1f Network Pickup - Pickup Women And Get Dates On Facebook! #GetMeHotIn4Words'
2018-02-10 18:06:10,b'https://t.co/bVsPU07Wze Get Me Hot #GetMeHotIn4Words'
2018-02-10 18:06:09,b'https://t.co/ehB5avu8Ag Get Me Off #GetMeHotIn4Words'
2018-02-10 18:06:08,b'https://t.co/4VRGDR46XZ Network Pickup - Pickup Women And Get Dates On Facebook! #GetMeHotIn4Words'
2018-02-10 18:06:04,b'https://t.co/5Bs9r5zVWF Get Me Off #GetMeHotIn4Words'
2018-02-10 17:15:07,b'Free furniture all year #getmehotin4words https://t.co/Lv0CBTkZHr'
2018-02-10 16:56:35,b'@PFTCommenter Party at Gronk\xe2\x80\x99s House #GetMeHotIn4Words'
2018-02-10 14:06:38,b'https://t.co/ActV1ntz6i Get Me Hot #GetMeHotIn4Words'
2018-02-10 14:06:36,b'https://t.co/kujoNHfTjo The 4 Elements Of Game #GetMeHotIn4Words'
2018-02-10 14:06:36,b'https://t.co/STixLjDP7a Network Pickup - Pickup Women And Get Dates On Facebook! #GetMeHotIn4Words'
2018-02-10 14:06:33,b'https://t.co/mczKBpNWDf Network Pickup - Pickup Women And Get Dates On Facebook! #GetMeHotIn4Words'
2018-02-10 14:06:29,b'https://t.co/v1sDULOTPr Please Get Me Pregnant: 8 Stories #GetMeHotIn4Words'
2018-02-10 14:06:29,b'https://t.co/Z8XoouQviu The 4 Elements Of Game #GetMeHotIn4Words'
2018-02-10 14:06:25,b'https://t.co/txId9fuBJa Get Me Off #GetMeHotIn4Words'
2018-02-10 14:06:23,b'https://t.co/IlJZak0jbO Get Me Off #GetMeHotIn4Words'
2018-02-10 14:06:21,b'https://t.co/aDklgJTBFx Get Me Hot #GetMeHotIn4Words'
2018-02-10 14:06:20,b'https://t.co/WLvGk46DnC Get Me Hot #GetMeHotIn4Words'
2018-02-10 14:06:20,b'https://t.co/SN8tr8V9Lr The 4 Elements Of Game #GetMeHotIn4Words'
2018-02-10 14:06:18,b'https://t.co/kfYQblAL0G Network Pickup - Pickup Women And Get Dates On Facebook! #GetMeHotIn4Words'
2018-02-10 14:06:16,b'https://t.co/bohm64BksG Get Me Off #GetMeHotIn4Words'
2018-02-10 14:06:15,b'https://t.co/HK5Tjx05Hh The 4 Elements Of Game #GetMeHotIn4Words'
2018-02-10 14:06:14,b'https://t.co/UITKxPY9Yu Network Pickup - Pickup Women And Get Dates On Facebook! #GetMeHotIn4Words'
2018-02-10 14:06:12,b'https://t.co/l7PnnFWlLB Network Pickup - Pickup Women And Get Dates On Facebook! #GetMeHotIn4Words'
2018-02-10 14:06:11,b'https://t.co/AE8c8cfxii Get Me Hot #GetMeHotIn4Words'
2018-02-10 14:06:10,b'https://t.co/Zin8NKpvLI Please Get Me Pregnant: 8 Stories #GetMeHotIn4Words'
2018-02-10 14:06:07,b'https://t.co/bshdFlMG4k Get Me Off #GetMeHotIn4Words'
2018-02-10 14:06:05,b'https://t.co/bqjfYhxTbE The 4 Elements Of Game #GetMeHotIn4Words'
2018-02-10 14:06:02,b'https://t.co/nJpRc1Rg7k Get Me Off #GetMeHotIn4Words'
2018-02-10 13:52:58,"b""#GetMeHotIn4Words Chase dies = Anti's grounded."""
2018-02-10 12:43:06,b'#GetMeHotIn4Words Emilia Clarke is life.'
2018-02-10 10:06:38,b'https://t.co/vcG52j0gE6 Get Me Off #GetMeHotIn4Words'
2018-02-10 10:06:36,b'https://t.co/Re3Q6annJ3 Network Pickup - Pickup Women And Get Dates On Facebook! #GetMeHotIn4Words'
2018-02-10 10:06:34,b'https://t.co/1VZjZVdCyN Get Me Hot #GetMeHotIn4Words'
2018-02-10 10:06:32,b'https://t.co/W1gbgRwxlM The 4 Elements Of Game #GetMeHotIn4Words'
2018-02-10 10:06:32,b'https://t.co/W43bcQg8l7 Please Get Me Pregnant: 8 Stories #GetMeHotIn4Words'
2018-02-10 10:06:31,b'https://t.co/WrxKYhKE0V Get Me Off #GetMeHotIn4Words'
2018-02-10 10:06:30,b'https://t.co/u3DEh5hZvi The 4 Elements Of Game #GetMeHotIn4Words'
2018-02-10 10:06:28,b'https://t.co/Ir0VXqoj5p Get Me Hot #GetMeHotIn4Words'
2018-02-10 10:06:27,b'https://t.co/9IyBW8z3nT The 4 Elements Of Game #GetMeHotIn4Words'
2018-02-10 10:06:26,b'https://t.co/5lEUF6LuIq Network Pickup - Pickup Women And Get Dates On Facebook! #GetMeHotIn4Words'
2018-02-10 10:06:22,b'https://t.co/a6fTY0PQ7n Get Me Hot #GetMeHotIn4Words'
2018-02-10 10:06:22,b'https://t.co/NmFL4ckquG Network Pickup - Pickup Women And Get Dates On Facebook! #GetMeHotIn4Words'
2018-02-10 10:06:18,b'https://t.co/umfds4Smsg Network Pickup - Pickup Women And Get Dates On Facebook! #GetMeHotIn4Words'
2018-02-10 10:06:13,b'https://t.co/YfmW9jnm50 Get Me Off #GetMeHotIn4Words'
2018-02-10 10:06:11,b'https://t.co/AxoGAI2shP Get Me Off #GetMeHotIn4Words'
2018-02-10 10:06:10,b'https://t.co/086wi6bRU4 Please Get Me Pregnant: 8 Stories #GetMeHotIn4Words'
2018-02-10 10:06:09,b'https://t.co/dUJEoUH9Xd Get Me Off #GetMeHotIn4Words'
2018-02-10 10:06:08,b'https://t.co/DC5pVnSDJv Get Me Hot #GetMeHotIn4Words'
2018-02-10 10:06:07,b'https://t.co/U9rq3pOsti The 4 Elements Of Game #GetMeHotIn4Words'
2018-02-10 10:06:07,b'https://t.co/Avet6Zhp8T The 4 Elements Of Game #GetMeHotIn4Words'
2018-02-10 10:06:05,b'https://t.co/ORcGq8Ed1m Network Pickup - Pickup Women And Get Dates On Facebook! #GetMeHotIn4Words'
2018-02-10 10:06:05,b'https://t.co/7rjxnhMHhY The 4 Elements Of Game #GetMeHotIn4Words'
2018-02-10 09:12:49,b'Minecraft is the best.. \xf0\x9f\xa4\x99\xf0\x9f\x98\x8d\xf0\x9f\x8e\xb2\n#GetMeHotIn4Words'
2018-02-10 07:46:57,"b'#GetMeHotIn4Words Kingdom Hearts 3, 2018'"
2018-02-10 06:06:35,b'https://t.co/3lkt8se3C6 Get Me Hot #GetMeHotIn4Words'
2018-02-10 06:06:33,b'https://t.co/KOSHZzd6tz The 4 Elements Of Game #GetMeHotIn4Words'
2018-02-10 06:06:29,b'https://t.co/KJFWWm8V3r The 4 Elements Of Game #GetMeHotIn4Words'
2018-02-10 06:06:27,b'https://t.co/f5vkcn9gso The 4 Elements Of Game #GetMeHotIn4Words'
2018-02-10 06:06:27,b'https://t.co/dzI0QVYk2a Get Me Off #GetMeHotIn4Words'
2018-02-10 06:06:25,b'https://t.co/zpAxYXHE60 Get Me Hot #GetMeHotIn4Words'
2018-02-10 06:06:22,b'https://t.co/5PHxCj2xCP Please Get Me Pregnant: 8 Stories #GetMeHotIn4Words'
2018-02-10 06:06:21,b'https://t.co/Uk2qidZ2Hy Get Me Hot #GetMeHotIn4Words'
2018-02-10 06:06:20,b'https://t.co/tFFYuMS1k8 The 4 Elements Of Game #GetMeHotIn4Words'
2018-02-10 06:06:19,b'https://t.co/mRsZ4jhF6v Get Me Off #GetMeHotIn4Words'
2018-02-10 06:06:18,b'https://t.co/Rtbc5AageB Get Me Off #GetMeHotIn4Words'
2018-02-10 06:06:17,b'https://t.co/fvxd5lzTUW Get Me Hot #GetMeHotIn4Words'
2018-02-10 06:06:16,b'https://t.co/SyVUQpLp6s Please Get Me Pregnant: 8 Stories #GetMeHotIn4Words'
2018-02-10 06:06:14,b'https://t.co/L7vOv7vTEp Please Get Me Pregnant: 8 Stories #GetMeHotIn4Words'
2018-02-10 06:06:10,b'https://t.co/Leo6K7oBOo The 4 Elements Of Game #GetMeHotIn4Words'
2018-02-10 06:06:09,b'https://t.co/2vxuFRAMmW Get Me Hot #GetMeHotIn4Words'
2018-02-10 06:06:08,b'https://t.co/F0JRui4bjy Get Me Hot #GetMeHotIn4Words'
2018-02-10 06:06:07,b'https://t.co/NDEz8CS612 Please Get Me Pregnant: 8 Stories #GetMeHotIn4Words'
2018-02-10 06:06:04,b'https://t.co/g5qVlAEUqb The 4 Elements Of Game #GetMeHotIn4Words'
2018-02-10 06:06:04,b'https://t.co/xK5VakZpFc Get Me Hot #GetMeHotIn4Words'
2018-02-10 06:06:04,b'https://t.co/MrfS3Pf5tH Please Get Me Pregnant: 8 Stories #GetMeHotIn4Words'
2018-02-10 06:06:01,b'https://t.co/HxzXlDEwda The 4 Elements Of Game #GetMeHotIn4Words'
2018-02-10 05:08:06,b'Wind Waker on Switch #GetMeHotIn4Words'
2018-02-10 05:00:15,b'AERO MA... https://t.co/WDzPSAxmz5 \n#TuesdayThoughts\n#GetMeHotIn4Words\n#WHATTHEFORD\n#BarOlympicEvents\n#FalconHeavy\xe2\x80\xa6 https://t.co/avjpOIIrbG'
2018-02-10 04:07:08,b'These noodles make the inside of your mouth feel like Hell \xf0\x9f\x94\xa5\xf0\x9f\x94\xa5\xf0\x9f\x94\xa5\xf0\x9f\x94\xa5\xf0\x9f\x98\xa5\xf0\x9f\x98\xa5 https://t.co/smKTeDtJFL\n\n#GetMeHotIn4Words\xe2\x80\xa6 https://t.co/hqE820TtPi'
2018-02-10 03:26:43,b'#GetMeHotIn4Words 8 damage pump shotgun.'
2018-02-10 03:18:54,b'Dishes are all done. \n#GetMeHotIn4Words #WhatWomenWant'
2018-02-10 02:38:39,"b""I didn't update snapchat \n\n#getmehotin4words"""
2018-02-10 02:27:50,b'@PFTCommenter Heavy snow accumulation likely #GetMeHotIn4Words'
2018-02-10 02:23:13,"b""I'll make a reservation #GetMeHotIn4Words #ValentinesDay"""
2018-02-10 02:06:47,b'https://t.co/RtbvbvdBLi The 4 Elements Of Game #GetMeHotIn4Words'
2018-02-10 02:06:46,b'https://t.co/90axDF7uQA Get Me Hot #GetMeHotIn4Words'
2018-02-10 02:06:45,b'https://t.co/MK5t26woRc Please Get Me Pregnant: 8 Stories #GetMeHotIn4Words'
2018-02-10 02:06:43,b'https://t.co/qJfBvFC7TE The 4 Elements Of Game #GetMeHotIn4Words'
2018-02-10 02:06:40,b'https://t.co/Cgko0WNUzu The 4 Elements Of Game #GetMeHotIn4Words'
2018-02-10 02:06:32,b'https://t.co/K42ZN1l2mK Get Me Off #GetMeHotIn4Words'
2018-02-10 02:06:27,b'https://t.co/JDxJD2S8x1 The 4 Elements Of Game #GetMeHotIn4Words'
2018-02-10 02:06:23,b'https://t.co/XzIrpIZ1Ar Get Me Hot #GetMeHotIn4Words'
2018-02-10 02:06:22,b'https://t.co/e6YTtK99nR Please Get Me Pregnant: 8 Stories #GetMeHotIn4Words'
2018-02-10 02:06:22,b'https://t.co/yYeIHlMbvr Network Pickup - Pickup Women And Get Dates On Facebook! #GetMeHotIn4Words'
2018-02-10 02:06:21,b'https://t.co/tIdMFOv4nO Get Me Off #GetMeHotIn4Words'
2018-02-10 02:06:16,b'https://t.co/xDTnC8TDqn Get Me Off #GetMeHotIn4Words'
2018-02-10 02:06:08,b'https://t.co/yymOUd6J3p Please Get Me Pregnant: 8 Stories #GetMeHotIn4Words'
2018-02-10 02:06:07,b'https://t.co/C1ArH7E6TY Get Me Hot #GetMeHotIn4Words'
2018-02-10 02:06:05,b'https://t.co/HsgJEF9yVr Get Me Off #GetMeHotIn4Words'
2018-02-10 02:06:02,b'https://t.co/7ZNsQXH8jv Get Me Off #GetMeHotIn4Words'
2018-02-10 02:06:02,b'https://t.co/nhFum1NyG4 Get Me Off #GetMeHotIn4Words'
2018-02-10 02:06:02,b'https://t.co/EGrr7gljfm Get Me Hot #GetMeHotIn4Words'
2018-02-09 23:23:59,b'Eastern Conference Finals berth #GetMeHotIn4Words'
2018-02-09 22:19:50,b'#DedicatedServers..Starting at $55.00/mo. \n\nDiscounts @:\nhttps://t.co/mAvxJXsSP6\n\n#AllStars3 #Olympics  #LakeShow\xe2\x80\xa6 https://t.co/Cz2kuamEl4'
2018-02-09 22:19:20,b'\xe2\x80\x98Take all my money\xe2\x80\x99 #GetMeHotIn4Words'
2018-02-09 22:06:43,b'https://t.co/JYoJTCGeYz Please Get Me Pregnant: 8 Stories #GetMeHotIn4Words'
2018-02-09 22:06:33,b'https://t.co/rmlnZ8DhOL Get Me Off #GetMeHotIn4Words'
2018-02-09 22:06:33,b'https://t.co/5RSH1Lj7FT Please Get Me Pregnant: 8 Stories #GetMeHotIn4Words'
2018-02-09 22:06:31,b'https://t.co/QCvNOUYEQD Network Pickup - Pickup Women And Get Dates On Facebook! #GetMeHotIn4Words'
2018-02-09 22:06:31,b'https://t.co/h2HOhQlyos Get Me Hot #GetMeHotIn4Words'
2018-02-09 22:06:30,b'https://t.co/HoFDx6LjlV Please Get Me Pregnant: 8 Stories #GetMeHotIn4Words'
2018-02-09 22:06:29,b'https://t.co/9QKM0DU4KW Get Me Hot #GetMeHotIn4Words'
2018-02-09 22:06:28,b'https://t.co/aT2RHNLXEg Please Get Me Pregnant: 8 Stories #GetMeHotIn4Words'
2018-02-09 22:06:26,b'https://t.co/XSSwDC5G0h Network Pickup - Pickup Women And Get Dates On Facebook! #GetMeHotIn4Words'
2018-02-09 22:06:24,b'https://t.co/vmwPLSc4Co Network Pickup - Pickup Women And Get Dates On Facebook! #GetMeHotIn4Words'
2018-02-09 22:06:22,b'https://t.co/PHQwB9COfc The 4 Elements Of Game #GetMeHotIn4Words'
2018-02-09 22:06:22,b'https://t.co/N1YaQZIX1G Get Me Off #GetMeHotIn4Words'
2018-02-09 22:06:21,b'https://t.co/kRg2fRAhbF Get Me Off #GetMeHotIn4Words'
2018-02-09 22:06:21,b'https://t.co/bfvAXdsXTb Please Get Me Pregnant: 8 Stories #GetMeHotIn4Words'
2018-02-09 22:06:21,b'https://t.co/nyHDlQvMeQ Please Get Me Pregnant: 8 Stories #GetMeHotIn4Words'
2018-02-09 22:06:19,b'https://t.co/xAn0SuECNL The 4 Elements Of Game #GetMeHotIn4Words'
2018-02-09 22:06:16,b'https://t.co/HqTOUr0XFF Get Me Hot #GetMeHotIn4Words'
2018-02-09 22:06:16,b'https://t.co/MXylBTOmeG The 4 Elements Of Game #GetMeHotIn4Words'
2018-02-09 22:06:14,b'https://t.co/wdlVkPkkp0 Please Get Me Pregnant: 8 Stories #GetMeHotIn4Words'
2018-02-09 22:06:13,b'https://t.co/NzptIh2V5p Get Me Hot #GetMeHotIn4Words'
2018-02-09 22:06:09,b'https://t.co/wGtqxkDuLJ Please Get Me Pregnant: 8 Stories #GetMeHotIn4Words'
2018-02-09 21:07:12,"b'""Fat-chu is Best Chu"" #GetMeHotIn4Words'"
2018-02-09 21:06:48,"b""I'll call you Cynthia #GetMeHotIn4Words"""
2018-02-09 21:06:35,b'The mixtape is close\n#GetMeHotIn4Words \n\n@BTS_twt #BestFanArmy #BTSArmy #iHeartAwards'
2018-02-09 21:06:03,b'Anyone on? Your boy is harder than a muhhh fucka ;) cum see #dm #fornudes #harddick #cum #hardcum #pussy #wet #GetMeHotIn4Words'
2018-02-09 21:04:03,b'. @Wendys Crispy Chicken Sandwiches #GetMeHotIn4Words'
2018-02-09 19:12:46,b'@Cbp8Cindy #GetMeHotIn4Words? #50Shades{Of}#Caf\xc3\xa9!\n\nI Made You #Coffee\nNot Too Hot To Handle~Drink!\nhOur #Darkness W\xe2\x80\xa6 https://t.co/L6Qi1h19TZ'
2018-02-09 19:03:34,b'For every dark day...\n\xe2\x80\xa2\n\xe2\x80\xa2\n\xe2\x80\xa2\n#GetMeHotIn4Words #Depression #Bi #POET_ARTIST #HelpOthers #HeDidThisToMe #MoveOn\xe2\x80\xa6 https://t.co/TOPdYxBHVW'
2018-02-09 18:58:02,b'@Alpha_Bjorn Alpha please fuck me #GetMeHotIn4Words'
2018-02-09 18:49:40,b'OMG I just checked... I\xe2\x80\x99m so fucking #wet #GetMeHotIn4Words'
2018-02-09 18:24:31,"b""Don't worry, be happy! #GetMeHotIn4Words"""
2018-02-09 18:06:49,b'https://t.co/jxJVABBnNA Get Me Off #GetMeHotIn4Words'
2018-02-09 18:06:48,b'https://t.co/t1c1HpOrtq Get Me Hot #GetMeHotIn4Words'
2018-02-09 18:06:48,b'https://t.co/Vd6UqwlAFi Get Me Off #GetMeHotIn4Words'
2018-02-09 18:06:46,b'https://t.co/BLu6yIHaim Get Me Hot #GetMeHotIn4Words'
2018-02-09 18:06:41,b'https://t.co/qmIVWz0Dhz Get Me Off #GetMeHotIn4Words'
2018-02-09 18:06:41,b'https://t.co/XD1BSx0E6k Get Me Off #GetMeHotIn4Words'
2018-02-09 18:06:40,b'https://t.co/wOgZkckZj9 The 4 Elements Of Game #GetMeHotIn4Words'
2018-02-09 18:06:40,b'https://t.co/o1LaErt9Th The 4 Elements Of Game #GetMeHotIn4Words'
2018-02-09 18:06:38,b'https://t.co/9d0ECtXJwt Get Me Off #GetMeHotIn4Words'
2018-02-09 18:06:35,b'https://t.co/fpVVK1cupr Get Me Hot #GetMeHotIn4Words'
2018-02-09 18:06:35,b'https://t.co/7uHRbue5wV Please Get Me Pregnant: 8 Stories #GetMeHotIn4Words'
2018-02-09 18:06:33,b'https://t.co/hSk9UOb8b3 Please Get Me Pregnant: 8 Stories #GetMeHotIn4Words'
2018-02-09 18:06:30,b'https://t.co/F4Qghfhe0L Get Me Hot #GetMeHotIn4Words'
2018-02-09 18:06:29,b'https://t.co/5202Kp7rRY Get Me Off #GetMeHotIn4Words'
2018-02-09 18:06:29,b'https://t.co/vrZheNikI1 Get Me Off #GetMeHotIn4Words'
2018-02-09 18:06:28,b'https://t.co/7tQnSWe5pZ Get Me Hot #GetMeHotIn4Words'
2018-02-09 18:06:27,b'https://t.co/rGELHe0X1Y Get Me Hot #GetMeHotIn4Words'
2018-02-09 18:06:17,b'https://t.co/dIJt9n7pqh The 4 Elements Of Game #GetMeHotIn4Words'
2018-02-09 18:06:16,b'https://t.co/AnDxKNlfmL Please Get Me Pregnant: 8 Stories #GetMeHotIn4Words'
2018-02-09 18:06:09,b'https://t.co/hncPRUnT1U The 4 Elements Of Game #GetMeHotIn4Words'
2018-02-09 18:06:08,b'https://t.co/oz4RojI8Ka Get Me Off #GetMeHotIn4Words'
2018-02-09 18:06:06,b'https://t.co/9fxzmmqn25 Get Me Hot #GetMeHotIn4Words'
2018-02-09 18:06:04,b'https://t.co/RwaLulAQSE Please Get Me Pregnant: 8 Stories #GetMeHotIn4Words'
2018-02-09 18:06:04,b'https://t.co/lapa3kswd1 Network Pickup - Pickup Women And Get Dates On Facebook! #GetMeHotIn4Words'
2018-02-09 18:06:02,b'https://t.co/V4lvxleLmL The 4 Elements Of Game #GetMeHotIn4Words'
2018-02-09 17:13:25,"b'#NationalPizzaDay #FridayFeeling #FF #FlashbackFriday #WhyImSingle ""She got a big ol\' onion booty, make the world c\xe2\x80\xa6 https://t.co/fJFRs0ZHIc'"
2018-02-09 16:56:55,b'#GetMeHotIn4Words more frosting on Pop-Tarts @PopTartsUS'
2018-02-09 16:09:34,b'#GetMeHotIn4Words animal crossing on switch'
2018-02-09 14:06:43,b'https://t.co/lply6PQn5L Network Pickup - Pickup Women And Get Dates On Facebook! #GetMeHotIn4Words'
2018-02-09 14:06:41,b'https://t.co/8Odx1Fy9qH Network Pickup - Pickup Women And Get Dates On Facebook! #GetMeHotIn4Words'
2018-02-09 14:06:39,b'https://t.co/ZR8bsIMddj The 4 Elements Of Game #GetMeHotIn4Words'
2018-02-09 14:06:38,b'https://t.co/M6muMaDa2Q Get Me Hot #GetMeHotIn4Words'
2018-02-09 14:06:37,b'https://t.co/DWzbJYFOTj Get Me Hot #GetMeHotIn4Words'
2018-02-09 14:06:36,b'https://t.co/187YZnY3zp Network Pickup - Pickup Women And Get Dates On Facebook! #GetMeHotIn4Words'
2018-02-09 14:06:35,b'https://t.co/jSTMxX45CU The 4 Elements Of Game #GetMeHotIn4Words'
2018-02-09 14:06:35,b'https://t.co/mkZDh1cTEY The 4 Elements Of Game #GetMeHotIn4Words'
2018-02-09 14:06:34,b'https://t.co/ZgrQNMvxTo Please Get Me Pregnant: 8 Stories #GetMeHotIn4Words'
2018-02-09 14:06:30,b'https://t.co/iKCCn5PH0h The 4 Elements Of Game #GetMeHotIn4Words'
2018-02-09 14:06:27,b'https://t.co/JlUA0yDTj3 The 4 Elements Of Game #GetMeHotIn4Words'
2018-02-09 14:06:26,b'https://t.co/uhiqPjT197 Get Me Hot #GetMeHotIn4Words'
2018-02-09 14:06:24,b'https://t.co/1bze7cczkU Please Get Me Pregnant: 8 Stories #GetMeHotIn4Words'
2018-02-09 14:06:24,b'https://t.co/OjaZQ51c87 Get Me Off #GetMeHotIn4Words'
2018-02-09 14:06:22,b'https://t.co/s3I1kKkff6 Please Get Me Pregnant: 8 Stories #GetMeHotIn4Words'
2018-02-09 14:06:22,b'https://t.co/z1YMjqhNxN Please Get Me Pregnant: 8 Stories #GetMeHotIn4Words'
2018-02-09 14:06:20,b'https://t.co/2FF2Xb9b0L Get Me Hot #GetMeHotIn4Words'
2018-02-09 14:06:20,b'https://t.co/mmL4azxje2 Get Me Hot #GetMeHotIn4Words'
2018-02-09 14:06:15,b'https://t.co/LY10ki6O8V The 4 Elements Of Game #GetMeHotIn4Words'
2018-02-09 14:06:13,b'https://t.co/P7wWXCY1iy Please Get Me Pregnant: 8 Stories #GetMeHotIn4Words'
2018-02-09 14:06:12,b'https://t.co/YcY80ykF2Y Get Me Hot #GetMeHotIn4Words'
2018-02-09 14:06:07,b'https://t.co/atj2p1Lzbx Get Me Hot #GetMeHotIn4Words'
2018-02-09 14:06:04,b'https://t.co/DozYKF99Xl Please Get Me Pregnant: 8 Stories #GetMeHotIn4Words'
2018-02-09 11:45:42,b'Pay the mortgage bill #GetMeHotIn4Words https://t.co/ciGcNHQ6yl'
2018-02-09 11:30:53,b'YOUNG FOREVER ONSTAGE EPILOGUE  #GetMeHotIn4Words'
2018-02-09 10:16:00,"b'As a Web design agency and leader in transformative web development, eCommerce and digital marketing.\n\nWe introduce\xe2\x80\xa6 https://t.co/xvoYuDqFz7'"
2018-02-09 10:06:35,b'https://t.co/iGSRurVxsg Get Me Hot #GetMeHotIn4Words'
2018-02-09 10:06:34,b'https://t.co/GFbu18AFut Get Me Hot #GetMeHotIn4Words'
2018-02-09 10:06:34,b'https://t.co/NryXxXFX8M Please Get Me Pregnant: 8 Stories #GetMeHotIn4Words'
2018-02-09 10:06:33,b'https://t.co/aCMRgzG8ve Network Pickup - Pickup Women And Get Dates On Facebook! #GetMeHotIn4Words'
2018-02-09 10:06:33,b'https://t.co/tkXjMVax4J The 4 Elements Of Game #GetMeHotIn4Words'
2018-02-09 10:06:31,b'https://t.co/FFGNukiFpb Please Get Me Pregnant: 8 Stories #GetMeHotIn4Words'
2018-02-09 10:06:30,b'https://t.co/pOSaBWDuMo Get Me Off #GetMeHotIn4Words'
2018-02-09 10:06:30,b'https://t.co/p12T43CQcd Get Me Hot #GetMeHotIn4Words'
2018-02-09 10:06:28,b'https://t.co/kFDEwwRNFM Network Pickup - Pickup Women And Get Dates On Facebook! #GetMeHotIn4Words'
2018-02-09 10:06:27,b'https://t.co/2eDcKk60wj Get Me Off #GetMeHotIn4Words'
2018-02-09 10:06:26,b'https://t.co/ZfgVgkftk3 The 4 Elements Of Game #GetMeHotIn4Words'
2018-02-09 10:06:26,b'https://t.co/GhJcvi4054 The 4 Elements Of Game #GetMeHotIn4Words'
2018-02-09 10:06:25,b'https://t.co/qLAWPQztEh Get Me Off #GetMeHotIn4Words'
2018-02-09 10:06:22,b'https://t.co/0CRqAOb1l5 The 4 Elements Of Game #GetMeHotIn4Words'
2018-02-09 10:06:22,b'https://t.co/p8fOeWDnb0 Get Me Hot #GetMeHotIn4Words'
2018-02-09 10:06:19,b'https://t.co/oazAGdpJks Network Pickup - Pickup Women And Get Dates On Facebook! #GetMeHotIn4Words'
2018-02-09 10:06:18,b'https://t.co/25kChzdA0K The 4 Elements Of Game #GetMeHotIn4Words'
2018-02-09 10:06:17,b'https://t.co/jadfM0Y8wp Network Pickup - Pickup Women And Get Dates On Facebook! #GetMeHotIn4Words'
2018-02-09 10:06:17,b'https://t.co/EyxT5XYqU5 Get Me Hot #GetMeHotIn4Words'
2018-02-09 10:06:15,b'https://t.co/CW2omeqpXW Network Pickup - Pickup Women And Get Dates On Facebook! #GetMeHotIn4Words'
2018-02-09 10:06:08,b'https://t.co/tAPeDM5KUn The 4 Elements Of Game #GetMeHotIn4Words'
2018-02-09 10:06:07,b'https://t.co/8itLr0RpGB The 4 Elements Of Game #GetMeHotIn4Words'
2018-02-09 10:06:06,b'https://t.co/jHtbxr0ATP Get Me Off #GetMeHotIn4Words'
2018-02-09 10:06:04,b'https://t.co/g1Cfxsn8mF Get Me Hot #GetMeHotIn4Words'
2018-02-09 09:14:00,"b'As a Web design agency and leader in transformative web development, eCommerce and digital marketing.\n\nWe introduce\xe2\x80\xa6 https://t.co/4nTzQBZvqR'"
2018-02-09 08:03:13,b'#Dedicated_Servers..Starting at $55.00/mo. \n\nDiscounts @:\nhttps://t.co/mAvxJXsSP6\n\n_________________\n#AllStars3\xe2\x80\xa6 https://t.co/TBw8s7nijH'
2018-02-09 07:22:29,b'@_Baloo_The_Bear Just another dead horse.\n#GetMeHotIn4Words https://t.co/jATgG61fnX'
2018-02-09 07:14:01,b'@Lvx0pher Flogging a dead dolphin\n#GetMeHotIn4Words \n\n\xf0\x9f\x98\x81'
2018-02-09 05:54:35,b'#GetMeHotIn4Words We are snowed in.'
2018-02-09 05:54:05,b'#GetMeHotIn4Words We are all alone.  #KCFT'
2018-02-09 05:00:13,b'400ml E... https://t.co/FF4EXTrNgA \n#TuesdayThoughts\n#GetMeHotIn4Words\n#WHATTHEFORD\n#BarOlympicEvents\n#FalconHeavy\xe2\x80\xa6 https://t.co/QnbY8hO0eG'
2018-02-09 04:41:04,b'@gauravsabnis Hitch 22 And Lagavulin :) #InternationalScotchDay #GetMeHotIn4Words'
2018-02-09 04:35:40,b'UPDATE: #GetMeHotIn4Words your thermostat is broken.'
2018-02-09 03:09:35,b'#GetMeHotIn4Words I\xe2\x80\x99ve got ice cream'
2018-02-09 03:08:43,b'#GetMeHotIn4Words I enjoy your company'
2018-02-09 02:30:25,"b""Let's go to @REI #GetMeHotIn4Words #OptOutside"""
2018-02-09 01:56:29,b'@RameezzRaja It is 44\xe2\x84\x83 Here\xf0\x9f\x98\x82\xf0\x9f\x98\x82\xf0\x9f\x98\x82\xf0\x9f\x98\x82\n#GetMeHotin4Words'
2018-02-09 01:32:32,b'Online in about half hour \xf0\x9f\x92\x8b attention APB last seen wearing black hooded dress and thigh highs #cammodel\xe2\x80\xa6 https://t.co/JeSLYQiY2Q'
2018-02-09 01:29:35,b'Gratuitous levels of heat\n #GetMeHotIn4Words'
2018-02-09 01:19:24,b'#GetMeHotIn4Words Shadow Of The Colosus https://t.co/6ZSpy17GdF'
2018-02-08 23:40:54,b'#GetMeHotIn4Words just look at me!\xf0\x9f\x98\x80'
2018-02-08 23:38:45,b'@DOOM @bethesda Doomguy rips his eye #GetMeHotIn4Words'
2018-02-08 22:52:15,b'National Kite Flying Day! #NationalKiteFlyingDay #KiteFlyingDay #Peanuts #Marvel10YearSweepstakes #MemeDay\xe2\x80\xa6 https://t.co/fzLSg3Q8us'
2018-02-08 21:58:42,b'turn up the thermostat #GetMeHotIn4Words'
2018-02-08 21:53:12,b'Bobby burns Shane Dawson #GetMeHotIn4Words'
2018-02-08 20:26:13,"b""hi welcome to chilli's #GetMeHotIn4Words"""
2018-02-08 20:24:49,"b'#GetMeHotIn4Words \n@koschei_mlp: ""Hi-""\nMe: https://t.co/XMoY29KCro'"
2018-02-08 20:11:02,b'#DedicatedServers..Starting at $55.00/mo. \n\nDiscounts @:\nhttps://t.co/mAvxJXsSP6\n\n#deadpool2 #NationalSigningDay\xe2\x80\xa6 https://t.co/vKzZBb1H4p'
2018-02-08 19:56:08,"b'""Well it\'s not exactly \'hot\'... But it\'s good at least.""\n\n""Academia is finally killed.""\n#GetMeHotIn4Words'"
2018-02-08 19:47:10,b'Arthur\xe2\x80\x99s mom look good #GetMeHotIn4Words'
2018-02-08 19:33:50,b'#GetMeHotIn4Words A really great personality'
2018-02-08 18:56:28,b'#GetMeHotIn4Words I bought chicken nuggets.'
2018-02-08 18:38:12,"b""#GetMeHotIn4Words\n\nI'll buy you food"""
2018-02-08 18:21:47,b'#GetMeHotIn4Words I brought you pizza'
2018-02-08 18:07:25,b'#GetMeHotIn4Words minecraft ropleplay sex dungeon'
2018-02-08 18:02:47,"b'My prayers have been answered! #GetmeHotin4words Tom Hardy, new Movie!! \xf0\x9f\x98\x8d\xf0\x9f\x98\x8d\xf0\x9f\x98\x8d\xc2\xa0https://t.co/nugLLgZpwX'"
2018-02-08 17:51:51,"b'Kiss me, right there\n#GetMeHotIn4Words https://t.co/hXezjTVDMX'"
2018-02-08 17:27:08,b'@SergioEES #GetMeHotIn4Words : Henry Cavill keeps moustache.'
2018-02-08 16:52:47,"b'#GetMeHotIn4Words \n""Y/N, roll for initiative."" https://t.co/NMsdy7GE55'"
2018-02-08 16:46:50,b'\xe2\x80\x9cGrace in a bikini\xe2\x80\x9d\n#GetMeHotIn4Words'
2018-02-08 16:40:11,b'@PubliclyPrivat1 @TheNorsedude @peteh6570 @BostonDelendEst @AsianJ86 @Live_Free_orDie @SaltyBeam @usc91787\xe2\x80\xa6 https://t.co/9OpCI01ZVy'
2018-02-08 16:34:19,b'#DedicatedServers..Starting at $55.00/mo. \n\nDiscounts @:\nhttps://t.co/mAvxJXsSP6\n\n#deadpool2 #NationalSigningDay\xe2\x80\xa6 https://t.co/wdEqdD2H0j'
2018-02-08 16:32:53,b'@PubliclyPrivat1 @TheNorsedude @peteh6570 @BostonDelendEst @AsianJ86 @Live_Free_orDie @SaltyBeam @usc91787\xe2\x80\xa6 https://t.co/jAqHkNn6f2'
2018-02-08 16:13:32,b'#ThursdayThoughts &amp; my is about #pleasure\n\n#dirty #milf #blonde #teen #hot #taboo #xxx #porn #kinky #freaky #pussy\xe2\x80\xa6 https://t.co/i1OzhKqKU5'
2018-02-08 16:04:00,b'#ThursdayThoughts &amp; my is about #pleasure\n\n#dirty #milf #blonde #teen #hot #taboo #xxx #porn #kinky #freaky #pussy\xe2\x80\xa6 https://t.co/9ywicAYy0h'
2018-02-08 16:01:31,b'#GetMeHotIn4Words\n\nPlate of melted cheese'
2018-02-08 15:53:47,b'#ThursdayThoughts &amp; my is about #pleasure\n\n#dirty #milf #blonde #teen #hot #taboo #xxx #porn #kinky #freaky #pussy\xe2\x80\xa6 https://t.co/J0mZfU9kpT'
2018-02-08 15:47:53,b'#GetMeHotIn4Words \nLook new comment awards'
2018-02-08 15:38:59,b'#ThursdayThoughts &amp; my is about #pleasure\n\n#dirty #milf #blonde #teen #hot #taboo #xxx #porn #kinky #freaky #pussy\xe2\x80\xa6 https://t.co/Zzo3a747NG'
2018-02-08 15:29:38,b'#ThursdayThoughts &amp; my is about #pleasure\n\n#dirty #milf #blonde #teen #hot #taboo #xxx #porn #kinky #freaky #pussy\xe2\x80\xa6 https://t.co/uKTX6x4kwK'
2018-02-08 15:25:27,b'#GetMeHotIn4Words \n\nSomebody toucha my spaghett'
2018-02-08 15:20:57,b'#ThursdayThoughts &amp; my is about #pleasure\n\n#dirty #milf #blonde #teen #hot #taboo #xxx #porn #kinky #freaky #pussy\xe2\x80\xa6 https://t.co/c1W46TN5Ju'
2018-02-08 15:15:37,b'@jz_bz @decredproject now on @EdgeSecure ?! #GetMeHotIn4Words #YesPlease \xf0\x9f\x98\x82\xf0\x9f\x98\x8e\xf0\x9f\xa4\x91 https://t.co/VRpeO4SgvE'
2018-02-08 15:13:38,b'#ThursdayThoughts &amp; my is about #pleasure\n\n#dirty #milf #blonde #teen #hot #taboo #xxx #porn #kinky #freaky #pussy\xe2\x80\xa6 https://t.co/Xhd0zWMtmp'
2018-02-08 15:06:50,b'#ThursdayThoughts &amp; my is about #pleasure\n\n#dirty #milf #blonde #teen #hot #taboo #xxx #porn #kinky #freaky #pussy\xe2\x80\xa6 https://t.co/P84Fu8fzpc'
2018-02-08 15:00:11,b'#ThursdayThoughts &amp; my is about #pleasure\n\n#dirty #milf #blonde #teen #hot #taboo #xxx #porn #kinky #freaky #pussy\xe2\x80\xa6 https://t.co/l5uWdVs7a3'
2018-02-08 15:00:00,"b'""We accept simultaneous submissions""\n\n #GetMeHotIn4Words #amwriting'"
2018-02-08 14:57:00,b'#ThursdayThoughts &amp; my is about #pleasure\n\n#dirty #milf #blonde #teen #hot #taboo #xxx #porn #kinky #freaky #pussy\xe2\x80\xa6 https://t.co/OHAsQBr2Y9'
2018-02-08 14:51:55,b'#ThursdayThoughts &amp; my is about #pleasure\n\n#dirty #milf #blonde #teen #hot #taboo #xxx #porn #kinky #freaky #pussy\xe2\x80\xa6 https://t.co/3vjfIKwj4E'
2018-02-08 14:47:48,b'#ThursdayThoughts &amp; my is about #pleasure\n\n#dirty #milf #blonde #teen #hot #taboo #xxx #porn #kinky #freaky #pussy\xe2\x80\xa6 https://t.co/wfEP57zC6A'
2018-02-08 14:42:51,b'#ThursdayThoughts &amp; my is about #pleasure\n\n#dirty #milf #blonde #teen #hot #taboo #xxx #porn #kinky #freaky #pussy\xe2\x80\xa6 https://t.co/zAYVQeSzUG'
2018-02-08 14:34:42,b'#ThursdayThoughts &amp; my is about #pleasure\n\n#dirty #milf #blonde #teen #hot #taboo #xxx #porn #kinky #freaky #pussy\xe2\x80\xa6 https://t.co/3DvESNh3Wf'
2018-02-08 14:26:45,b'#ThursdayThoughts &amp; my is about #pleasure\n\n#dirty #milf #blonde #teen #hot #taboo #xxx #porn #kinky #freaky #pussy\xe2\x80\xa6 https://t.co/MvzP2sz9Kz'
2018-02-08 14:26:22,b'A pint of Oracle #GetMeHotIn4Words'
2018-02-08 14:21:43,b'@PubliclyPrivat1 @TheNorsedude @peteh6570 @BostonDelendEst @AsianJ86 @Live_Free_orDie @SaltyBeam @usc91787\xe2\x80\xa6 https://t.co/5eErqzvxT0'
2018-02-08 14:16:58,b'#ThursdayThoughts &amp; my is about #pleasure\n\n#dirty #milf #blonde #teen #hot #taboo #xxx #porn #kinky #freaky #pussy\xe2\x80\xa6 https://t.co/iSFCFr5W3u'
2018-02-08 14:14:52,b'#GetMeHotIn4Words I bought Dragon Age https://t.co/vnbgzqEIIj'
2018-02-08 14:13:54,b'I love your library. #GetMeHotIn4Words'
2018-02-08 14:12:09,b'#ThursdayThoughts &amp; my is about #pleasure\n\n#dirty #milf #blonde #teen #hot #taboo #xxx #porn #kinky #freaky #pussy\xe2\x80\xa6 https://t.co/cVcVI2UMfB'
2018-02-08 14:01:27,b'#ThursdayThoughts &amp; my is about #pleasure\n\n#dirty #milf #blonde #teen #hot #taboo #xxx #porn #kinky #freaky #pussy\xe2\x80\xa6 https://t.co/scQ4vC1c5A'
2018-02-08 13:55:46,b'#ThursdayThoughts &amp; my is about #pleasure\n\n#dirty #milf #blonde #teen #hot #taboo #xxx #porn #kinky #freaky #pussy\xe2\x80\xa6 https://t.co/i0rQisL7nO'
2018-02-08 13:54:29,b'i actually hate horoscopes #GetMeHotIn4Words'
2018-02-08 13:51:50,b'#ThursdayThoughts &amp; my is about #pleasure\n\n#dirty #milf #blonde #teen #hot #taboo #xxx #porn #kinky #freaky #pussy\xe2\x80\xa6 https://t.co/GosLvPCiHs'
2018-02-08 13:41:30,b'Early morning cookup sessions\xf0\x9f\x8e\xb9\xf0\x9f\x8e\xb6\xf0\x9f\x8e\xa7\xf0\x9f\x91\x8a#troddibeatzboomin #GetMeHotIn4Words #producerlife #heroz #imakebeats #FolloForFolloBack'
2018-02-08 13:40:37,b'#ThursdayThoughts &amp; my is about #pleasure\n\n#dirty #milf #blonde #teen #hot #taboo #xxx #porn #kinky #freaky #pussy\xe2\x80\xa6 https://t.co/pfGPwlAkmH'
2018-02-08 13:36:29,b'#ThursdayThoughts &amp; my is about #pleasure\n\n#dirty #milf #blonde #teen #hot #taboo #xxx #porn #kinky #freaky #pussy\xe2\x80\xa6 https://t.co/1NNj05wARH'
2018-02-08 13:34:47,b'#GetMeHotIn4Words YOU ARE ON FIRE!!!!'
2018-02-08 13:33:10,b'8 Unknown WhatsApp Features And Tricks You Should Know To Use It Like A Pro \xe2\xa4\xb5 \n\xf0\x9f\x91\x87\nhttps://t.co/IfG9MtyZ5o\n\xf0\x9f\x91\x86 \n#FACup\xe2\x80\xa6 https://t.co/stOaDrw65o'
2018-02-08 13:31:57,b'https://t.co/vwHtL8fole #Tbt #ThrowbackThursday #GetMeHotIn4Words #Olympics2018 #SpiceGirlsReunion #spiceupyourlife\xe2\x80\xa6 https://t.co/N7XVyTfmfY'
2018-02-08 13:30:31,b'Gm congrats to the \xf0\x9f\xa6\x85 Eagles  #Eagles #SuperBowlParade #WednesdayWisdom #GetMeHotIn4Words #FlyEaglesFly'
2018-02-08 13:22:08,b'#GetMeHotIn4Words i have some cake'
2018-02-08 13:17:12,"b'Beauty, Blog and Games! \xf0\x9f\x98\x81 #GetMeHotIn4Words #YouTubers https://t.co/yRqDJY1xEX'"
2018-02-08 13:15:36,b'@KaggyFilms Your fate is sealed #GetMeHotIn4Words'
2018-02-08 13:12:31,b'Summers in Central Florida. #GetMeHotIn4Words https://t.co/DNW60apwbp'
2018-02-08 13:11:29,"b""#GetMeHotIn4Words andy ross' fucking biceps https://t.co/l4KEKxM4Ci"""
2018-02-08 13:10:08,b'#GetMeHotIn4Words\nNew OK Go Album'
2018-02-08 13:09:56,b'#ThursdayThoughts &amp; my is about #pleasure\n\n#dirty #milf #blonde #teen #hot #taboo #xxx #porn #kinky #freaky #pussy\xe2\x80\xa6 https://t.co/PgIA1vjXM0'
2018-02-08 13:07:19,b'We are all rascals. #ThursdayMotivation #GetMeHotIn4Words #retweet \nhttps://t.co/zkSikdq1Oy https://t.co/uCvWo3iabj'
2018-02-08 13:06:46,b'Shotta DInero- More than Money https://t.co/4cDmxDZx4v via #shottadinero #Cedi #cincywx #WhyImSingle #Eagles\xe2\x80\xa6 https://t.co/IiN14J279H'
2018-02-08 13:04:22,b'#ThursdayThoughts &amp; my is about #pleasure\n\n#dirty #milf #blonde #teen #hot #taboo #xxx #porn #kinky #freaky #pussy\xe2\x80\xa6 https://t.co/TFBu5pCmQt'
2018-02-08 13:03:21,b'#Dedicated_Server_Hosting.............Starting at $55.00/mo. \n\nDiscounts @  \nhttps://t.co/3CK9Gwmt0H\n\n    #SDLive\xe2\x80\xa6 https://t.co/CsMuQ9l3yL'
2018-02-08 13:00:03,b'#ThursdayThoughts &amp; my is about #pleasure\n\n#dirty #milf #blonde #teen #hot #taboo #xxx #porn #kinky #freaky #pussy\xe2\x80\xa6 https://t.co/QYFcYgUKaS'
2018-02-08 12:56:10,b'#ThursdayThoughts &amp; my is about #pleasure\n\n#dirty #milf #blonde #teen #hot #taboo #xxx #porn #kinky #freaky #pussy\xe2\x80\xa6 https://t.co/teADDV05OK'
2018-02-08 12:52:14,b'#ThursdayThoughts &amp; my is about #pleasure\n\n#dirty #milf #blonde #teen #hot #taboo #xxx #porn #kinky #freaky #pussy\xe2\x80\xa6 https://t.co/5oOK0rD9Ao'
2018-02-08 12:47:54,b'#ThursdayThoughts &amp; my is about #pleasure\n\n#dirty #milf #blonde #teen #hot #taboo #xxx #porn #kinky #freaky #pussy\xe2\x80\xa6 https://t.co/ob7e1YP8J1'
2018-02-08 12:43:58,b'#ThursdayThoughts &amp; my is about #pleasure\n\n#dirty #milf #blonde #teen #hot #taboo #xxx #porn #kinky #freaky #pussy\xe2\x80\xa6 https://t.co/8iousu6sPV'
2018-02-08 12:40:05,b'#ThursdayThoughts &amp; my is about #pleasure\n\n#dirty #milf #blonde #teen #hot #taboo #xxx #porn #kinky #freaky #pussy\xe2\x80\xa6 https://t.co/Ztpb0vXjk2'
2018-02-08 12:36:01,b'#ThursdayThoughts &amp; my is about #pleasure\n\n#dirty #milf #blonde #teen #hot #taboo #xxx #porn #kinky #freaky #pussy\xe2\x80\xa6 https://t.co/AeesecgD0d'
2018-02-08 12:32:15,b'#ThursdayThoughts &amp; my is about #pleasure\n\n#dirty #milf #blonde #teen #hot #taboo #xxx #porn #kinky #freaky #pussy\xe2\x80\xa6 https://t.co/oZt4NYLW5Y'
2018-02-08 12:30:00,b'#Dedicated_Server_Hosting.............Starting at $55.00/mo. \n\nDiscounts @  \nhttps://t.co/3CK9Gwmt0H\xe2\x80\xa6 https://t.co/hfBVZp77DA'
2018-02-08 12:27:07,b'#ThursdayThoughts &amp; my is about #pleasure\n\n#dirty #milf #blonde #teen #hot #taboo #xxx #porn #kinky #freaky #pussy\xe2\x80\xa6 https://t.co/pX0y4ZFdi5'
2018-02-08 12:22:06,"b""who's a milky piggy? #GetMeHotIn4Words https://t.co/sjiO9OrdLt"""
2018-02-08 12:21:10,b'#ThursdayThoughts &amp; my is about #pleasure\n\n#dirty #milf #blonde #teen #hot #taboo #xxx #porn #kinky #freaky #pussy\xe2\x80\xa6 https://t.co/AicgMhxGyC'
2018-02-08 12:16:53,b'#ThursdayThoughts &amp; my is about #pleasure\n\n#dirty #milf #blonde #teen #hot #taboo #xxx #porn #kinky #freaky #pussy\xe2\x80\xa6 https://t.co/g402wVMwNB'
2018-02-08 12:13:11,b'#ThursdayThoughts &amp; my is about #pleasure\n\n#dirty #milf #blonde #teen #hot #taboo #xxx #porn #kinky #freaky #pussy\xe2\x80\xa6 https://t.co/TxXWmRloiw'
2018-02-08 12:10:47,b'Are you having issues or #bug in your site?\nDo you want #SSL #security in your site or a #custom email?\nContact her\xe2\x80\xa6 https://t.co/ckjoQmxVrc'
2018-02-08 12:09:46,b'#ThursdayThoughts &amp; my is about #pleasure\n\n#dirty #milf #blonde #teen #hot #taboo #xxx #porn #kinky #freaky #pussy\xe2\x80\xa6 https://t.co/tjOdfkVrtE'
2018-02-08 12:05:35,b'#ThursdayThoughts &amp; my is about #pleasure\n\n#dirty #milf #blonde #teen #hot #taboo #xxx #porn #kinky #freaky #pussy\xe2\x80\xa6 https://t.co/BF62O22spC'
2018-02-08 12:01:04,b'#GetMeHotIn4Words Put your coat on.'
2018-02-08 11:59:55,b'#ThursdayThoughts &amp; my is about #pleasure\n\n#dirty #milf #blonde #teen #hot #taboo #xxx #porn #kinky #freaky #pussy\xe2\x80\xa6 https://t.co/6yYCyRkdVd'
2018-02-08 11:57:21,"b'""#Dedicated_Hosting Built For High Performance, #Dedicated #Servers \n\nstarting at $55.00/mo    \n\n#Discounts @:\xe2\x80\xa6 https://t.co/WzACzVW6Z5'"
2018-02-08 11:38:08,b'Cheesy Pork Rind Nachos #GetMeHotIn4Words #keto #ketogenic #snacks'
2018-02-08 11:37:17,"b'No babe, Sleep in. #GetMeHotIn4Words'"
2018-02-08 11:36:53,b'Free Amazon Gift Card #GetMeHotIn4Words'
2018-02-08 11:35:08,b'#GetMeHotIn4Words \nSet me on fire.'
2018-02-08 11:07:30,b'Web designers at:\n\nhttps://t.co/16WVx6MyMy\n\n#savings #discounts #promotions #mena #PM #PMO\n#SDLive #Colts #Evo2018\xe2\x80\xa6 https://t.co/EWJoBoh8Gv'
2018-02-08 10:58:25,b'#GetMeHotIn4Words the world is flat.'
2018-02-08 10:46:11,b'I love bad films. \n\n#GetMeHotIn4Words'
2018-02-08 10:43:29,b'Will you marry me? #GetMeHotIn4Words'
2018-02-08 10:41:08,b'I ordered some pizza #GetMeHotIn4Words'
2018-02-08 10:39:28,b'Dick her down tonight #GetMeHotIn4Words'
2018-02-08 10:25:42,b'Hero academia season three #GetMeHotIn4Words'
2018-02-08 10:01:54,b'@WynonnaFans Yasss Bonnie!!! This is ultimately the dream.\n\nCan you say syndication?\n#GetMeHotIn4Words'
2018-02-08 09:53:34,b'You won 400 dollars! #GetMeHotIn4Words'
2018-02-08 09:06:06,b'Happy #Thursday!!\n\n#JadeClub #ThursdayThoughts #ThursdayMotivation #sexy #blowjob #xxx #mouthful #porn #nsfw\xe2\x80\xa6 https://t.co/H6nZEfG9Zo'
2018-02-08 08:36:11,"b""Tennant back as #DoctorWho \n#Firefly returns. Wash alive.\nI'll pay for Pizza \n\n#GetMeHotIn4Words"""
2018-02-08 08:33:57,b'Found a gold scar #GetMeHotIn4Words #FortniteBattleRoyale'
2018-02-08 08:32:51,b'#GetMeHotIn4Words turn up the thermostat'
2018-02-08 08:32:43,"b'Start your #SMS Marketing business, Get Boosted! ..... \n\nlearn more@ https://t.co/wiX2SJciQY\n\n#SDLive #Colts\xe2\x80\xa6 https://t.co/LnMjxbdHgu'"
2018-02-08 08:25:13,b'I like Fleetwood Mac #GetMeHotin4Words'
2018-02-08 07:35:19,"b""Let's gut the bastards #getmehotin4words https://t.co/OZ0wgKpRqA"""
2018-02-08 07:17:46,b'#GetMeHotin4Words\nDo you want pizza? https://t.co/jazLmciSBQ'
