2018-03-25 22:31:32,"Psst...these 10 things can help you save up to $30,000 on #studentloans refinancing  #mondaymotivation‚Ä¶ https://t.co/sskqLemMHb"
2018-03-25 21:48:31,"Want to save up to $30,000 on your #studentloans?  #mondaymotivation #tuesdaymotivation #wednesdaymotivation‚Ä¶ https://t.co/iJPZYC1mxL"
2018-03-25 21:19:19,"If you have to go on a vacation from your job, never come back - Joe Salatin #ThursdayMotivation"
2018-03-25 20:34:02,"""I paint the surface of things. My ego is pure surface. That's my self-portrait."" https://t.co/im0o4Qs5Yt‚Ä¶ https://t.co/IJ01AQIc6m"
2018-03-25 20:19:51,Want the chance to #WIN a TFS hamper full of @TheFoneStuff #Easter goodies? To enter all you have to do is Follow u‚Ä¶ https://t.co/GUQTHWqgEt
2018-03-25 19:22:59,Here are the Top 5 reasons to refinance student loans now https://t.co/7gMzvOFPPy #mondaymotivation‚Ä¶ https://t.co/guCwfYYTYu
2018-03-25 18:52:56,Here's how to cut your #creditcards interest rate by 50% https://t.co/cejAVZfclq #personalfinance #leadership‚Ä¶ https://t.co/4MbTAUrG1x
2018-03-25 18:36:03,‚ÄúSocial Decay‚Äù by Artist Andrei Lacatusu https://t.co/DZ2AOkcg1h showcased on @booooooom  #art #illustration‚Ä¶ https://t.co/u5lpMUSAlv
2018-03-25 18:22:28,@TheFoneStuff Want the chance to #WIN a TFS hamper full of @TheFoneStuff #Easter goodies? To enter all you have to‚Ä¶ https://t.co/0pqAD2xsEw
2018-03-25 18:19:19,Be mored concerned with your character than your reputation #JohnWooden #ThursdayMotivation
2018-03-25 18:11:57,The #studentloans crisis now affects over 44 million borrowers with $1.4 trillion of #debt.  #mondaymotivation‚Ä¶ https://t.co/WlFaUlCBrD
2018-03-25 17:40:11,You could boost your #credit score 100 points with these 5 easy tips https://t.co/uFEpnOxsOq #mondaymotivation‚Ä¶ https://t.co/BYjRpVKAld
2018-03-25 17:15:08,#follow us reallifeonline1 #trending #news #breakingnews #SocialMedia #celebritynews #facebook #Mondaymotivation‚Ä¶ https://t.co/ma395r4Oxs
2018-03-25 17:04:00,"The North Face Black Label ‚Äì Shop now @endclothing 
https://t.co/5Z1GlFpwOf  #thenorthface #blacklabel #endclothing‚Ä¶ https://t.co/MY9Ri4tI2b"
2018-03-25 17:04:00,Do you really need an agent? https://t.co/5XaMifCc87 check out on @CreativeBloq  #art #illustration #design‚Ä¶ https://t.co/7HLxq1Olms
2018-03-25 16:49:50,Want the chance to #WIN a TFS hamper full of @TheFoneStuff #Easter goodies? To enter all you have to do is Follow u‚Ä¶ https://t.co/OcW6VHTT5X
2018-03-25 16:27:56,Want to pay off your #studentloans faster? Here's how https://t.co/mO5CeOxfhT #mondaymotivation #tuesdaymotivation‚Ä¶ https://t.co/WDIOyVxeGY
2018-03-25 15:19:19,"Next time you‚Äôre faced with something that‚Äôs unexpected, unwanted and uncertain, consider that it just may be a gift #ThursdayMotivation"
2018-03-25 15:04:31,"""You may choose to create #wealth, #abundance and #plenty in any area of your life.""

Steven Claysen

#LOA‚Ä¶ https://t.co/ApXTZonS4I"
2018-03-25 14:54:02,"""Carhartt WIP drew sure strength from the musicians, artists &amp; cultural figures it has supported, exhibited &amp; colla‚Ä¶ https://t.co/o1cqBevG2W"
2018-03-25 14:41:32,Trophy Pet Foods offers a range of services as well as our fantastic products. Why go elsewhere?‚Ä¶ https://t.co/rd0p1sufHu
2018-03-25 14:00:03,"Have a #blessed Lord's Day!

#SundayBlessings #Sunday #SundaayMorning 

Have a blessed #Thursday !!‚Ä¶ https://t.co/e7d9YToz9j"
2018-03-25 12:19:19,The price of anything is the amount of life you exchange for it - Hendry David Thordeau  #Quote #ThursdayMotivation
2018-03-25 11:26:02,"visvim Shows How Their Intricate ‚ÄúHand Sketch‚Äù Pieces Are Made 
https://t.co/RReMdD6JN2 #highsnobiety #visvim #art‚Ä¶ https://t.co/4TvEd6lpJg"
2018-03-25 11:16:13,Want the chance to #WIN a TFS hamper full of @TheFoneStuff #Easter goodies? To enter all you have to do is Follow u‚Ä¶ https://t.co/ibKwDQsLGW
2018-03-25 09:19:18,"""Life's a journey, not a destination."" - Steven Tyler #ThursdayMotivation"
2018-03-25 06:19:19,Hustle until your haters ask you if you're hiring #ThursdayMotivation
2018-03-25 06:08:02,"""Sketchbooks are personal musings or externalizations of thoughts &amp; ideas"" https://t.co/1vNEgPeGkc  #streetart‚Ä¶ https://t.co/5yesz7I76W"
2018-03-25 05:11:23,"Reposting @egtours: - via @Crowdfire 
Take an #egtgolftour  To #australia #oz #aussie #kangaroo #naturephotography‚Ä¶ https://t.co/I5B1XuI60D"
2018-03-25 04:21:09,"""Believe deep down in your heart that you're destined to do great things."" - Joe Paterno #Quote #ThursdayMotivation"
2018-03-25 03:19:18,"Perfection is not attainable, but if we chase perfection we can catch excellence - Vince Lombardi #Quote #ThursdayMotivation"
2018-03-25 02:23:22,Are you prepared for these 7 changes for your #studentloans?  #personalfinance #leadership #mondaymotivation‚Ä¶ https://t.co/tu8w6AUfK9
2018-03-25 02:21:08,Making mistakes is better than faking perfection #ThursdayMotivation
2018-03-25 01:24:09,"Reposting @lovemytribeboutique:
Thankful Thursday!! #thursdaymotivation #dailyaffirmations #positevenergy‚Ä¶ https://t.co/GrhlB1CZjX"
2018-03-25 01:15:16,"#ThursdayMotivation
#SpiritualLeader_SaintRampalji
Who is the God who can give us all the happiness?
And how does h‚Ä¶ https://t.co/3q6TiF41ze"
2018-03-25 00:21:09,Happiness is a choice. Optimism is a choice. Giving is a choice. Respect is a choice. Choose wisely #ThursdayMotivation
2018-03-25 00:19:18,You will never change your life until you change something you do daily #ThursdayMotivation
2018-03-25 00:00:09,"It is never too late to be what you might have been. ‚òÄÔ∏è

#Zuckerberg #InternationaDayOfHappiness #WorldPoetryDay‚Ä¶ https://t.co/lwiiXTeoFy"
2018-03-24 23:12:43,Want to pay off your #studentloans faster? Here's how https://t.co/KcLxEy09tt #mondaymotivation #tuesdaymotivation‚Ä¶ https://t.co/09cdD70gpi
2018-03-24 22:58:34,I caught my jeager on Thursday!!!!üòùüåüüî•‚ú®‚ú®#gymnastics #Workinghard #ThursdayMotivation https://t.co/HeS7MguKEm
2018-03-24 22:36:27,Here's how to cut your #creditcards interest rate by 50% https://t.co/QNLB1sP5HZ #personalfinance #leadership‚Ä¶ https://t.co/biparEM6Yz
2018-03-24 22:21:08,"You have it in your power to make your days on Earth a path of flowers, instead of a path of thorns #ThursdayMotivation"
2018-03-24 21:51:55,Want the chance to #WIN a TFS hamper full of @TheFoneStuff #Easter goodies? To enter all you have to do is Follow u‚Ä¶ https://t.co/4El76TVuSi
2018-03-24 21:11:38,Focus on what is in front of you. #kumoko #clouds #inspiration #anime #manga #spiritual #oneness #thursdaymotivation
2018-03-24 21:10:35,Focus on what is in front of you. #kumoko #clouds #inspiration #anime #manga #spiritual #oneness #thursdaymotivation
2018-03-24 20:21:09,Do you Agree? Then pass it on... #FollowYourHeart #quoteoftheday https://t.co/F0TxrqgHFR #ThursdayMotivation
2018-03-24 19:45:00,"‚ÄúA brand is simply trust.‚Äù ‚Äì Steve Jobs
-
-
-
-
-
-
-
-
#GoInCore #Motivational #QuoteOfTheDay #Quotes #Brand‚Ä¶ https://t.co/XXWD8qZRfg"
2018-03-24 19:27:04,Want to pay off your #studentloans faster? Here's how https://t.co/mO5CeOxfhT #mondaymotivation #tuesdaymotivation‚Ä¶ https://t.co/Xd3pmQA9Dw
2018-03-24 18:21:09,"Try not. Do, or do not. There is not try - Yoda  #Quote #ThursdayMotivation"
2018-03-24 18:19:39,"Psst...these 10 things can help you save up to $30,000 on #studentloans refinancing  #mondaymotivation‚Ä¶ https://t.co/BpeW09sC8i"
2018-03-24 17:48:46,"Retweeted Hungry? (@lovetoeatalways):

Buffalo Chicken Wraps: A fun and tasty dinner idea! #ThursdayMotivation‚Ä¶ https://t.co/C9tGqLkvvp"
2018-03-24 17:46:31,Love is a four-letter word so is hate. But why is it so easy to pick hate over love.  Love  yourself then you can l‚Ä¶ https://t.co/n7ULHDzHDw
2018-03-24 17:21:35,The #studentloans crisis now affects over 44 million borrowers with $1.4 trillion of #debt.  #mondaymotivation‚Ä¶ https://t.co/gsRZDgiTpz
2018-03-24 17:15:26,#follow us reallifeonline1 #trending #news #breakingnews #SocialMedia #celebritynews #facebook #Mondaymotivation‚Ä¶ https://t.co/3TkiHulcZg
2018-03-24 16:57:40,The Daily Phone Sex Mistress Journal is out! https://t.co/JyeQrlPyuD #thursdaymotivation #guidedmasturbation
2018-03-24 16:42:13,You could boost your #credit score 100 points with these 5 easy tips https://t.co/uFEpnOxsOq #mondaymotivation‚Ä¶ https://t.co/K897xpUBCm
2018-03-24 16:21:07,"Learn from yesterday, live for today, hope for tomorrow. - Albert Einstein #ThursdayMotivation"
2018-03-24 15:00:05,Want the chance to #WIN a TFS hamper full of @TheFoneStuff #Easter goodies? To enter all you have to do is Follow u‚Ä¶ https://t.co/DVGXE9zqOb
2018-03-24 14:23:11,"#ThursdayMotivation I'm in the running to win money for #HabitatforHumanity This round, voters get 10 free minutes! https://t.co/W4ogD7mcyE"
2018-03-24 14:23:06,Want the chance to #WIN a TFS hamper full of @TheFoneStuff #Easter goodies? To enter all you have to do is Follow u‚Ä¶ https://t.co/3wrhnZSZxd
2018-03-24 14:21:08,"If you don't know yourself or your enemy, you lose 100% of your battles - Sun tzu #ThursdayMotivation"
2018-03-24 14:00:03,"Have a blessed weekend!!

#SaturdayBlessings #SaturdayMotivation 

Have a blessed #Thursday !!
#ThursdayThought‚Ä¶ https://t.co/VQTUr0D1Bw"
2018-03-24 12:26:03,"""I dislike having my work categorized &amp; labeled. I create the work that feels the most compelling to me at the time‚Ä¶ https://t.co/3qwPeXRZTK"
2018-03-24 12:21:09,There are no shortcuts to any place worth going - Berverly Sills  #Quote #ThursdayMotivation
2018-03-24 10:30:00,Improve your sales success with the 7 Stages From Interested to Sold ebook @ https://t.co/Q01buANXtE #ebook #wit2s‚Ä¶ https://t.co/8ZagwPNKz6
2018-03-24 10:21:09,"It's not whether you get knocked down, it's whether you get up #Quote #ThursdayMotivation"
2018-03-24 10:00:48,Employers are you making this common mistake? Why you could be losing the best talent to your competitors:‚Ä¶ https://t.co/oooPN2IFOR
2018-03-24 08:21:08,The difference between ordinary and extraordinary is that little extra - Jimmy Johnson #ThursdayMotivation
2018-03-24 08:17:04,"Reposting @egtours: - via @Crowdfire 
#nyc #newyork #newyorkcity #newyorkfashionweek #ny #manhattan #love #scottish‚Ä¶ https://t.co/PNf2HBcJf4"
2018-03-24 07:00:19,"We choose.

#ThursdayThoughts #ThursdayMotivation #Gratitude #inspiration https://t.co/9sMIgL4EiZ"
2018-03-24 07:00:19,"Ten good words.

#ThursdayThoughts #ThursdayMotivation #MLK #inspiration #quote https://t.co/gd5wPVB589"
2018-03-24 07:00:18,"Yes. Yes, it is.

#ThursdayThoughts #ThursdayMotivation #Focus #inspiration https://t.co/INJbJTX2ey"
2018-03-24 07:00:17,"Public Service Announcement

#ThursdayThoughts #ThursdayMotivation #coffee https://t.co/GsMCRxyJJ9"
2018-03-24 07:00:17,"My all-time and forever favourite (ex-) billionaire.

#ThursdayMotivation #writing #inspiration #books #money‚Ä¶ https://t.co/xPkeuHr0o6"
2018-03-24 06:21:09,"Next time you‚Äôre faced with something that‚Äôs unexpected, unwanted and uncertain, consider that it just may be a gift #ThursdayMotivation"
2018-03-24 06:07:03,Murakami EGO by @takashipom - Read full article here: https://t.co/7G3VyaNnO7 #takashimurakami #art #illustration‚Ä¶ https://t.co/qlI8cPua8z
2018-03-24 06:06:17,"Want to save up to $30,000 on your #studentloans?  #mondaymotivation #tuesdaymotivation #wednesdaymotivation‚Ä¶ https://t.co/1DqubXJjhc"
2018-03-24 03:57:43,"A human being is not attaining his full heights until he is educated. 
https://t.co/ZtKnBtXdBU 
#MondayMotivation‚Ä¶ https://t.co/jNZOhZFyWn"
2018-03-24 03:08:11,"Reposting @scandinavianfreckles:
DARE TO BE DIFFERENTüëåüòò
.
.
.
#thursdaymotivation #thursdaythoughts #tbt‚Ä¶ https://t.co/ZsW6P15ndr"
2018-03-24 03:03:30,"Reposting @egtours: - via @Crowdfire 
Take an #egtgolftour  To #australia #oz #aussie #kangaroo #naturephotography‚Ä¶ https://t.co/8aUBKfjRBg"
2018-03-24 02:17:03,The latest Your Daily Dose of Slow Fashion! https://t.co/sCvMCDPgVa Thanks to @mgcroft @politicsandfshn #thursdaymotivation
2018-03-24 02:16:26,"""Your degree of #success in changing your world is determined by the nature of your desire.""

Steven Claysen‚Ä¶ https://t.co/7g80Q0MFsn"
2018-03-24 02:08:52,Are you prepared for these 7 changes for your #studentloans?  #personalfinance #leadership #mondaymotivation‚Ä¶ https://t.co/ZtGrTomwBW
2018-03-24 00:02:33,"Downtown Montreal!
Nikon D3400
ISO: 11400
Shutter Speed: 1/125
Aperture: f/3.5, 18mm
#Montreal #city #cityscape‚Ä¶ https://t.co/BsolpjSI1r"
2018-03-23 22:34:24,"""Your conceptual reality is the result of your continuous method of thinking.""

Steven Claysen 

#lawofattraction‚Ä¶ https://t.co/9TaaKzzGCd"
2018-03-23 22:07:07,Loved cooking Thai food last night courtesy of @PHTRADE1 at @TK_Cambridge üáπüá≠ü•òüòÅ #ThursdayMotivation #teampremier https://t.co/8ZKaaePEm8
2018-03-23 21:58:29,You could boost your #credit score 100 points with these 5 easy tips https://t.co/uFEpnOxsOq #mondaymotivation‚Ä¶ https://t.co/MUHAes51NU
2018-03-23 21:54:28,Coming up the following Thursday call today on 02083983699 and book a table if you want to reserve your spot and pe‚Ä¶ https://t.co/OpBYoPDW5Y
2018-03-23 20:14:00,"Keeping it real! #hypebeast #Youtuber thoughts from the man Magnoooose - @Magnus_Ronning 
Who is the Biggest Hypebe‚Ä¶ https://t.co/R6168yj9uD"
2018-03-23 20:14:00,The 14 best websites to download stock art https://t.co/0a6AR2JaIs read up on @CreativeBloq #art #illustration‚Ä¶ https://t.co/ichFVNGTsG
2018-03-23 19:56:27,Want to pay off your #studentloans faster? Here's how https://t.co/mO5CeOxfhT #mondaymotivation #tuesdaymotivation‚Ä¶ https://t.co/vAJKpdLazV
2018-03-23 19:36:02,"""This book explores Carhartt's evolution from classic American work &amp; outdoor clothing to an international force in‚Ä¶ https://t.co/HqcZBvpGTA"
2018-03-23 19:12:07,The #studentloans crisis now affects over 44 million borrowers with $1.4 trillion of #debt.  #mondaymotivation‚Ä¶ https://t.co/iCr8uRuCmF
2018-03-23 18:52:06,@dilruba_lees @LaurenVictorita @GoncaloValva10 @KVajpayaee @DLees28 @sahajyoti3 @AdryMMP @Aditi29451243 @jet_new‚Ä¶ https://t.co/ZUNXMofa8q
2018-03-23 18:51:28,"""Your thought is the cause; the events and circumstances of your life are simply the effect.""

Steven Claysen‚Ä¶ https://t.co/oFStR2zeHe"
2018-03-23 18:30:21,Want the chance to #WIN a TFS hamper full of @TheFoneStuff #Easter goodies? To enter all you have to do is Follow u‚Ä¶ https://t.co/tNvIoTvyje
2018-03-23 18:22:16,Here are the Top 5 reasons to refinance student loans now https://t.co/7gMzvOoeY0 #mondaymotivation‚Ä¶ https://t.co/MvhpgP39zH
2018-03-23 18:04:36,Happy Thursday! üòÅ#thursdaymotivation #smile #postivevibes #positivethoughts #positiveenergy‚Ä¶ https://t.co/KZBWGATRpx
2018-03-23 17:17:11,"Reposting @egtours: - via @Crowdfire 
Take an #egtgolftour  To #australia #oz #aussie #kangaroo #naturephotography‚Ä¶ https://t.co/5mLZPLlIv0"
2018-03-23 17:15:23,#follow us reallifeonline1 #trending #news #breakingnews #SocialMedia #celebritynews #facebook #Mondaymotivation‚Ä¶ https://t.co/I7ZKPvRUmY
2018-03-23 17:15:12,"Psst...these 10 things can help you save up to $30,000 on #studentloans refinancing  #mondaymotivation‚Ä¶ https://t.co/FM6C0u5eSd"
2018-03-23 16:46:43,"A true friend....
#ThursdayThoughts #ThursdayMotivation #quotes by #Just_Cool_Folks https://t.co/Yum11gcqRQ"
2018-03-23 16:41:10,Bolton Was Early Beneficiary of Cambridge Analytica‚Äôs Facebook Data   via @NYTimes #johnbolton is a BAD DUDE‚ÄºÔ∏è We c‚Ä¶ https://t.co/m2WP1taAEI
2018-03-23 15:09:40,"I'm drinking fresh cold brew, awake before noon, in a beautiful courtyard while the sun warms my back. It's going t‚Ä¶ https://t.co/pyHj5Midhh"
2018-03-23 14:50:47,My fellow neighbour. He‚Äôd best stay away from my territory if he has any sense! #Thursday #ThursdayMotivation‚Ä¶ https://t.co/xOMLtBEvVV
2018-03-23 14:33:11,"Reposting @live2inspire85: - via @Crowdfire 
Mindset matters. A positive mind moves you forward and inspires those‚Ä¶ https://t.co/HeKIi8SFIG"
2018-03-23 14:12:38,Do more than the bare minimum and you will be destined for success. #inspirationalquotes #motivation #quotes‚Ä¶ https://t.co/kGNurTcJFG
2018-03-23 13:54:03,"Inspiring evening with @ChildrenHandS yesterday, listening to children affected by imprisonment and the work of the‚Ä¶ https://t.co/rHqtcyf03R"
2018-03-23 13:46:55,Almost the Weekend! Hang in there! - Anguilla! üá¶üáÆ #siranguilla #sothebysrealty #amazingview‚Ä¶ https://t.co/ChfELC7h0O
2018-03-23 13:41:17,"Want to save up to $30,000 on your #studentloans?  #mondaymotivation #tuesdaymotivation #wednesdaymotivation‚Ä¶ https://t.co/ehDhmnxr5p"
2018-03-23 13:35:04,@venture_service Eeeekkk I'd have some Egg-static boys if I won this üòç good luck everyone #ThursdayMotivation
2018-03-23 13:32:15,DO NOT MISS OUR üÜïüÜïüÜï UPDATE! Check Fishing for Facial w/ üíÑüíãüé£üé£üé£@macymeadowsx just at #Tiny4K #ThursdayMotivation‚Ä¶ https://t.co/oc0v7XtwM1
2018-03-23 13:01:34,@dilruba_lees @adityasingh7865 @Aditi29451243 @DLees28 @KVajpayaee @jet_new @botagain @anie1215 @aditya220919‚Ä¶ https://t.co/QohwcpO8Nc
2018-03-23 12:51:14,"Stay healthy, have a great Lifestyleüòâ
#HealthComesFirst #NutritionBottledUp #NutritionalDrink #HealthyLife‚Ä¶ https://t.co/BNklT7uojf"
2018-03-23 12:45:22,"My #Twitter ""Hashtag Cloud"" for today! #davidcaruso #csimiami #horatiocaine #thursdaymotivation #LOYAL #goodmorning‚Ä¶ https://t.co/pVUmQhXWKC"
2018-03-23 12:29:52,#Tea #Discount #Teahour #SundayLunch #Tealovers #SBS #Chai #health #suahour #TrendingLive #live #ThursdayMotivation‚Ä¶ https://t.co/Qd1D9yQto4
2018-03-23 12:26:02,Street Sketchbook by @TristanManco - Read full article here: https://t.co/wFKdiSEj7U #streetart #graffti #art‚Ä¶ https://t.co/wYbGSJwNK8
2018-03-23 12:19:06,"Reposting @egtours:
Take an #egtgolftour  To #australia #oz #aussie #kangaroo #naturephotography #naturelovers‚Ä¶ https://t.co/o2Qj6cEJv1"
2018-03-23 12:01:31,#5StarTipüåü: Do you want to know the #1 Top Destination voted to #travel to in the World by @TripAdvisor? Find out:‚Ä¶ https://t.co/GSaXdrtbbf
2018-03-23 11:38:04,"Here's a four-step solution to get through anything.  https://t.co/QzRhy15iy1
#inspiration #quote #mentalhealth‚Ä¶ https://t.co/uABnGWYtl4"
2018-03-23 11:37:10,"""The gem cannot be polished without friction, nor man perfected without trials."" - Confucius

Via @GreatestQuotes‚Ä¶ https://t.co/ydZKaH0eDg"
2018-03-23 11:24:25,"BLESSED FRIDAY ‚ù§Ô∏è 

#blessup #blessup #blessedfriday#isatown #bahrain #thursdaymotivation‚Ä¶ https://t.co/4rMOP09TLd"
2018-03-23 11:02:13,"One Of The Best Spot To Spend Whole Day with Yacht Rental Dubai
https://t.co/lb4sl8e6Fz
#belovedmemories  #marina‚Ä¶ https://t.co/wcrVuoDjd5"
2018-03-23 10:13:49,Want the chance to #WIN a TFS hamper full of @TheFoneStuff #Easter goodies? To enter all you have to do is Follow u‚Ä¶ https://t.co/1h2ldw7PEo
2018-03-23 10:10:40,#ThursdayMotivation How to #relax  your mind when you are totally #stressedout and still #achieve  your #goals! https://t.co/U8AKewZpnX
2018-03-23 09:34:45,"‚Äú#Happiness is a choice, not a result. Nothing will make you happy until you choose to be happy.‚Äù

Ralph Marston‚Ä¶ https://t.co/F4BFFtcHMQ"
2018-03-23 09:15:07,"Reposting @egtours: - via @Crowdfire 
Take an #egtgolftour  To #australia #oz #aussie #kangaroo #naturephotography‚Ä¶ https://t.co/t79AvtNOHh"
2018-03-23 09:15:06,"Reposting @egtours: - via @Crowdfire 
Take an #egtgolftour  To #australia #oz #aussie #kangaroo #naturephotography‚Ä¶ https://t.co/qxdELGydNv"
2018-03-23 09:15:06,"Reposting @egtours: - via @Crowdfire 
Take an #egtgolftour  To #australia #oz #aussie #kangaroo #naturephotography‚Ä¶ https://t.co/dE9sfCWvcI"
2018-03-23 08:45:54,"#FridaySolarFunFacts 

Solar energy can replace usage of fossil fuels which are the major cause of Global warming.‚Ä¶ https://t.co/CMklG8TGz2"
2018-03-23 08:06:32,"Fairy tales are more than true: not because they tell us that dragons exist, but because they tell us that dragons‚Ä¶ https://t.co/DtfVi8WKmY"
2018-03-23 08:04:01,"There is only one good, knowledge, and one evil, ignorance.

- Socrates

#ThursdayThoughts
#ThursdayMotivation‚Ä¶ https://t.co/LuSfDnLLvU"
2018-03-23 07:59:23,"Retweeted Radio Sai (@Radiosaih2h):

""Unity must be put into practice. Youth, wherever they go, should not give sco‚Ä¶ https://t.co/6ylTchMCiM"
2018-03-23 07:30:29,"#ThursdayMotivation #ThursdayThoughts #PLEASE #RETWEEET !! #PleaseShare !!
#NRA #SaveOurSchools #SaveOurChildren‚Ä¶ https://t.co/2uOtuI9eph"
2018-03-23 07:08:00,One of my all time favs.! NIKE SB: 15 YEARS Of SB DUNK - Stories from the Inside Out brought to by @VICE‚Ä¶ https://t.co/MVOCjb68x9
2018-03-23 07:08:00,The 14 best websites to download stock art https://t.co/0a6AR2JaIs read up on @CreativeBloq #art #illustration‚Ä¶ https://t.co/6nLibEm0zs
2018-03-23 07:01:31,"Hey #AnonFamily !! Here's a #Patriot following the 
üåç‚úà‚úà‚úà‚úàüåé‚úà‚úà‚úà‚úàüåè‚úà‚úà‚úà‚úàüåé #GITMO #FlightPatterns !! üòÉüëá

#MAGA #QAnon‚Ä¶ https://t.co/rnh3G9f3eb"
2018-03-23 06:55:17,"#ForeignLawyer : in India, a court case runs for ages !

Me: that's why we believe in rebirth.

#lawyered‚Ä¶ https://t.co/ZDZEvyPQZs"
2018-03-23 06:24:41,#ThursdayThoughts #ThursdayMotivation #lostinjapan #vagex  https://t.co/yQitCc8Ops  Wealth happens in the exchange‚Ä¶ https://t.co/FSr5JhwRRt
2018-03-23 06:13:15,"Notice what people REALLY do.
Hoe of they REALLY treat you &amp; others?
https://t.co/EtVCnQ1SKi #thursdaymotivation https://t.co/GZ7rJV4qkY"
2018-03-23 06:07:56,"I think The best ""cinematic"" shots i have ever done are in tonights vlog. Stay Tuned 

#divertliving #ThursdayThoughts #ThursdayMotivation"
2018-03-23 05:58:22,#ThursdayThoughts #ThursdayMotivation #lostinjapan #vagex   https://t.co/BSAYiGLDZK    Wealth happens in the exchan‚Ä¶ https://t.co/V3rCU7CCUq
2018-03-23 05:51:29,"""You should be grateful for everything you have in life. Say thank you for each breath.""

Steven Claysen 

#LOA‚Ä¶ https://t.co/KG2TUrNuJa"
2018-03-23 05:51:26,"Hey everyone, happy terrific Thursday!
I hope we can share some future endeavors soon, let's start planning.üíñ

üíåChe‚Ä¶ https://t.co/b0UGo8uJm4"
2018-03-23 05:42:07,"Every day is an #opportunity for a new life. Every day you stand at the tipping point of your life. 
And on any one‚Ä¶ https://t.co/FXe6Fo5enf"
2018-03-23 05:41:08,"He who is not courageous enough to take risks, will accomplish nothing IN LIFE. Boxing legend Muhammad Ali‚Ä¶ https://t.co/7OYpuwEkT2"
2018-03-23 05:40:35,"It‚Äôs always good to challenge yourself and pursue new ideas,etc. towards your goals. #ThursdayMotivation"
2018-03-23 05:34:43,"What #Motivates You?üëÄSet a #Goalüôå

    #TheStudioAD
   #FemaleMuscle
  #OptimalHealth
 #Wellness
#ThursdayMotivation
https://t.co/arC1nJ8YG3"
2018-03-23 05:30:54,"BRAND NEW

Austyn x Nike Air Max 95s

""AX Steel""

eBay link: https://t.co/nebAyNQkPL

#ThursdayThoughts #TBT‚Ä¶ https://t.co/PmTIQ4DDst"
2018-03-23 05:21:40,"Retweeted Prowling Lions (@ProwlingLions):

Optimization process #ThursdayMotivation #process #quote #engineering‚Ä¶ https://t.co/lG9VwpcHRI"
2018-03-23 05:20:35,@TheEllenShow Help us reach our goal of $5000 to purchase at risk and homeless teens school supplies as they go thr‚Ä¶ https://t.co/6LEfCxypOG
2018-03-23 05:18:20,I will go anywwhere as long as it is forward - David Livingston  #Quote #ThursdayMotivation
2018-03-23 05:18:16,"Bluff them wisely when you cannot beat them!

#ThursdayMotivation #ThursdayFeeling #ThursdayThought‚Ä¶ https://t.co/whUEmTuZpL"
2018-03-23 05:10:11,"Anxiety weighs down the heart, but a kind word cheers it up.

- Proverbs 12:25

#ThursdayThoughts #ThursdayMotivation"
2018-03-23 04:58:04,"Let us walk with you in your progress...whether it be in classes, as trainers, or fellow gym goers! .
.
.
.‚Ä¶ https://t.co/4IRCwmGYJJ"
2018-03-23 04:44:45,Want to bring a #foodtruck to your apartment building or place of business? Refer us to them and you‚Äôll get a $500‚Ä¶ https://t.co/EWRTIgmtj1
2018-03-23 04:44:00,"We complain way too much without acknowledging the fact that we are the reason we complain. 

We don‚Äôt do much real‚Ä¶ https://t.co/jjBPw3epX8"
2018-03-23 04:38:16,Is #NAFTA a Roadmap for Africa's Continental Free Trade Agreement? https://t.co/VDpyEtlmXV #TBT #ThursdayThoughts‚Ä¶ https://t.co/lq3RfNFSFd
2018-03-23 04:37:17,"Looong day, but #GoodVibesOnly The sun's breaking thru the clouds, so laugh about it! Love this song by‚Ä¶ https://t.co/gxJC7kyy28"
2018-03-23 04:31:57,"Just finished rehearsing on stage feeling good about Saturday. 

#ThursdayThoughts #ThursdayMotivation #hiphop"
2018-03-23 04:22:43,Watch on #Periscope: #IWD2018 #WritingTips #TBT #BWEPS #thursdaymotivation https://t.co/5ppKe83vmj
2018-03-23 04:18:59,"Saw this quote today and immediately smiled: ‚ÄúFocus more on how much you have done, how honest it is, and how it mo‚Ä¶ https://t.co/HQRnYxnmy1"
2018-03-23 04:12:36,Receive the Kindness you give‚ú®üå∑ #love #YES #please #pleasant #Kindness #KindnessHeals #kindwords #kind2018‚Ä¶ https://t.co/6EqhBxi2os
2018-03-23 04:11:39,New track dropping tomorrow! üî•üî•üòàüòùü§òüèºWho else you know working as hard as me? I‚Äôll wait... #ThursdayMotivation‚Ä¶ https://t.co/mHjvlBsZC1
2018-03-23 04:09:41,This! #ParklandStrong #life #today #ThursdayMotivation Thank you .@BarackObama &amp; .@MichelleObama https://t.co/hZ20Z0O7vw
2018-03-23 04:05:52,It isn‚Äôt until you really start trying to be an adult that it happens. Slowly but surely. Existence is moment to mo‚Ä¶ https://t.co/gnJX9YzkZH
2018-03-23 04:05:03,Make Sure to give a FOLLOW to this PBR PRCA Rodeo Riding Cowboy Bull Rider @TyTescher08 Team Coffee Chew‚Ä¶ https://t.co/fdNPzVJq64
2018-03-23 04:03:38,It really is true that seeing so many tv shows can make you even more lost when it comes to seeing something before‚Ä¶ https://t.co/2r3U1gfneo
2018-03-23 04:03:33,"A new friend wisely said tonight that #Twitter is only good for breaking news. So, here‚Äôs my of-the-moment revelati‚Ä¶ https://t.co/OSMSaGxild"
2018-03-23 03:58:58,#scottjoplin #theentertainer OK now it‚Äôs time for bedüíú Love this song #kateeppers #piano #music #flute #spring‚Ä¶ https://t.co/IgV6Vq3seK
2018-03-23 03:56:46,Redemption Is Near!  #BlackFathers #BlackDecade #BlackMen #TheDecade #BLM #ThursdayThoughts #BlackLivesMatter‚Ä¶ https://t.co/2T9Aemy9wC
2018-03-23 03:55:15,"Look out @therealwombat1 
#ThursdayMotivation 
Don't believe everything I
READ
Especially on #Twitter
üéØ„ÄΩÔ∏è https://t.co/8WNSexRkQd"
2018-03-23 03:54:48,"One of the most amazing place I have visited, #Ch√¢teaudesBaux a fortified castle built during the 10th century sout‚Ä¶ https://t.co/biTvUsPlNG"
2018-03-23 03:52:17,"Few understand, 
Less appreciate... üá∫üá∏

#ThursdayMotivation 
#2A
#2ADefenders 
#2AShallNotBeInfringed‚Ä¶ https://t.co/aVqYFdQ2Re"
2018-03-23 03:51:00,"You're young.
You're ambitious.
You're hungry &amp; driven.
You've got passion &amp; goals.
And a life ahead of you.
You've‚Ä¶ https://t.co/INAN2OE3g3"
2018-03-23 03:50:19,It is better to look ahead and prepare than to look back and regret. - Jackie Joyner-Kersee #quote‚Ä¶ https://t.co/3QROCH0WFj
2018-03-23 03:47:20,"The future belongs to those who believe in the beauty of their dreams.

‚úç Eleanor Roosevelt

#ThursdayThoughts‚Ä¶ https://t.co/qJqhmHMAL7"
2018-03-23 03:45:50,"The future belongs to those who believe in the beauty of their dreams.

‚úç Eleanor Roosevelt

#ThursdayThoughts‚Ä¶ https://t.co/9fAm74UDbi"
2018-03-23 03:43:06,Check out  üíñ !anime Night Tomorrow üíñ !discord | !multi https://t.co/geduTcFDuQ #twitchstreamer  #osugame #ThursdayMotivation #anime
2018-03-23 03:41:11,What do you think #firstdayofspring #ThursdayMotivation I https://t.co/K8gAu0gC3Q
2018-03-23 03:38:39,"Everything you can imagine is real. #PabloPicasso 
#ThursdayThoughts #ThursdayMotivation #quotes #uncommon @MotivatinQuotes @SportsMotto"
2018-03-23 03:34:28,"You can do it! Yes, YOU!!! ‚ù§Ô∏è
And so CAN I, right, Ru?

https://t.co/EazNaDqXtY

 #RupaulsDragRaceSeason10‚Ä¶ https://t.co/tqqonDGtV3"
2018-03-23 03:34:12,"Before i signed off, they're a lot of people including me that are tired of staying home all day, thoses who had jo‚Ä¶ https://t.co/ocSc8T8FZD"
2018-03-23 03:34:02,"You cry, get back up, and try again. Your future is solely based on YOU! Don't stop until you're at the top üí™üèΩ #Thursdaymotivation"
2018-03-23 03:29:58,"The future belongs to those who believe in the beauty of their dreams.

‚úç Eleanor Roosevelt

#ThursdayThoughts‚Ä¶ https://t.co/HVhuX2q551"
2018-03-23 03:28:30,Follow the #journey as I prepare to sail the globe SOLO to support children's #Charities #Education #Music . So luc‚Ä¶ https://t.co/uExsJdv0Xd
2018-03-23 03:28:24,"‚ÄúThose who go to God Most High for safety will be protected by God All-Powerful.‚Äù
Psalms 91:1
#ThursdayMotivation‚Ä¶ https://t.co/lcbR48VwNt"
2018-03-23 03:27:34,"Dm me for prices to see my Dropbox. 30 pics and there‚Äôs videos on there as well. üòâ  

#buynudes #buynow #sellnudes‚Ä¶ https://t.co/KKhkBUXJGy"
2018-03-23 03:26:38,"Before you assume, learn. Before you judge, understand. Before you hurt, feel. Before you say, think. - Unknown‚Ä¶ https://t.co/C5WDdaQlog"
2018-03-23 03:26:36,"#ThursdayMotivation ""Make that one person feel like a king or qeen cause love goes a long was never give up cause t‚Ä¶ https://t.co/mqt2G1czFS"
2018-03-23 03:23:44,@PrachiMalik @KariJoys @mindfulheal @gary_hensel @arunbhar @eldiablo0786 @AuthorStClair @BethFratesMD @pkamla1‚Ä¶ https://t.co/lkBwQKgQNx
2018-03-23 03:14:49,You gotta keep moving. Do you agree? If so pass it on... https://t.co/zEKRTwQS9J #ThursdayMotivation
2018-03-23 03:10:25,Success is a result of daily disciplines compounded over time - Darren Hardy #ThursdayMotivation
2018-03-23 03:06:31,"5 Ingredients for Happiness

1) Be Grateful

2) Be Helpful

3) Be Understanding

4) Be Kind

5) Be Yourself‚Ä¶ https://t.co/XnSnDMzdfC"
2018-03-23 02:58:51,Knowing New Nature - 3-22-18: https://t.co/SGJ6YP6lh0 #WorldPoetryDay #ThursdayThought #GoodNightTwitterWorld‚Ä¶ https://t.co/OlWLphGmPv
2018-03-23 02:55:16,Happy #Thursday! When you get a sec check out the latest post at https://t.co/K2r3XKMscR &amp; https://t.co/QyxZR8TGoI‚Ä¶ https://t.co/vmKnYY0V6i
2018-03-23 02:54:17,As you lay your head down to rest... a message from one of my clients about sleep: #goodnight #ThursdayMotivation https://t.co/QK0NfGV9UM
2018-03-23 02:53:49,"YOU ARE LEGEND PAZI. LOVE YOU SO MUCH AND BIG FAN OF YOUR STRUGGLE üëèüòò #Punjabi #Songs With #Video #Lyrics ,‚Ä¶ https://t.co/o7TsTrPOm3"
2018-03-23 02:52:50,"Check out https://t.co/5lr2FcaNOU
#SoundCloud #ThursdayMotivation #ThursdayThoughts  #frizzyvazquez"
2018-03-23 02:52:27,"Check out my single https://t.co/qvKIueZL9F
#SoundCloud #ThursdayMotivation #ThursdayThoughts  #frizzyvazquez"
2018-03-23 02:49:11,No regrets. #ThursdayMotivation #noregrets #entrepeneur #startupgrind https://t.co/2KW56AA1XJ
2018-03-23 02:46:40,"‚ÄòI‚Äôm not ready. I don‚Äôt have time or $. I
can‚Äôt.‚Äô
Are excuses running your life?

Comment below-what ACTION will re‚Ä¶ https://t.co/wsEXhFa3Za"
2018-03-23 02:46:27,"#Paisleys Wall Art,Gallery Wall Decor,Living Room Decor,Square Canvas Print,Me... https://t.co/owOlfgOCIF via‚Ä¶ https://t.co/fizz4yLYRq"
2018-03-23 02:46:25,Watching the @ZagMBB game at Genos! Go Zags go!!! #NCAATournament #basketball #Gonzaga #ThursdayMotivation‚Ä¶ https://t.co/H2pof2ETDQ
2018-03-23 02:44:31,Friends are angels who lift our feet when our own wings have trouble remembering how to fly. - Unknown #quote‚Ä¶ https://t.co/VbKYLJDGyP
2018-03-23 02:43:13,I never knew Sex and The City 2 was so entertaining #CynthiaNixon #whoknew #ThursdayMotivation
2018-03-23 02:41:45,Growth!! #Dedication #Summergoals #ThursdayMotivation #StayReady #stayfocused #goalsgoalsgoals‚Ä¶ https://t.co/sOoT6zONKi
2018-03-23 02:41:32,"Make success your only option. Your Plan B should be to make your Plan A work. #WakeUpWords üí™üèºüíØ
-
Vid: Opening mont‚Ä¶ https://t.co/MPSowIKEv5"
2018-03-23 02:35:41,#vote in the #Poll  https://t.co/BQ5j6z0vuY #Dance #prom2k18 #menstyle #MensShoes #bookdirect #ThursdayMotivation
2018-03-23 02:33:59,Head over to our Instagram Page &amp; follow for our new IG Stories Series ‚ÄúEnergy In Motion‚Äù https://t.co/bdT0zaAuoc‚Ä¶ https://t.co/g4Y57UNAB3
2018-03-23 02:32:15,Publishing an episode is great. I love the grind of just trying to produce it... #ThursdayMotivation
2018-03-23 02:31:02,Invest in yourself. #ThursdayThoughts #ThursdayMotivation #invest #EmpireAcquisitionTeam
2018-03-23 02:30:38,Tonight was epic! üòé #boxing #boxingtrainer #workout #ThursdayMotivation https://t.co/F1RHsfwGiV
2018-03-23 02:29:52,You could boost your #credit score 100 points with these 5 easy tips https://t.co/uFEpnOxsOq #mondaymotivation‚Ä¶ https://t.co/m1PYkQXIV0
2018-03-23 02:28:08,"I can recall crying from being so tired , #stressed and sleepy after a 30hour shift during my #residency So it make‚Ä¶ https://t.co/dzCgiQNDC2"
2018-03-23 02:27:27,"After all is said and done, a lot more is usually said than done.
#ThursdayThought #ThursdayMotivation  #Wisdom"
2018-03-23 02:23:39,"I hate being blamed or accused of shit that I don‚Äôt do nor have I done
#ThursdayMotivation 
#ThursdayThoughts https://t.co/cw8Pgr1qiT"
2018-03-23 02:22:38,"Check out ""Montgomery In The Rain"" by Curtis Lee Putman - https://t.co/NjDgGPNOkQ #NowPlaying #tallinthesaddle #clp #ThursdayMotivation"
2018-03-23 02:22:23,Out of suffering have emerged the strongest souls; the most massive characters are... - Khalil Gibran #quote‚Ä¶ https://t.co/NVYIyNu4ho
2018-03-23 02:22:17,"Check out this #wordcloud comprised of the contents of my #resume üìö‚úçÔ∏èüë©‚Äçüíº
#management #communications #media‚Ä¶ https://t.co/b8JTVC01Rm"
2018-03-23 02:20:11,#ThursdayMotivation - thank you #ClaireBrisson &amp; @macombdakota #CTE for hosting our #CEORoundtable. What an impress‚Ä¶ https://t.co/uUYXm1aXGo
2018-03-23 02:15:02,"If you keep telling yourself ‚ÄúI will get to it later‚Äù, ‚ÄúI don‚Äôt have time‚Äù or ‚Äúhave ideas, but never execute‚Äù,. If‚Ä¶ https://t.co/9FkDNsyXTK"
2018-03-23 02:11:41,How much do you want to be successful? Follow these steps and you'll see change. #follow #success #follow4follow‚Ä¶ https://t.co/RUHXY0umY4
2018-03-23 02:08:15,#ThursdayMotivation - thank you Claire Brisson &amp; Macomb Dakota High School #CTE for hosting our #CEORoundtable. Wha‚Ä¶ https://t.co/A1P5vK1VTX
2018-03-23 02:08:03,Building new bridges with the stones thrown from old burned ones. Something BIG is coming üí™üî•üåâ #Infrastructure‚Ä¶ https://t.co/XcM2cRX3ie
2018-03-23 02:03:39,12-LED Color morph LED Hula Hoop $45 https://t.co/f89gxggdQM #ledhoop #hulahoop #ledhulahoop #ICC #FlowmiesofEarth‚Ä¶ https://t.co/Zn7wYIuofq
2018-03-23 02:02:45,"Do NOT sit silently, waiting and wondering: If change is needed, YOU must lead it. #quote #ThursdayMotivation https://t.co/X7ftkhcHND"
2018-03-23 02:00:01,"I hope you accomplished something wonderful today! If not, just remember, tomorrow is a brand new day! Good night!‚Ä¶ https://t.co/n4nsUdRBnr"
2018-03-23 01:59:34,Great workout with @destinetomakeit today! #Dedication #Summergoals #ThursdayMotivation‚Ä¶ https://t.co/0K5sZwVk3t
2018-03-23 01:58:38,"#ThursdayThoughts 
#ThursdayMotivation 
#TBT

Remember when @MaxineWaters told the truth? @FreewayRicky can tell yo‚Ä¶ https://t.co/J2eUMp3EyY"
2018-03-23 01:58:27,"Retweeted Abi Catford (@AbiCat_tales):

My most highly requested video is obviously my morning routine. This is par‚Ä¶ https://t.co/VKQ59HaQbR"
2018-03-23 01:55:07,I am not impressed with what people own. But I‚Äôm impressed with what they achieve. I‚Äôm proud to be a physician. Alw‚Ä¶ https://t.co/vzSN2QuhOV
2018-03-23 01:51:58,#ThursdayMotivation: Seeing and spending time with talented educators at the @gcschools teacher of the year recepti‚Ä¶ https://t.co/c2a0fxMscM
2018-03-23 01:51:03,"BREAKING CNN: Another hot chick that President Trump slept with comes forward‚ÄºÔ∏è

In other news,  #AndersonCooper su‚Ä¶ https://t.co/hk14wcPIJh"
2018-03-23 01:51:02,Can you hear in your voice the belief you can fly? #ThursdayMotivation #Believe
2018-03-23 01:49:35,"@DonnieWahlberg #TWUG #ThursdayMotivation is a #TWUG the man, the myth, the legend @DonnieWahlberg !!! @cas‚Ä¶ https://t.co/LounJhpNIi"
2018-03-23 01:48:39,Testing. Testing. Is this thing on? #ThursdayMotivation #Thursday
2018-03-23 01:47:01,"@WilsonCGroup has implemented IT governance, strengthened existing IT governance solutions, and collaborated with h‚Ä¶ https://t.co/bxvBLI2dqb"
2018-03-23 01:44:03,"2018 NEW BOB WIGüòçvery natural curly pattern&amp; easy maintainü§ó
linküëâhttps://t.co/LL6AFB9jCf
More $10 off #coupon ""lavy‚Ä¶ https://t.co/9SxDi7UDpv"
2018-03-23 01:43:23,All smiles over here! üòÅ. @SamuelBulla1 wears the BUSU Queen Sweatshirt | Available now! #ThursdayMotivation #art‚Ä¶ https://t.co/DkDwOXYl86
2018-03-23 01:42:51,"Thursdays!?  üëÄ‚òùÔ∏èüòíüôÑüôÑüò≠üó£Ô∏è#suck #WhosNext #whoswithme
#ThursdayThoughts #Thursday #thursdaynight #ThursdayMotivation #truefacts #rns"
2018-03-23 01:42:02,Nothing better than eat pussy in the morning! @AlexisFawx @JustinHuntxxx #Pure_Mature #ThursdayMotivation https://t.co/UWK0ubXm7w
2018-03-23 01:41:28,"Prediction is very difficult, especially about the future. - Niels Bohr #quote #ThursdayMotivation https://t.co/hXwc5F4QSa"
2018-03-23 01:39:27,"the universe took its time on you
crafted you precisely
so you could offer the world
something distinct from everyo‚Ä¶ https://t.co/AEXJMYsSOP"
2018-03-23 01:37:56,so did she pass the test or what? #failure #Minnesota #driving #ThursdayMotivation https://t.co/E8Qu9UE2KN
2018-03-23 01:35:43,"Become determined! You got this! https://t.co/go31FXFafb

#ThursdayMotivation"
2018-03-23 01:35:02,What the Pascagoula Pier looks like in a driving rain. One of the coolest pictures we‚Äôve seen from Brandi.‚Ä¶ https://t.co/MdMwyXvKbR
2018-03-23 01:33:20,Congrats to our Boss @TassiloBrinzer for winning the 1st prize and Rafael for the 2nd prize of our 9ball pool compe‚Ä¶ https://t.co/bQTyGpuSn2
2018-03-23 01:27:43,I wrote a new game where I get to smack Tony Robbins head around. I find it very soothing. #ThursdayMotivation‚Ä¶ https://t.co/lxPHyS5Uy8
2018-03-23 01:27:29,"""You don't have to reinvent the wheel... just steal the hubcaps."" - Michael P. Naughton @IThinkNaught #ThursdayMotivation"
2018-03-23 01:27:11,"‚Ä¢ They like us quite.
‚Ä¢ Stand Up.
‚Ä¢ Be Strong.

#ThursdayMotivation #ThursdayThoughts #women https://t.co/8UDrbDPIAm"
2018-03-23 01:23:34,Here's how to cut your #creditcards interest rate by 50% https://t.co/QNLB1sP5HZ #personalfinance #leadership‚Ä¶ https://t.co/Q1vTWhHJ2P
2018-03-23 01:23:19,New Track for Thursday. https://t.co/y4oz1vRAOP #NewMusic #NewMusicThursday #NewMusicAlert #ThursdayMotivation‚Ä¶ https://t.co/FRvDj52TEC
2018-03-23 01:23:15,Open tonight until 3am stop by and enjoy some #sensual #stimulation üíÜ‚Äç‚ôÇÔ∏è #linkinbio #bodyrub #niagara #buffalo‚Ä¶ https://t.co/DCbn2vhvEW
2018-03-23 01:22:21,It's not easy for scientists to become entrepreneurs but there's a lot of help out there if you know where to find‚Ä¶ https://t.co/427OfTj3fD
2018-03-23 01:20:49,Man I love the idiots at Zebra Corner @Im_Mahk If Commercials were Real Life - The Egg Sitter‚Ä¶ https://t.co/gnGqByy6PX
2018-03-23 01:19:38,"I‚Äôve seriously never been this happy and healthy before! I want to share this feeling with all of you!
I‚Äôm looking‚Ä¶ https://t.co/Z94epg7wmZ"
2018-03-23 01:19:18,"For f*ck‚Äôs sake.
How‚Äôs this, 65 million want that idiot in the WH impeached.
Us first.

#ThursdayMotivation‚Ä¶ https://t.co/XXMJDfrOvo"
2018-03-23 01:18:35,"NOW OPEN - Limited enrollment into the Cheeky Scientist Association! Enrollment ends Friday, March 23rd at 11:59PM‚Ä¶ https://t.co/qzvq8iYNOE"
2018-03-23 01:17:31,"How did you go bankrupt? Two ways. Gradually, then suddenly. - Ernest Hemingway #quote #ThursdayMotivation https://t.co/UMYtdneHAL"
2018-03-23 01:16:14,"""It takes fire and pressure to turn a lump of unremarkable metal into a finely crafted work of art"". Half of this e‚Ä¶ https://t.co/2izPVarhOq"
2018-03-23 01:16:02,"The Log for Thursday March 22, 2018 #MarchMadness #ThursdayMotivation #exercise #nutrition https://t.co/5Hdohcupdf"
2018-03-23 01:13:18,"""It is safe for me to express myself"" -- Throat Chakra Affirmations Poster - Blue Lotus https://t.co/zPZPiDLiWX via‚Ä¶ https://t.co/DlfOAIfGPy"
2018-03-23 01:12:13,Live your truth. Express your love. Share your enthusiasm. Take action towards your dreams. Walk your talk. Dance a‚Ä¶ https://t.co/EqDw9jz9lN
2018-03-23 01:10:10,"Faceted #Green Yellow #Agate #Earrings,Long Drop Earrings,Beaded Earrings  https://t.co/M1yHmzjAi0 via @amazon‚Ä¶ https://t.co/Q4X9A7WK0f"
2018-03-23 01:07:50,"Martini, extra olives please!üç∏ Oh, how I‚Äôve missed you! #ThursdayMotivation"
2018-03-23 01:07:21,"Metrics can get confusing.

So here are the top 10 #recruiting metrics - we explain why they're important and break‚Ä¶ https://t.co/f9Cop4JgFB"
2018-03-23 01:07:19,üçÉI am diferent üçÉ #ThursdayMotivation #Thursday #thursdaynight
2018-03-23 01:07:12,"Retweeted EZ Awareness (@ezawareness):

Just in time for spring break!
https://t.co/WXDaKBJHzD

#inspire #swimsuit‚Ä¶ https://t.co/gaZLdGKifG"
2018-03-23 01:06:45,#RETWEET to Gain üíØ #FlyingHigh #TeamCaramac üïä#ieFun #FamilyOfLoyals #bullygrampitt #ReckleSiumsGAINium #QuinnDrive‚Ä¶ https://t.co/cOBPcNcdE4
2018-03-23 01:06:33,"Back at it!
.
.
.
#theband #rockandrollbaby #powerpop #yeahyeahyeah #thursdaymotivation https://t.co/YEMbjI2UtK"
2018-03-23 01:06:00,"Count your age by friends, not years. Count your life by smiles, not tears.
‚Äï John Lennon
#ThursdayMotivation‚Ä¶ https://t.co/DO9z42ZoEg"
2018-03-23 01:03:46,I found some blooms today in NC.  #flowerphotography #500pxrtg #Spring2018 #ThePhotoHour #ThursdayMotivation https://t.co/ZMQ3ebZNWN
2018-03-23 01:03:02,"Some days, I suffer from first world problems, then I cast my mind back to third class travel and smile!‚Ä¶ https://t.co/5xmrP1WSxv"
2018-03-23 01:02:20,@SplitPeaches We feel it!!!!! #TwitterDanceParty #Dance #ThursdayMotivation https://t.co/OKFM6WPATf
2018-03-23 00:59:03,LIVE and don't ever let anyone deprive you from living a successful life. Control your inner-voice. Lead like if yo‚Ä¶ https://t.co/uNwWShGb15
2018-03-23 00:58:32,"üé§Life mantra you live by? #ThursdayMotivation

""Respect everyone.  Be honest.  I once heard this saying, it said ‚ÄúI‚Ä¶ https://t.co/0GMxwuD6C7"
2018-03-23 00:58:09,LIVE and don't ever let anyone deprive you from living a successful life. Control your inner-voice. #LDGLeadership‚Ä¶ https://t.co/5AmdppSgyI
2018-03-23 00:57:54,"Other people's opinions should never affect the decisions you make. It's your life, not theirs. Do what makes you happy. #ThursdayMotivation"
2018-03-23 00:57:14,"Faith in transition: https://t.co/r2ed8sGj5y              

#faith #ThursdayThoughts #ThursdayMotivation https://t.co/09VG4qcLwj"
2018-03-23 00:57:02,A daily reading from The New Message From God - The Pure Religion - 10 - The Great Faith - The New Message from God‚Ä¶ https://t.co/etck2OKjXP
2018-03-23 00:56:41,"Listen to ""Right Here"" by @Torychew via #spreaker https://t.co/8f1n5kIlti
#hiphop #SupportTheArts‚Ä¶ https://t.co/HL08Zzv0ve"
2018-03-23 00:56:34,@realDonaldTrump @JoeBiden would know your fat ass on the floor. #ThursdayMotivation
2018-03-23 00:53:26,Continuous effort...is the key to unlocking our potential. - Hehaka Sapa #quote #ThursdayMotivation https://t.co/eG3S9onqkQ
2018-03-23 00:52:50,How does this compare to ‚Äúinfinity (888)‚Äù off @xxxtentacion new album? @joeyBADASS watchu think? #hiphop‚Ä¶ https://t.co/gMiB8DRnWJ
2018-03-23 00:52:38,A nice night in @Vegas. #ThursdayThoughts #ThursdayMotivation #firstdayofspring #PossibleSideEffectsInclude #nevada‚Ä¶ https://t.co/VbJCGanVdL
2018-03-23 00:49:46,Being a little naughty tonight and getting donuts after my exam. It'll be glorious. #Donuts #ThursdayMotivation #Food
2018-03-23 00:48:11,"My Friend: ""My mom &amp; I were discussing books. I told her I was reading yours &amp; how good they were. She wants to rea‚Ä¶ https://t.co/U2ZJdUZm7T"
2018-03-23 00:47:14,"Have you found your home yet?
#poetry #micropoetry #poems#poetryisnotdead #amwriting
#bloggerswanted #BloggersTribe‚Ä¶ https://t.co/xVwgTmRsj9"
2018-03-23 00:47:00,"This is my rediculously stupid large target that doesn‚Äôt make sense, but makes me push and push. Never Lower A Targ‚Ä¶ https://t.co/A9WdOA9ZmS"
2018-03-23 00:45:52,"That's because #IllegalAliens are takers not donors.  #getagrip @DNC . Wait, on 2nd thought keep doing what you're‚Ä¶ https://t.co/UQ5EX69IVN"
2018-03-23 00:45:00,Can Kate overcome a #lifetime of betrayals and learn to #trust again? #Free with #KindleUnlimited!‚Ä¶ https://t.co/83aRXL85WY
2018-03-23 00:44:14,(  ~ __  * ) #Follow your #passion; it will lead you to your #purpose. üíõüß°üíöüíôüíú‚ù§Ô∏èüòé #JoyTrain  #JoyfulLeaders‚Ä¶ https://t.co/hJb4N1eED7
2018-03-23 00:44:09,My first graders using bar models #littlemathematicians #firstgradelove #ThursdayMotivation #ShearnLions https://t.co/wTzHsfxk0w
2018-03-23 00:43:00,She's incredible &amp; waiting for you @adriaraexx #AdriaRae #MilesLong #amazing #hottie #exotic #beauty #model #photo‚Ä¶ https://t.co/HCTpKXHbHY
2018-03-23 00:42:07,"Motivation comes from working on things we care about.

#quotestoliveby #quote #ThursdayMotivation https://t.co/UejavzpfAk"
2018-03-23 00:41:39,Pretty proud to tell you that I‚Äôve actually used the exercise thing today! Maybe not enough repetitions as I should‚Ä¶ https://t.co/uBIZXo0BxA
2018-03-23 00:41:18,"I just cut up my Citi Bank credit card! 
You may want to do the same.

  https://t.co/I2VzCPPhHn ‚Ä¶ #maga #nra‚Ä¶ https://t.co/QlYstc838m"
2018-03-23 00:41:01,"Just Keep #Persevering üëä‚úî

 #TheStudioAD
  #FemaleMuscle
   #OptimalHealth
    #Wellness
     #ThursdayMotivation
.
https://t.co/Iz4ljj1yPG"
2018-03-23 00:40:10,It's #WorldWaterDay so my #ThursdayThoughts are we should get wet together. How shall we accomplish this?‚Ä¶ https://t.co/iaUEBqu5im
2018-03-23 00:39:12,"Be Inspired...

https://t.co/reJrXAlp7t

#ThursdayMotivation"
2018-03-23 00:38:41,"Today we visited the amazing home of #BostonRedSox ‚ÄúFenway Park‚Äù üèÜ‚öæÔ∏èüèÖ
#Boston #Massachusetts #BaseBall #sport‚Ä¶ https://t.co/fPfZ8HqM41"
2018-03-23 00:37:56,"Escape into forgotten #history. 
1650s #Irish #slavery 

""Outstanding!"" 
SPIRITED AWAY 
by Maggie Plummer‚Ä¶ https://t.co/J2vJM7dH5M"
2018-03-23 00:36:55,"LipSense Layering vs Mixing. 
How to mix #LipSense &amp; why u would do that over layering. Hope u enjoy! Watch full vi‚Ä¶ https://t.co/oRpx6subos"
2018-03-23 00:33:36,Do not ask permission. Do it now and - if necessary - regret tomorrow! - Paul Coelho #ThursdayMotivation https://t.co/z0FJy36bgX
2018-03-23 00:32:52,If @Slate hates it then you know it's a great move. Another #crywolf crusade for @TheDemocrats @dnc‚Ä¶ https://t.co/jqDBKoQKin
2018-03-23 00:30:47,My mum very religious We weren‚Äôt allowed to listen to music BUT when she understood what it meant to me she went ou‚Ä¶ https://t.co/AdTPe8vTBQ
2018-03-23 00:30:34,I always think of this when faced with a tough decision. #AFewWords #WordsOfWisdom #ThursdayMotivation #thoughts https://t.co/0kLTa94i50
2018-03-23 00:30:07,"Always be a work in progress.
#ThursdayThoughts #ThursdayMotivation #ThursdayThought #ThursdayWisdom #quotes‚Ä¶ https://t.co/tDP1CE5ppz"
2018-03-23 00:29:47,I fucking hate how cute Snapchat filters are üòíüòõüê∞#prettybunny #socute #cutie #bunny #babybunny #snapchat #influencer‚Ä¶ https://t.co/cM90nvz0Yo
2018-03-23 00:29:37,@LaurenVictorita @GoncaloValva10 @KVajpayaee @DLees28 @sahajyoti3 @AdryMMP @adityasingh7865 @Aditi29451243 @jet_new‚Ä¶ https://t.co/xXYZoGuNdd
2018-03-23 00:24:24,"Weekly Photo Release Mar 22 ‚ÄúStorm Coming‚Äù
See #photos on #Flickr https://t.co/XRN3mo9vpU 
#pro #Nikon #dslr #Image‚Ä¶ https://t.co/KKNYpW84xw"
2018-03-23 00:24:21,"Downtown Montreal!
Nikon D3400
ISO: 11400
Shutter Speed: 1/125
Aperture: f/3.5, 18mm
#Montreal #city #cityscape‚Ä¶ https://t.co/Kb2sXJYPGA"
2018-03-23 00:23:45,worldwide #withoutascalpel #Italy #ThursdayMotivation https://t.co/1vilzT4Twq
2018-03-23 00:23:05,"I pretend I don't know, but I know. #FML #realtalk #ForeverSpecialDelivery #ThursdayThoughts #ThrowbackThursday‚Ä¶ https://t.co/Fug6YOMp4g"
2018-03-23 00:22:40,Did you know that in just 5 minutes of waking you can start to burn fat and reduce anxiety? Check out this AWESOME‚Ä¶ https://t.co/1UlfoEpnoh
2018-03-23 00:19:18,"This is Greek Manny. My phone I left in the cab was returned today, thanks to this fellow New Yorker.‚Ä¶ https://t.co/AHCh2cdOh3"
2018-03-23 00:19:04,"Security and Compliance on the Digital Frontier
  https://t.co/I7uIS1w3cX
  #ApplicationXtender #OpenTextDCTM #ECM‚Ä¶ https://t.co/CTQALiV0BI"
2018-03-23 00:18:42,"‚ÄúThursday Night Vibe‚Äù üòÇüòäüòÅüòã‚úåüèª‚úåüèª
#hangingoutathome #thursdaymotivation #asemetricalbob‚Ä¶ https://t.co/arwmMbZOHq"
2018-03-23 00:18:18,The best marketing strategy ever: CARE -Gary Vaynerchuk #ThursdayMotivation
2018-03-23 00:17:09,"Well, the wind's blown', man I wish I was a tree. Them trees are get blown good. üòâ #ThursdayMotivation"
2018-03-23 00:17:06,LAN Party AND Michael‚Äôs (_firelinks) Birthday?! #ThursdayMotivation https://t.co/JL8JwTk5HW
2018-03-23 00:16:03,LAN Party AND Michael‚Äôs (@_firelinks) Birthday?! #ThursdayMotivation https://t.co/BbxBmRRlIF
2018-03-23 00:15:38,We‚Äôre all just one tick away from the grave. Text or call your friends to let them know you‚Äôre thinking of them! #ThursdayMotivation #grace
2018-03-23 00:15:05,What an UnBuckin'Believe-a-bull Matchup @jbmauney v @chadberger PEARL HARBOR Video @PBR https://t.co/f9w1iVAlb0‚Ä¶ https://t.co/72BajKTDwH
2018-03-23 00:14:50,"If opportunity doesn‚Äôt knock, build a door - Milton Berle #ThursdayMotivation"
2018-03-23 00:14:04,"#ThursdayMotivation 
Check out https://t.co/a8HHGbA6dH for weekly blog post about various things. ‚ù§Ô∏è"
2018-03-23 00:13:28,"@RealAlexJones Don't forget you are banned from @YouTube 

#ThursdayThoughts #ThursdayMotivation #ParklandStudentsSpeak #MAGA"
2018-03-23 00:12:00,"Taking the #PCAT soon? Use code ""DEAL25' to save $25 on #DrCollinsPCAT https://t.co/HXRDon6KLg #PharmacySchool #ThursdayMotivation"
2018-03-23 00:11:56,"The Passion in your Heart is your Power to Believe üåû‚ù§Ô∏è
#ThursdayMotivation 
#ThursdayThoughts 
#passion
#belief‚Ä¶ https://t.co/mrTuX4FLEq"
2018-03-23 00:10:56,#Live with some #DeadByDaylight ! Come #hangout might be doing a little killing and surviving! New graphics card co‚Ä¶ https://t.co/sHF71Hayk0
2018-03-23 00:10:39,"Nothing in this world is harder than speaking the truth, nothing easier than flattery. - Dostoevsky #quote‚Ä¶ https://t.co/3zfrZWstMm"
2018-03-23 00:10:16,"@edskyler @Citi You take $45 million in taxpayer dollars to bail you out, now you want to ignore the U.S. Constitut‚Ä¶ https://t.co/vj5OQonvhM"
2018-03-23 00:08:32,Singing some blues with the band... be out live again soon #Singer2018 #singers #Singing #musicartist #bands #Blues‚Ä¶ https://t.co/kbHUwsvXKC
2018-03-23 00:06:20,I feel better making songs already racked up.... I do it cause I love it and that's what I get from it.... #ThursdayMotivation
2018-03-23 00:06:07,Learning to truly love yourself is the path to joy. #ThursdayThoughts #ThursdayMotivation https://t.co/xK8rydw9Ih
2018-03-23 00:05:27,"""Man cannot discover new oceans unless he has the courage to lose sight of the shore.‚Äù Andre Gide .I think that wha‚Ä¶ https://t.co/fYhgXoe3CG"
2018-03-23 00:04:12,"#HealthyFood TO THE MAX! Thanks @NaturesPath for being SO delicious! üòã
Check out my Facebook Page‚Ä¶ https://t.co/eadKKRwC70"
2018-03-23 00:03:44,15 HIGHEST PAID PLAYERS IN THE NFL 2018 (TOM BRADY IS THE LOWEST PAID ON THE LISTü§î) Check out the list here ‚û°Ô∏è‚Ä¶ https://t.co/BDCi2nMDXH
2018-03-23 00:03:43,"Here's My Sexy Tgirl Ass! 
Enjoy My #ThongThursday üçë
.
#KCGeisha #KansasCity #Tgirl #TS #Escort #Courtesan‚Ä¶ https://t.co/EhOtkI7frC"
2018-03-23 00:03:20,15 HIGHEST PAID PLAYERS IN THE NFL 2018 (TOM BRADY IS THE LOWEST PAID ON THE LISTü§î) Check out the list here ‚û°Ô∏è‚Ä¶ https://t.co/wucilfVhmd
2018-03-23 00:03:11,"Staying healthy means you'll have a longer life, hence more opportunity to be a source of anguish for people who ar‚Ä¶ https://t.co/drLIen6pBd"
2018-03-23 00:03:02,"#ThursdayMotivation I'm in the running to win money for #HabitatforHumanity This round, voters get 10 free minutes!‚Ä¶ https://t.co/k3q7D2EO3N"
2018-03-23 00:02:19,"What's important is not the end goal, but da way to finding it. #Motivation #ThursdayThoughts #ThursdayMotivation"
2018-03-23 00:02:06,"Gov.Kasich needs to STOP ACTING as if he OWNS OHIOÔºÅ#NewRight #MAGA #ThursdayMotivation

 https://t.co/SPgMl53liL"
2018-03-23 00:02:01,"How nice to discover that @cim_edu is only a 10 min walk from my door and have lots of free performances, including‚Ä¶ https://t.co/J3Q8Ldljbq"
2018-03-23 00:00:19,#JohnBolton ...... is all we need.............. kiss you A$$ goodbye. Might as well spend you retirement now.‚Ä¶ https://t.co/aLN0xodneu
2018-03-23 00:00:16,‚ÄúSuccess is not to be pursued; it is to be attracted by the person you become.‚Äù - Jim Rohn #ThursdayThoughts‚Ä¶ https://t.co/UcmMlPeXYv
2018-03-22 23:59:50,Taking advantage of the office gym @Surg_SWAG before going to eat üçïfor a good cause ! üòã @TxBurnSurvivors‚Ä¶ https://t.co/bScqFQ919J
2018-03-22 23:59:39,Instacart coupon! Get $10 off your order + FREE delivery w/ promo code KVKITH1 #savings #coupon #Freestuff‚Ä¶ https://t.co/YzlrdFGcCo
2018-03-22 23:59:30,Instacart coupon! Get $10 off your order + FREE delivery w/ promo code KVKITH190 #savings #coupon #Freestuff‚Ä¶ https://t.co/zpmfJ3sD0y
2018-03-22 23:58:44,$TOPS is wildin‚Äô out AH üî• #ThursdayMotivation
2018-03-22 23:57:27,"#ThursdayThoughts 

One of my favorite @GroovyBruce #BruceCampbell quotes and gives me the inspiration to keep goin‚Ä¶ https://t.co/pcUWQ9aT3W"
2018-03-22 23:57:02,A daily chapter reading for the spiritual practice Steps to Knowledge ~ Greater Community Spirituality - Chapter 20‚Ä¶ https://t.co/VLBh45mzyh
2018-03-22 23:56:18,"Inspiration to continue the fight for equality in every environment, for every marginalized group- no victory is to‚Ä¶ https://t.co/oKOVNRHjla"
2018-03-22 23:54:22,"@thehill With John Bolton, this admin. wants to start a nuclear winter.  #TrumpRussia #ImpeachTrump‚Ä¶ https://t.co/oH8T4yJhfx"
2018-03-22 23:53:08,Deleting @facebook @fbnewsroom @fbanalytics @fb_engineering because #MarkZuckerberg is a fucking jackoff. Saving ph‚Ä¶ https://t.co/4fUXX5vB3J
2018-03-22 23:50:37,"When #God gives you an opportunity...
-
Have a listen this is amazing!! I love it!!
-
#Jesus
#opportunity‚Ä¶ https://t.co/W8Rbe8FHi0"
2018-03-22 23:50:15,Good Evening Fuckers! Yup...It's Throat Punch Thursday Again Already! üòç #ThursdayMotivation #ThroatPunchThursday https://t.co/OsuVdlm4cF
2018-03-22 23:49:45,I have learned that to be with those I like is enough. - Walt Whitman #quote  #ThursdayMotivation https://t.co/LDZY5Wz4HB
2018-03-22 23:49:36,#wisdom #thursdaymotivation #ThursdayThoughts True https://t.co/BLCZwMkyHX
2018-03-22 23:49:16,"You can do It- mka's mother
#ThursdayMotivation #EmployeeEngagement 
#ThursdayThoughts"
2018-03-22 23:48:45,"Bedroom and bathroom are coming along nicely, even has my little blue Chair with my name on it from childhood. Also‚Ä¶ https://t.co/a1HTO8SrKo"
2018-03-22 23:47:00,"Gold Installation with minimum leave outüòç
Quality Virgin #Hair Bundles available at Hairology Salons‚ù£Ô∏è
Book your ap‚Ä¶ https://t.co/6iIjG2pjuC"
2018-03-22 23:46:51,Here are the Top 5 reasons to refinance student loans now https://t.co/ONmiX4TkdY #mondaymotivation‚Ä¶ https://t.co/JocwZEReyc
2018-03-22 23:45:41,"3 types of people 1. Those who #makeithappen 2. Those who #watchit happen, and 3. Those who #wonder what happened.‚Ä¶ https://t.co/RIzQNZfMU1"
2018-03-22 23:45:37,"@RVAwonk Mueller is ready for the next indictment, and he already got Stone cornered like a rat. Delicious.‚Ä¶ https://t.co/qyHxjSBt0l"
2018-03-22 23:45:02,"Jesus ministered the Kingdom of God in the marketplace. https://t.co/Cg87JVZ8rN 
#ThursdayMotivation #thursdaynight‚Ä¶ https://t.co/rOrs16AKRi"
2018-03-22 23:45:00,IT'S HERE!! Our üÜïüÜïüÜï UPDATE! Check Fishing for Facial w/ üíÑüíãüé£üé£üé£@macymeadowsx just at #Tiny4K #ThursdayMotivation‚Ä¶ https://t.co/dhHxMKlU5P
2018-03-22 23:44:38,"""Fantasies are our realities in an excuse free world"" @JenSincero #ThursdayMotivation #youareabadass #nomoreexcuses #beauthentic"
2018-03-22 23:43:57,"How Managers Become Leaders 
https://t.co/pcZislDySF ‚Ä¶
#ThursdayThoughts #ThursdayMotivation #leadership‚Ä¶ https://t.co/RBbK0qtMgs"
2018-03-22 23:43:21,"The electric 1,914-hp @AutomobiliRimac C_Two is a new breed of hypercar. Check out at myCARiD:‚Ä¶ https://t.co/jAtf4wGmbH"
2018-03-22 23:43:16,"Baby when the lights go dim, Emma G steps on stage and serenades your Thursday night groove üëåüèΩ
T - 20 minutes till‚Ä¶ https://t.co/rLirZOvpN1"
2018-03-22 23:41:33,Make sure you check out my work that was featured on @VoyageHouston by clicking the link. Huge thanks to the staff‚Ä¶ https://t.co/F2EoDxNWcv
2018-03-22 23:41:04,"Is been a long day, but I can‚Äôt forget the daily quote. ‚ÄúThe only source of knowledge is experience.‚Ä¶ https://t.co/zyzZ69kJGz"
2018-03-22 23:40:13,"Y‚Äôall ready for the next episode? If not listen to the old episodes to get ready. 

https://t.co/dmGxGdctmg‚Ä¶ https://t.co/4vy8rkQSSR"
2018-03-22 23:40:04,"Put your happiness first and watch everything come together with amazing new energy, grace, and ways to be of servi‚Ä¶ https://t.co/nKf7W3kLUC"
2018-03-22 23:39:43,"@TRUMP_PREZ Expose #VoterFraud 
Enforce #VoterID And Paper Ballots

SIGN THE PETITION
https://t.co/dLXqg6lPqO ‚Ä¶ ‚Ä¶‚Ä¶ https://t.co/UYP7JgAuLY"
2018-03-22 23:39:41,"The secret of success is real.
https://t.co/aFrZm8Dc6s

#ThursdayThoughts #ThursdayMotivation"
2018-03-22 23:39:08,"Expose #VoterFraud 
Enforce #VoterID And Paper Ballots

SIGN THE PETITION
https://t.co/dLXqg6lPqO ‚Ä¶ ‚Ä¶ 

WHERE ONE G‚Ä¶ https://t.co/Ns5o5rzcV0"
2018-03-22 23:38:25,Today is Thursday which is really Friday eve if you think about it. #doggos #ThursdayMotivation https://t.co/ONLbPi8Vvc
2018-03-22 23:38:02,üì∑ There is no way you can use up all your creativity. ‚Ä¶.. #Thursdaymotivation #MakeYourOwnLane... https://t.co/NqY9C2pv41
2018-03-22 23:37:56,"There is no way you can use up all your creativity. .....

#Thursdaymotivation #MakeYourOwnLane #defstar5 #mpgvip‚Ä¶ https://t.co/cZMmia4IuW"
2018-03-22 23:37:27,"Long day. In one of those moods when I don't know whether I want to read, write, binge watch anime, or make a list‚Ä¶ https://t.co/2oyHB9XIjP"
2018-03-22 23:36:33,We‚Äôre all being judged by someone who isn‚Äôt even close to having their own shit together #ThursdayThoughts #ThursdayMotivation
2018-03-22 23:36:23,"We choose.

#ThursdayThoughts #ThursdayMotivation #Gratitude #inspiration https://t.co/gygC9FiRHX"
2018-03-22 23:35:20,"Ten good words.

#ThursdayThoughts #ThursdayMotivation #MLK #inspiration #quote https://t.co/ATTuIUq15m"
2018-03-22 23:35:03,My #book Operation Happiness is on sale now wherever books &amp; #audiobooks are sold! I share some great stories &amp; all‚Ä¶ https://t.co/gt3D9ce0li
2018-03-22 23:34:26,Are you outcome driven or do you struggle? Text OUTCOME to 22828 #outcome #driven #tbt #personaldevelopment‚Ä¶ https://t.co/fLNaVxFo3a
2018-03-22 23:33:07,"Books are ‚Äúmagic-to-go‚Äù

Get the best #anthology #collection ‚û°Ô∏è https://t.co/ZjvSQCQJ7e

#amreading #queleer‚Ä¶ https://t.co/X51ca6eKWu"
2018-03-22 23:32:57,#HIIT workouts are bittersweet during it you feel like you are about to die and after it you feel like you just con‚Ä¶ https://t.co/05GpzKMMB2
2018-03-22 23:32:44,#YouCantCallItAParty until the Police arrive...;-) #realtalk #Thursday #ThursdayMotivation #thursdaynight #ThursdayThoughts
2018-03-22 23:31:04,"#ImTheTypeOfPersonThatWill stab you in the gut, not the back...;-) #realtalk #Thursday #ThursdayMotivation #thursdaynight #ThursdayThoughts"
2018-03-22 23:30:00,"Books are ‚Äúmagic-to-go‚Äù

Get the best #anthology #collection ‚û°Ô∏è https://t.co/teWScN4fXl

#amreading #queleer‚Ä¶ https://t.co/ZxaElJmhIC"
2018-03-22 23:29:32,Dial in tonight as we seek #God in #prayer! #ThursdayMotivation https://t.co/8mR3hOhTDE
2018-03-22 23:29:14,"üåß
Some people feel the rain. 
Others just get wet. -Bob Marley
_
#SouthBay #ManhattanBeach #HermosaBeach‚Ä¶ https://t.co/O0oR4uDQ4r"
2018-03-22 23:29:02,"Tranquil Thursday üíÜüèºü§∏üèº‚Äç‚ôÄÔ∏èremind yourself to tackle each situation as they come, remain present, and control what yo‚Ä¶ https://t.co/mkPdOdpC51"
2018-03-22 23:26:50,"#ThursdayMotivation shout out to:
~Maddie-B on her Alg 2 test
~Natalie-102%A+ on her Alg 2 test
~Camryn-100%A+ on h‚Ä¶ https://t.co/e8jp9JbKhq"
2018-03-22 23:26:23,"If you're not failing once in a while, it probably means you're not stretching yourself. - @LewisPugh #quote‚Ä¶ https://t.co/3k4OOhziIA"
2018-03-22 23:26:05,I do my makeup just to take cute selfies... #ThursdayMotivation #selfies #dogfilter #dadhat #dadswag #scropio‚Ä¶ https://t.co/5YhXFDxDuf
2018-03-22 23:25:36,"""Perfection is not attainable; but, if we chase perfection, we can catch excellence.""-Vince Lombardi #TweetMariese‚Ä¶ https://t.co/qWh3BWSD7U"
2018-03-22 23:24:51,"I did a TEDx Talk! 

#InternationalDayOfHappiness #humor #money #thursdaymotivation #financialliteracy https://t.co/FgTa0ALOUJ"
2018-03-22 23:24:31,"#ThursdayMotivation #NewMusic #newmusicvideo  Catch our newest release .... YA BLOCK THE SUN 

https://t.co/7pvLzt021Q"
2018-03-22 23:23:49,"Always A Gym Gear Goal @malaikaarorakhanofficial .
.
#bollywood #bollywoodactoractress #malaikaarorakhan #gymwear‚Ä¶ https://t.co/bN6irm3dbo"
2018-03-22 23:23:38,"Every relationship requires cultivation.

#CostaRica #puravida #ThursdayMotivation https://t.co/vF5gge5Im7"
2018-03-22 23:23:22,@JeffFlake @Nationals @thehillbaseball Shouldn‚Äôt you be reading the massive Omnibus bill instead of making idiotic‚Ä¶ https://t.co/j8WFFQxNIz
2018-03-22 23:22:04,#ThursdayThoughts #ThursdayMotivation when you find out you can also follow #V1CoachingLtd on #Tumblr https://t.co/HtvX5JJFUs
2018-03-22 23:20:05,"""The Key To Success Might Just Be Joy""  via @PickTheBrain https://t.co/S53pAEyw6C #inspiration #ThursdayMotivation #business #Mentalhealth"
2018-03-22 23:17:47,"The #Winning Trump Economy Welcomes 700,000 New Millionaires in 2017. 
#ThursdayThoughts #ThursdayMotivation #MAGA  https://t.co/F344Px4A5X"
2018-03-22 23:14:49,I want everyone to know that I truly appreciate each and every single one of you who likes and comments my work on‚Ä¶ https://t.co/5CgbYXICZ6
2018-03-22 23:14:10,Want the chance to #WIN a TFS hamper full of @TheFoneStuff #Easter goodies? To enter all you have to do is Follow u‚Ä¶ https://t.co/JorY1NQ8AT
2018-03-22 23:13:54,"#thursdaymotivation When you recognize the power to change the world lies in your own hands, your world changes. If‚Ä¶ https://t.co/9H5r5ZWWjY"
2018-03-22 23:12:29,"Basil Fawlty Is Offended by @realDonaldTrump and His Supporters
https://t.co/hQ7XFmAviW

#nosjournaal #nieuwsuur‚Ä¶ https://t.co/J3JazEKIIS"
2018-03-22 23:11:33,#ThursdayThoughts #ThursdayMotivation when you peep this #wisdom https://t.co/Z9aaIihexJ
2018-03-22 23:11:20,#FactCheck true #FactsMatter #AfternoonDrive #IBOR #ThursdayMotivation #ThursdayThoughts #InternetBillOfRights‚Ä¶ https://t.co/kG2qLtMpCT
2018-03-22 23:10:25,"Seek respect, not attention. It lasts longer #ThursdayMotivation"
2018-03-22 23:09:47,"Yes. Yes, it is.

#ThursdayThoughts #ThursdayMotivation #Focus #inspiration https://t.co/NsnC8zxZxS"
2018-03-22 23:08:56,Look what I found on Mercari! Magic #dragons Choker #necklace #jewelry #hottopic #MarilynManson #robzombie‚Ä¶ https://t.co/Rg54xu6CQp
2018-03-22 23:08:51,"I See You....I Hear You...I Respect You.  A short phrase with so much impact.  It means kindness, it means unity, i‚Ä¶ https://t.co/M0t00luvzE"
2018-03-22 23:08:31,"Public Service Announcement

#ThursdayThoughts #ThursdayMotivation #coffee https://t.co/Q6oySWJeuL"
2018-03-22 23:07:39,I‚Äôm far enough away to know I don‚Äôt have much further to go! #2012vs2018 #ThursdayThoughts #ThursdayMotivation
2018-03-22 23:06:38,Sign sign sign!!!!!! 1/5 NY Children are sexually abused before age 18!!!    #TimesUp #metoo #Kids2 #ChurchToo‚Ä¶ https://t.co/UpAHHz6mrU
2018-03-22 23:05:43,#ColourMagicküì∑üé®4   ‚òÆÔ∏èüê±#ThursdayThoughts  #ThursdayMotivation  I'm seeing things brand new since I became a disciple‚Ä¶ https://t.co/8tgDWlSf3I
2018-03-22 23:04:53,Please me a lifetime supply! #dogs #scottishterrier #scotties #ThursdayMotivation https://t.co/5BgY654tYX
2018-03-22 23:04:24,#ChicagoPD time noo..... #ThursdayThoughts #ThursdayMotivation #tvtime #TVShows #Global
2018-03-22 23:03:15,Heading to @ChicagoKentLaw  for admitted students weekend. 14drives aren't bad until you hit the last two hours of‚Ä¶ https://t.co/v1UwTgqv7a
2018-03-22 23:02:05,Only rest never settle at base camps. We got things to accomplish #ThursdayMotivation #ThursdayThoughts
2018-03-22 23:01:30,Ready for summer @BaskinRobbins #vsco #photography #food #summer #florida #ThursdayMotivation #happy https://t.co/uvwn0pAnpR
2018-03-22 23:01:13,"A man may die, nations may rise and fall, but an idea lives on. Ideas have endurance with out death.-John FitzGeral‚Ä¶ https://t.co/qC3uTVCnbd"
2018-03-22 23:00:57,(  ~ __  * ) Your #dream doesn't have an #expiration #date. Take a deep #breathe and try again.  üíõüß°üíöüíôüíú‚ù§Ô∏èüòé#JoyTrain‚Ä¶ https://t.co/fCrvp73sGR
2018-03-22 23:00:07,We üíô girls who üíú anal @MiaMalkova We ‚ù§Ô∏è this scene: https://t.co/IUvC6reyjs  #ThursdayMotivation #booty #blonde‚Ä¶ https://t.co/9pOLcb1AsW
2018-03-22 23:00:07,John Deere 470GLC shipped by our office from Virginia to North Carolina. DM us for inquiries or if you want to see‚Ä¶ https://t.co/bvSDlVUsjv
2018-03-22 23:00:07,#Management is doing things right; leadership is doing the right things. #PeterDucker #ThursdayMotivation #ThursdayThoughts
2018-03-22 23:00:00,"#Booklovers #bookworms #amreading   #reads #PopBooks #BookWorld #writelife #indiebooks
#BookAddict #books‚Ä¶ https://t.co/u4IFooTsEx"
2018-03-22 22:59:46,Don't miss out the amazing data and inspiration from the @LDCLatino https://t.co/6iXqOyCC0j #IWDleader‚Ä¶ https://t.co/s996bHhmT3
2018-03-22 22:59:00,"@joerogan How about @FoxNews anchors vs @CNN anchors in the undercard?
#ThursdayMotivation 
#Trump"
2018-03-22 22:57:05,"@Education4Libs Excellent thinking.

#FutureSchools
#ThursdayMotivation 
#ThursdayThoughts
#MAGA"
2018-03-22 22:56:32,Dollar General HAUL! Loads of Junkfood Ahead! https://t.co/ChEEGr9apc via #DollarGeneral #Haul #ThursdayThoughts‚Ä¶ https://t.co/YqqqlrPsJb
2018-03-22 22:56:00,Breakfast Rum Club. A quirky dystopian creation story. A cautionary tale. A damn funny story.‚Ä¶ https://t.co/VnLioWWgXT
2018-03-22 22:55:15,This made me spit my drink out üòÇ I think we could all use a laugh. #ThursdayMotivation ? https://t.co/j8CrowMAjX
2018-03-22 22:55:05,"Much like in the game called life, in the game of #basketball if you don‚Äôt try you won‚Äôt fail, but more importantly‚Ä¶ https://t.co/gPIzBpmUY5"
2018-03-22 22:54:53,Welcome to My Channel! https://t.co/k55vTs1RNU via @YouTube #ThursdayThoughts #ThursdayMotivation #MakeAMovieHappy‚Ä¶ https://t.co/XJfMol3oc9
2018-03-22 22:54:37,"By subpoenaing the DOJ and proclaiming Trump‚Äôs innocence, @RepGoodlatte has become the ultimate America traitor, do‚Ä¶ https://t.co/6XvhVdvPE2"
2018-03-22 22:54:12,Even if you don't have a lot of time in the gym certain workouts can help you make the most of your time spent‚Ä¶ https://t.co/YKMJQViX54
2018-03-22 22:54:01,"@DMTechInc you can Believe In!!
Local Family Owned and Trustworthy
Corning CA 
#internationalwomensday2018‚Ä¶ https://t.co/6X0hyPioz6"
2018-03-22 22:53:36,#Breaking: #Trump to replace Gen. H.R. #McMaster with #JohnBolton as national security adviser - via @WSJ #ThursdayMotivation
2018-03-22 22:53:23,"Only A True Wrestling Fan Knows Which Of These Stars Competed At The Most WrestleManias
https://t.co/BvOOgV0fF3‚Ä¶ https://t.co/sKG4bai4ZR"
2018-03-22 22:52:47,Even A Real Wrestling Fan Can't Get 100% On This True Or False @WWE Hall Of Fame Quiz https://t.co/o4y1LlYPiD #WWE‚Ä¶ https://t.co/vPv86nhuxH
2018-03-22 22:52:19,(  ~ __  *  ) #COURAGE  #KINDNESS  #FRIENDSHIP  #CHARACTER These are the #qualities that define us as #human beings‚Ä¶ https://t.co/WRbwK269jo
2018-03-22 22:52:12,"Some1 in the @WhiteHouse get @PotUS @realDonaIdTrump the vocabulary aid that he sorely needs, right @Disney?‚Ä¶ https://t.co/BYGRumVFbn"
2018-03-22 22:51:51,"Take This Wrestling Quiz And We'll Tell You Which McMahon You Are
https://t.co/j1k0Tq0CgL #WWE #Quiz #TV #RAW‚Ä¶ https://t.co/0oH7hodoBD"
2018-03-22 22:50:53,"Take This Wrestling Quiz and We'll Tell You If You'd Main Event #WrestleMania
https://t.co/1ex8ydbjpH #WWE #Quiz‚Ä¶ https://t.co/KNuKJHUMi0"
2018-03-22 22:49:18,SoLeNtElEkT brings a Houston movement to https://t.co/9naEd77MRJ! https://t.co/RToG6TOLbT #ThursdayMotivation #onlineradio #housemusic #DJs
2018-03-22 22:48:12,"How beautiful i the #japanese macro food plate from Taksu in Ubud #Bali?

üëâhttps://t.co/zM63gPIJPn

#PlantBased‚Ä¶ https://t.co/ULDZbXQrAe"
2018-03-22 22:47:36,"https://t.co/6UBHym6k1n
Love this. Referencing higher ed, but equally applies in the workplace. Must read for anyon‚Ä¶ https://t.co/9D2AEB8FRv"
2018-03-22 22:47:19,"@FoxNews @AmbJohnBolton @realDonaldTrump The white house is running like a ""fine-tuned machine"" according to Trump.‚Ä¶ https://t.co/pzqsnCvxD0"
2018-03-22 22:47:17,"Swam for 30minutes, I feel good using my fins. I swim üèäüèº faster now. #Cardio #swimming #fitness #ThursdayMotivation‚Ä¶ https://t.co/33pEDKkXn8"
2018-03-22 22:46:54,"Retweeted Tim Fargo (@tim_fargo):

Human action can be modified to some extent, but human nature cannot be changed.‚Ä¶ https://t.co/wGYtGoQq7s"
2018-03-22 22:46:42,"Don't allow nothing to limit you, no matter how many factors are against you. Don't allow it to stop you from being‚Ä¶ https://t.co/6AU5zt77xU"
2018-03-22 22:44:00,"""Be a girl with a mind, a woman with attitude, and a lady with class"" #contextualposts #ThursdayMotivation #ThursdayThoughts"
2018-03-22 22:43:34,Back to back to back Homeland.... #ThursdayMotivation
2018-03-22 22:43:31,Neo.....................  You think that's air you're breathing??  #Koenigsegg #CCX - CloseUp  #caranddriver‚Ä¶ https://t.co/3tgC7BOWT2
2018-03-22 22:43:18,Pre Spring Break Math Selfie! Love that this was their idea! #ThursdayMotivation #Mathematics #teachingmatters‚Ä¶ https://t.co/zi0BoIJzXE
2018-03-22 22:43:14,"The greatest force in the human body is the natural drive of the body 2 heal itself, but that force is not independ‚Ä¶ https://t.co/bGKhR9JoLg"
2018-03-22 22:40:33,‚òÆÔ∏èüê± #MillennialAQuote #ThursdayThoughts #ThursdayMotivation Wow grandma's favorite singer #JohnBolton is working fo‚Ä¶ https://t.co/Ce6oxEtptj
2018-03-22 22:40:03,Did you know?  Even just 15 minutes of calm a day can recharge your mind... Slow down from the fast pace of life fo‚Ä¶ https://t.co/XT1T8q56ZU
2018-03-22 22:40:00,#Managers must raise awareness of the importance of recognizing the #work of #employees #ThursdayThoughts‚Ä¶ https://t.co/6SLBR5A8bM
2018-03-22 22:39:20,"I hate clipping my fingernails. üôÑüòë

#thursdaythoughts #thursdaymotivation #thingsihate https://t.co/e5VK5AJAxO"
2018-03-22 22:37:21,No one else will be there for you like God and yourself.  You can get through angthing because God‚Äôs there for you‚Ä¶ https://t.co/8jFPpJA6Lr
2018-03-22 22:37:15,"It's all #facts ppl. Just embrace it!
#womensday #womenempowerment #thursdaymotivation #meme‚Ä¶ https://t.co/LftC8F9RHq"
2018-03-22 22:36:37,#MarchForOurLives is a JOKE on all taxpaying adult VOTERS.  When all those who are seated in gov't finds themselves‚Ä¶ https://t.co/UFZQEDm4nf
2018-03-22 22:36:10,"Three Keys to having an effective meeting... https://t.co/3oide5GCFB#encouragement #empowerment #wisdom‚Ä¶ https://t.co/ua6AQirOuR"
2018-03-22 22:35:40,"Do you have a talisman?
#poetry #poems #poetrycommunity #poetryisnotdead #amwriting #words #writerslife‚Ä¶ https://t.co/qATnfaVWy1"
2018-03-22 22:34:54,"You can plan a pretty picnic but you can‚Äôt predict the weather. 

#ThursdayMotivation"
2018-03-22 22:33:55,@TheFoneStuff Want the chance to #WIN a TFS hamper full of @TheFoneStuff #Easter goodies? To enter all you have to‚Ä¶ https://t.co/wLOUMTiALp
2018-03-22 22:32:56,Tonight I just want a chocolate girl to fall asleep on my chest while I rub on her booty!.... #ThursdayMotivation #goals
2018-03-22 22:32:42,"FINALLY! A JOB OFFER! 

Today, my career takes a turning point, guys. So, so chuffed! 

üíôüíôüíôüíôüíôüíôüíôüíôüíôüíôüíô

#writerslife‚Ä¶ https://t.co/dsnD8nqaCs"
2018-03-22 22:32:30,#ThursdayThoughts #ThursdayMotivation when you #subscribe to #V1CoachingLtd Official #YouTube | @YouTube channel fo‚Ä¶ https://t.co/mOhvepc9qC
2018-03-22 22:31:05,I'm trying to get ready for the summertime! #burpees #thursdaymotivation https://t.co/wlgjbXhGd9
2018-03-22 22:30:21,"If you find no joy in what you‚Äôre doing, stop it and find something that does. #hurrylapodcast #ThursdayMotivation https://t.co/zLAbHJaYDj"
2018-03-22 22:30:06,"@DjShiru smashing it up with  Dopper than dope @sksimeonug #ThursdayMotivation TheNewParadiseClub
 https://t.co/vQBdu7PYW2"
2018-03-22 22:30:05,"NEVER ASK! They always make you do ""one more"" every time someone asks if this is the last one! üò´üòÇ‚Ä¶ https://t.co/zwMSl2JsR8"
2018-03-22 22:30:01,Nothing has to change to be perfect. Everything already is. #grateful #ThursdayMotivation #womenempowerthursday https://t.co/LgyGD91gyZ
2018-03-22 22:29:56,"Blissfully happy right now, need never leave my room again üåü ü§© #silentnight #stars #perfection #ThursdayMotivation‚Ä¶ https://t.co/HCXlha7JEL"
2018-03-22 22:29:50,"#ThursdayMotivation   #ThursdayThoughts ‚òÆÔ∏èüê± #MillennialAQuote to be or not to be bad ass, that is the question! https://t.co/CLzTknDj82"
2018-03-22 22:29:25,"@DjShiru smashing it up with Want it remix. @BebeCoolUG #ThursdayMotivation TheNewParadiseClub
 https://t.co/vQBdu7PYW2"
2018-03-22 22:28:59,"@DjShiru smashing it up with  Rara @alhajitekno #ThursdayMotivation TheNewParadiseClub
 https://t.co/vQBdu7PYW2"
2018-03-22 22:28:59,#ThursdayThoughts #ThursdayMotivation when you hear this #WyclefJean | @Wyclef track. Being inspired by hearing whe‚Ä¶ https://t.co/XX5JoHizfn
2018-03-22 22:28:45,"@DjShiru smashing it up with  Champion @JChameleone  #ThursdayMotivation TheNewParadiseClub
 https://t.co/vQBdu7PYW2"
2018-03-22 22:27:54,"Woo hoo! 
#dyslexia bill to become become law in #Kentucky ‚ù§Ô∏è
#ThursdayMotivation #education #mapoli #maleg #MAedu‚Ä¶ https://t.co/gNuYAJaIId"
2018-03-22 22:27:43,"#ThursdayThoughts of awesome freeware dancing in your head?
OlderGeeks(dot)com https://t.co/fWc5zUlOsL
Updated: 3-2‚Ä¶ https://t.co/2YHYZbjq2T"
2018-03-22 22:27:42,A big shout out to all of you!! Thank You! I hit 1k followers on Twitter. #Twitter #marketing #ThankYou #genealogy‚Ä¶ https://t.co/gll6pTMh4I
2018-03-22 22:27:39,"@WhiteHouse THAT'S RIGHT, MR.PRESIDENT...............üëç #ThursdayMotivation  @realDonaldTrump"
2018-03-22 22:27:24,Escape the crowds and enjoy #beachlife at its finest in spectacular #Maldives https://t.co/O1BiTFhoHz #luxurytravel‚Ä¶ https://t.co/KOCuN3wMWq
2018-03-22 22:26:39,Decided to make a little food film  @KraftBrand @kraftcanada @kraftrecipes @KraftSingles #kraftdinner‚Ä¶ https://t.co/mt06Ri3KIQ
2018-03-22 22:26:35,Next week's menu!üç¥üë©üèº‚Äçüç≥ Let us worry about what's for dinner next week! üì≤908-770-2954 #thursdaymotivation #menu‚Ä¶ https://t.co/ddUpr8VRcu
2018-03-22 22:26:04,The secret to winning is to stop caring what other people think. Who are you scared to fail in front of ?‚Ä¶ https://t.co/uLyiwKhP3w
2018-03-22 22:25:37,You Have No Choice When It Comes To Death. But Will You Choose To Live? https://t.co/MEppruWR5m #death #life‚Ä¶ https://t.co/bqbbpYPpHX
2018-03-22 22:23:55,Whatever you hold in your mind on a consistent basis is exactly what you will experience in your life. #quote Tony‚Ä¶ https://t.co/5VkGrZPd4p
2018-03-22 22:23:53,"""Change your thoughts and you change your world."" -Norman Vincent Peale #ThursdayThoughts #ThursdayMotivation #thoughts #quotestoliveby"
2018-03-22 22:23:05,"#ThursdayMotivation
Flex Wheeler
https://t.co/pE2BX6XxlO"
2018-03-22 22:22:45,"‚ÄúMolly‚Äù Out Nowü§üüèæüëΩ

https://t.co/pdGVB2Z6Cx

#Freebeat #producer #typebeat #instrumental #trap #beats #hiphop‚Ä¶ https://t.co/EhZdCAJinS"
2018-03-22 22:21:41,"It is crazy what you can accomplish when you're crazy focused!

#ThursdayMotivation"
2018-03-22 22:21:35,"@DjShiru smashing it up with  Tombala @minayoofficial #ThursdayMotivation TheNewParadiseClub
 https://t.co/vQBdu7PYW2"
2018-03-22 22:21:00,"@DjShiru smashing it up with baana baliwo @ghettokids_tfug   #ThursdayMotivation TheNewParadiseClub
 https://t.co/vQBdu7PYW2"
2018-03-22 22:20:27,"@DjShiru smashing it up with  Gwe abisobola @byaxyug @FFameica #ThursdayMotivation TheNewParadiseClub
 https://t.co/vQBdu7PYW2"
2018-03-22 22:20:19,Our Commercial Crew installing a rooftop unit in Everett. #ThursdayMotivation https://t.co/8mqw7brMWN
2018-03-22 22:18:56,"Either you run the day, or the day runs you - Jim Rohn #ThursdayMotivation"
2018-03-22 22:17:53,"Haha, now this üëáüèºüëáüèºwill be fun!  Ready, Set, Go....ü§ìüìì‚úèÔ∏è‚è≥

#ThursdayMotivation 

Can You Pass An 8th Grade Final Exa‚Ä¶ https://t.co/44ZZbhG0al"
2018-03-22 22:17:47,"Best motivational quote ever!  
#thursdaymotivation #yousuck https://t.co/MCw3d4gaVI"
2018-03-22 22:17:22,Playlist Alert üîä I Love My '90s R&amp;B #Spotify #NowPlaying #NewMusic #NewMusicThursday #ThursdayMotivation‚Ä¶ https://t.co/ubyM0mJzju
2018-03-22 22:17:09,"THERE WAS NO COLLUSION! BELIEVE ME!!

@realDonaldTrump #Resist #BlueWave2018 @LOLGOP @TeaPainUSA @InSpiteOfTrump‚Ä¶ https://t.co/fNTQ3FyzuI"
2018-03-22 22:16:51,"Not your typical plunger...

#ThursdayThoughts 
#ThursdayMotivation 
#Thursday https://t.co/xItmQ9vZJw"
2018-03-22 22:16:51,Whoa didn‚Äôt know @jaketapper has a novel coming out. Now if @amandacarpenter &amp; @KSoltisAnderson co-write a conspira‚Ä¶ https://t.co/i1F3nya3Uv
2018-03-22 22:16:40,"""It is never too late to be what you might have been."" -George Eliot #ThursdayThoughts #QuotesForLife #ThursdayMotivation"
2018-03-22 22:16:17,"@DjShiru smashing it up with  On my way @kingsaha256  #ThursdayMotivation TheNewParadiseClub
 https://t.co/vQBdu7PYW2"
